edad_ingreso,promedio_academico,materias_reprobadas,distancia_hogar_ies_km,puntaje_icfes_percentil,sexo,estado_civil,zona_residencia,departamento,nivel_educativo_padre,nivel_educativo_madre,sector_ies,nivel_formacion,metodologia,area_conocimiento,semestre_cursado,estrato_socioeconomico,anio_registro,trabaja_mientras_estudia,beneficiario_icetex,beneficiario_beca,estado_final
19.0,3.29,1.0,11.62,58.0,Hombre,Soltero,Urbana,Antioquia,Primaria,Primaria,Publico,Universitario,Presencial,Ciencias de la salud,1.0,3.0,2024,0.0,0.0,0.0,Desertor
22.0,3.03,1.0,16.81,55.0,Mujer,Soltero,Urbana,Bogotá D.C.,Bachillerato,Primaria,Privado,Tecnologico,Presencial,Ciencias sociales y humanas,5.0,3.0,2022,0.0,0.0,0.0,Graduado
20.0,5.0,0.0,7.58,100.0,Hombre,Soltero,Urbana,Chocó,Bachillerato,Primaria,Publico,Universitario,Presencial,"Economia, administracion, contaduria y afines",11.0,3.0,2022,0.0,0.0,1.0,Graduado
17.0,3.75,0.0,9.19,52.0,Hombre,Soltero,Rural,Cundinamarca,Primaria,Bachillerato,Publico,Tecnologico,Presencial,"Ingenieria, arquitectura, urbanismo y afines",2.0,3.0,2025,1.0,0.0,0.0,Desertor
26.0,2.66,2.0,11.45,28.0,Hombre,Union libre,Urbana,Santander,Universitario,Bachillerato,Publico,Universitario,Distancia tradicional,"Ingenieria, arquitectura, urbanismo y afines",8.0,2.0,2025,0.0,0.0,0.0,Desertor
19.0,3.49,0.0,7.95,57.0,Mujer,Soltero,Rural,Cundinamarca,Bachillerato,Universitario,Publico,Tecnologico,Presencial,"Economia, administracion, contaduria y afines",12.0,1.0,2023,0.0,1.0,0.0,Graduado
22.0,5.0,0.0,15.54,78.0,Mujer,Union libre,Urbana,Antioquia,Bachillerato,Primaria,Publico,Universitario,Presencial,"Ingenieria, arquitectura, urbanismo y afines",4.0,4.0,2025,1.0,0.0,0.0,Desertor
15.0,3.27,0.0,4.25,59.0,Mujer,Soltero,Urbana,Santander,Universitario,Tecnico,Privado,Tecnologico,Presencial,Bellas artes,1.0,2.0,2025,0.0,0.0,0.0,En curso
20.0,4.24,0.0,4.86,59.0,Mujer,Soltero,Urbana,Risaralda,Primaria,Bachillerato,Publico,Universitario,Presencial,"Ingenieria, arquitectura, urbanismo y afines",4.0,3.0,2021,1.0,0.0,0.0,En curso
19.0,4.33,0.0,21.43,94.0,Mujer,Union libre,Urbana,Santander,Primaria,Primaria,Publico,Universitario,Virtual,"Ingenieria, arquitectura, urbanismo y afines",3.0,1.0,2024,0.0,0.0,0.0,En curso
20.0,3.09,0.0,3.69,62.0,Hombre,Casado,Rural,Atlántico,Ninguno,Universitario,Privado,Universitario,Distancia tradicional,"Economia, administracion, contaduria y afines",3.0,3.0,2025,1.0,0.0,1.0,En curso
25.0,2.83,1.0,12.96,39.0,Hombre,Union libre,Urbana,Atlántico,Primaria,Universitario,Publico,Tecnologico,Presencial,Matematicas y ciencias naturales,10.0,5.0,2024,0.0,0.0,0.0,Graduado
15.0,1.89,3.0,8.86,37.0,Mujer,Soltero,Urbana,Atlántico,Bachillerato,Primaria,Privado,Universitario,Presencial,Ciencias sociales y humanas,10.0,3.0,2023,1.0,1.0,0.0,Desertor
22.0,3.83,1.0,22.89,84.0,Mujer,Soltero,Urbana,Antioquia,Universitario,Primaria,Privado,Universitario,Virtual,"Ingenieria, arquitectura, urbanismo y afines",12.0,1.0,2022,1.0,0.0,0.0,Desertor
19.0,2.67,2.0,4.67,61.0,Mujer,Soltero,Urbana,Córdoba,Bachillerato,Bachillerato,Publico,Universitario,Presencial,Bellas artes,12.0,4.0,2024,1.0,0.0,0.0,Desertor
23.0,4.67,0.0,29.65,76.0,Hombre,Soltero,Rural,Caquetá,Primaria,Tecnico,Privado,Tecnologico,Presencial,"Economia, administracion, contaduria y afines",10.0,1.0,2022,0.0,0.0,0.0,Graduado
16.0,4.34,0.0,7.5,85.0,Hombre,Soltero,Rural,Huila,Tecnico,Ninguno,Privado,Tecnologico,Distancia tradicional,"Ingenieria, arquitectura, urbanismo y afines",1.0,2.0,2023,0.0,0.0,0.0,En curso
24.0,2.35,2.0,6.28,43.0,Mujer,Soltero,Urbana,Bogotá D.C.,Primaria,Universitario,Publico,Universitario,Distancia tradicional,Ciencias sociales y humanas,5.0,2.0,2024,0.0,0.0,0.0,Desertor
19.0,3.63,0.0,4.67,68.0,Hombre,Soltero,Urbana,Bogotá D.C.,Bachillerato,Bachillerato,Publico,Tecnologico,Presencial,"Ingenieria, arquitectura, urbanismo y afines",2.0,3.0,2025,0.0,0.0,0.0,Desertor
17.0,3.09,0.0,16.01,41.0,Hombre,Soltero,Rural,Caldas,Tecnico,Bachillerato,Privado,Tecnologico,Presencial,"Economia, administracion, contaduria y afines",4.0,3.0,2025,1.0,1.0,0.0,En curso
19.0,3.61,1.0,6.66,73.0,Mujer,Soltero,Urbana,Bogotá D.C.,Ninguno,Primaria,Publico,Universitario,Distancia tradicional,"Agronomia, veterinaria y afines",8.0,4.0,2025,0.0,0.0,0.0,En curso
23.0,3.44,1.0,68.28,53.0,Hombre,Soltero,Urbana,Cundinamarca,Universitario,Universitario,Publico,Universitario,Presencial,Ciencias de la salud,3.0,6.0,2024,1.0,0.0,1.0,En curso
19.0,3.52,2.0,7.12,45.0,Hombre,Soltero,Urbana,Tolima,Tecnico,Primaria,Publico,Tecnologico,Presencial,Ciencias de la salud,1.0,2.0,2021,0.0,1.0,1.0,En curso
19.0,2.37,0.0,3.57,32.0,Hombre,Soltero,Urbana,Antioquia,Bachillerato,Bachillerato,Privado,Universitario,Distancia tradicional,"Economia, administracion, contaduria y afines",1.0,6.0,2022,0.0,0.0,0.0,Desertor
15.0,3.44,1.0,16.95,50.0,Hombre,Casado,Urbana,Cundinamarca,Primaria,Bachillerato,Privado,Tecnologico,Presencial,Ciencias de la educacion,11.0,2.0,2025,0.0,1.0,1.0,Graduado
21.0,3.29,0.0,5.45,55.0,Hombre,Soltero,Urbana,Atlántico,Bachillerato,Primaria,Privado,Tecnologico,Presencial,Ciencias sociales y humanas,6.0,4.0,2024,0.0,0.0,0.0,Graduado
22.0,3.23,1.0,14.31,47.0,Hombre,Soltero,Rural,Sucre,Primaria,Bachillerato,Publico,Universitario,Distancia tradicional,Matematicas y ciencias naturales,6.0,3.0,2024,0.0,0.0,0.0,Desertor
15.0,4.29,0.0,13.54,73.0,Mujer,Soltero,Urbana,Valle del Cauca,Bachillerato,Bachillerato,Publico,Universitario,Presencial,Ciencias de la educacion,8.0,2.0,2023,0.0,0.0,0.0,En curso
15.0,3.48,0.0,11.75,57.0,Mujer,Soltero,Rural,Atlántico,Primaria,Primaria,Privado,Universitario,Presencial,"Economia, administracion, contaduria y afines",6.0,2.0,2024,1.0,0.0,0.0,En curso
17.0,3.66,1.0,11.15,45.0,Mujer,Soltero,Rural,Meta,Posgrado,Tecnico,Publico,Tecnico profesional,Virtual,"Agronomia, veterinaria y afines",11.0,2.0,2025,1.0,0.0,1.0,Graduado
24.0,3.8,2.0,1.9,86.0,Hombre,Soltero,Rural,Bogotá D.C.,Tecnico,Primaria,Publico,Universitario,Presencial,"Economia, administracion, contaduria y afines",1.0,2.0,2025,0.0,0.0,0.0,En curso
15.0,3.65,1.0,61.23,71.0,Hombre,Soltero,Urbana,Nariño,Tecnico,Bachillerato,Privado,Tecnico profesional,Distancia tradicional,Matematicas y ciencias naturales,12.0,1.0,2022,0.0,1.0,0.0,Graduado
23.0,3.6,0.0,8.96,73.0,Hombre,Soltero,Urbana,Bogotá D.C.,Primaria,Primaria,Privado,Universitario,Presencial,"Economia, administracion, contaduria y afines",4.0,1.0,2024,0.0,0.0,1.0,En curso
21.0,3.98,0.0,13.35,75.0,Mujer,Soltero,Urbana,Bolívar,Bachillerato,Bachillerato,Publico,Universitario,Distancia tradicional,Ciencias sociales y humanas,1.0,1.0,2024,0.0,0.0,1.0,En curso
20.0,2.96,2.0,1.8,63.0,Hombre,Casado,Rural,Nariño,Primaria,Bachillerato,Privado,Universitario,Presencial,Ciencias de la educacion,11.0,2.0,2022,1.0,1.0,0.0,Desertor
20.0,2.88,1.0,1.03,51.0,Mujer,Union libre,Urbana,Nariño,Universitario,Ninguno,Publico,Tecnologico,Presencial,"Economia, administracion, contaduria y afines",8.0,2.0,2024,1.0,0.0,0.0,Desertor
18.0,3.04,1.0,19.75,41.0,Mujer,Soltero,Urbana,Boyacá,Bachillerato,Bachillerato,Publico,Universitario,Presencial,Ciencias sociales y humanas,4.0,2.0,2025,1.0,0.0,1.0,Desertor
23.0,3.29,0.0,2.92,43.0,Mujer,Soltero,Urbana,Atlántico,Tecnico,Bachillerato,Publico,Universitario,Presencial,"Ingenieria, arquitectura, urbanismo y afines",2.0,3.0,2021,0.0,0.0,1.0,En curso
19.0,3.07,0.0,13.85,62.0,Hombre,Soltero,Rural,Atlántico,Universitario,Bachillerato,Publico,Tecnologico,Distancia tradicional,"Economia, administracion, contaduria y afines",10.0,2.0,2024,1.0,0.0,1.0,Graduado
24.0,3.89,0.0,8.94,49.0,Mujer,Casado,Urbana,La Guajira,Universitario,Bachillerato,Privado,Universitario,Presencial,Ciencias de la educacion,10.0,3.0,2024,0.0,1.0,0.0,Graduado
20.0,3.69,0.0,7.77,66.0,Hombre,Soltero,Urbana,Bogotá D.C.,Ninguno,Posgrado,Privado,Universitario,Presencial,"Agronomia, veterinaria y afines",1.0,2.0,2023,0.0,0.0,0.0,En curso
22.0,2.79,4.0,12.82,53.0,Mujer,Soltero,Urbana,Valle del Cauca,Ninguno,Bachillerato,Publico,Universitario,Presencial,Ciencias sociales y humanas,4.0,2.0,2024,1.0,1.0,0.0,Desertor
18.0,2.94,1.0,27.87,49.0,Hombre,Union libre,Rural,Meta,Bachillerato,Tecnico,Privado,Universitario,Virtual,"Economia, administracion, contaduria y afines",6.0,4.0,2024,0.0,0.0,0.0,En curso
21.0,4.03,2.0,14.56,66.0,Hombre,Union libre,Urbana,Arauca,Bachillerato,Bachillerato,Publico,Universitario,Distancia tradicional,Ciencias de la salud,1.0,3.0,2024,1.0,0.0,0.0,En curso
18.0,3.99,0.0,11.46,64.0,Hombre,Union libre,Rural,Sucre,Tecnico,Tecnico,Privado,Tecnologico,Presencial,"Economia, administracion, contaduria y afines",5.0,2.0,2024,1.0,1.0,0.0,Graduado
21.0,2.29,2.0,6.08,22.0,Hombre,Casado,Urbana,Sucre,Universitario,Tecnico,Privado,Universitario,Presencial,"Economia, administracion, contaduria y afines",3.0,2.0,2024,0.0,0.0,0.0,Desertor
19.0,2.35,2.0,6.63,58.0,Mujer,Soltero,Urbana,Atlántico,Bachillerato,Primaria,Privado,Tecnologico,Presencial,Ciencias de la educacion,8.0,6.0,2022,1.0,0.0,1.0,Graduado
15.0,2.51,1.0,1.11,41.0,Mujer,Soltero,Urbana,Bogotá D.C.,Universitario,Bachillerato,Privado,Tecnologico,Distancia tradicional,Ciencias de la salud,8.0,4.0,2024,0.0,1.0,0.0,Graduado
27.0,4.27,0.0,6.73,83.0,Mujer,Soltero,Urbana,Bogotá D.C.,Primaria,Primaria,Publico,Tecnico profesional,Presencial,Ciencias sociales y humanas,12.0,2.0,2024,0.0,1.0,0.0,Graduado
24.0,3.6,1.0,6.59,47.0,Mujer,Union libre,Urbana,Huila,Tecnico,Primaria,Privado,Universitario,Distancia tradicional,"Economia, administracion, contaduria y afines",10.0,1.0,2022,1.0,0.0,0.0,Graduado
15.0,3.48,0.0,3.79,61.0,Mujer,Union libre,Rural,Cundinamarca,Bachillerato,Bachillerato,Privado,Tecnologico,Presencial,Ciencias de la educacion,4.0,3.0,2023,0.0,0.0,0.0,En curso
25.0,3.73,0.0,9.62,55.0,Hombre,Soltero,Rural,Caquetá,Posgrado,Bachillerato,Publico,Universitario,Presencial,"Ingenieria, arquitectura, urbanismo y afines",12.0,1.0,2023,1.0,0.0,0.0,Desertor
15.0,2.79,0.0,19.07,47.0,Hombre,Soltero,Urbana,Bogotá D.C.,Primaria,Ninguno,Publico,Universitario,Presencial,Ciencias sociales y humanas,5.0,2.0,2021,0.0,1.0,0.0,En curso
19.0,2.77,0.0,4.1,53.0,Mujer,Soltero,Urbana,Cauca,Primaria,Bachillerato,Privado,Universitario,Presencial,"Economia, administracion, contaduria y afines",1.0,2.0,2023,0.0,0.0,1.0,Desertor
22.0,3.52,0.0,10.33,54.0,Hombre,Soltero,Rural,Valle del Cauca,Bachillerato,Primaria,Privado,Universitario,Virtual,"Economia, administracion, contaduria y afines",4.0,5.0,2025,1.0,1.0,0.0,En curso
19.0,3.51,1.0,24.15,70.0,Hombre,Soltero,Urbana,Tolima,Tecnico,Tecnico,Publico,Tecnologico,Presencial,Ciencias de la educacion,3.0,2.0,2023,1.0,0.0,0.0,En curso
18.0,4.04,0.0,4.68,91.0,Mujer,Union libre,Urbana,Valle del Cauca,Bachillerato,Bachillerato,Publico,Universitario,Presencial,Ciencias de la educacion,6.0,1.0,2024,0.0,0.0,0.0,En curso
19.0,2.12,2.0,7.14,39.0,Mujer,Soltero,Rural,Risaralda,Ninguno,Universitario,Privado,Universitario,Presencial,"Economia, administracion, contaduria y afines",4.0,1.0,2024,1.0,0.0,0.0,Desertor
15.0,4.3,0.0,13.56,96.0,Mujer,Soltero,Rural,Santander,Primaria,Bachillerato,Publico,Universitario,Presencial,"Economia, administracion, contaduria y afines",11.0,1.0,2023,0.0,0.0,0.0,Graduado
18.0,3.58,0.0,7.4,60.0,Mujer,Soltero,Urbana,Santander,Universitario,Universitario,Privado,Tecnologico,Distancia tradicional,Ciencias sociales y humanas,2.0,6.0,2025,0.0,1.0,0.0,En curso
18.0,2.37,2.0,4.58,19.0,Mujer,Soltero,Urbana,Valle del Cauca,Bachillerato,Ninguno,Publico,Universitario,Distancia tradicional,Matematicas y ciencias naturales,6.0,4.0,2025,0.0,0.0,0.0,En curso
19.0,1.79,2.0,2.03,43.0,Mujer,Soltero,Rural,Bogotá D.C.,Primaria,Universitario,Privado,Tecnologico,Presencial,Ciencias de la educacion,4.0,3.0,2024,0.0,1.0,0.0,En curso
20.0,2.45,0.0,3.41,23.0,Mujer,Soltero,Urbana,Meta,Primaria,Primaria,Publico,Tecnico profesional,Distancia tradicional,"Ingenieria, arquitectura, urbanismo y afines",6.0,2.0,2023,0.0,0.0,0.0,Graduado
19.0,2.75,2.0,3.39,34.0,Hombre,Soltero,Urbana,Nariño,Universitario,Ninguno,Publico,Universitario,Presencial,"Economia, administracion, contaduria y afines",8.0,3.0,2022,0.0,0.0,1.0,Desertor
16.0,2.31,6.0,2.4,25.0,Hombre,Soltero,Urbana,Valle del Cauca,Primaria,Primaria,Publico,Universitario,Presencial,"Ingenieria, arquitectura, urbanismo y afines",11.0,1.0,2022,1.0,0.0,0.0,Desertor
18.0,3.57,1.0,23.19,55.0,Hombre,Soltero,Urbana,Antioquia,Primaria,Bachillerato,Privado,Tecnologico,Presencial,Ciencias de la salud,6.0,3.0,2023,1.0,0.0,0.0,Graduado
21.0,3.48,2.0,1.67,48.0,Mujer,Union libre,Urbana,Casanare,Posgrado,Tecnico,Privado,Tecnico profesional,Presencial,"Economia, administracion, contaduria y afines",10.0,1.0,2022,0.0,0.0,0.0,Graduado
20.0,3.17,0.0,1.83,52.0,Hombre,Soltero,Urbana,La Guajira,Ninguno,Tecnico,Privado,Tecnologico,Presencial,Ciencias de la salud,6.0,2.0,2025,1.0,1.0,0.0,En curso
20.0,2.52,2.0,9.58,33.0,Mujer,Soltero,Urbana,Arauca,Bachillerato,Primaria,Publico,Universitario,Presencial,Ciencias de la educacion,1.0,1.0,2023,0.0,0.0,0.0,Desertor
20.0,2.84,3.0,11.63,55.0,Hombre,Soltero,Urbana,Santander,Tecnico,Primaria,Publico,Tecnologico,Presencial,Bellas artes,6.0,1.0,2024,0.0,0.0,0.0,Desertor
18.0,3.71,0.0,23.75,85.0,Mujer,Soltero,Urbana,Bogotá D.C.,Primaria,Bachillerato,Publico,Tecnico profesional,Distancia tradicional,Bellas artes,7.0,2.0,2023,0.0,0.0,0.0,Graduado
23.0,2.94,1.0,10.04,53.0,Mujer,Soltero,Urbana,Valle del Cauca,Bachillerato,Tecnico,Privado,Tecnico profesional,Presencial,"Economia, administracion, contaduria y afines",12.0,5.0,2021,0.0,1.0,0.0,Graduado
23.0,2.88,2.0,9.76,46.0,Hombre,Soltero,Urbana,Casanare,Tecnico,Universitario,Publico,Universitario,Presencial,"Agronomia, veterinaria y afines",2.0,2.0,2025,1.0,0.0,0.0,Desertor
17.0,2.2,3.0,4.54,19.0,Hombre,Soltero,Rural,Nariño,Bachillerato,Bachillerato,Publico,Universitario,Presencial,Ciencias de la salud,5.0,3.0,2024,0.0,0.0,0.0,Desertor
18.0,2.45,0.0,5.19,38.0,Mujer,Soltero,Urbana,Quindío,Primaria,Tecnico,Privado,Universitario,Presencial,"Economia, administracion, contaduria y afines",6.0,3.0,2025,1.0,0.0,0.0,Desertor
21.0,3.99,0.0,1.73,81.0,Hombre,Soltero,Urbana,Bogotá D.C.,Bachillerato,Universitario,Privado,Universitario,Presencial,"Ingenieria, arquitectura, urbanismo y afines",8.0,2.0,2025,1.0,0.0,0.0,En curso
25.0,2.19,2.0,13.29,55.0,Hombre,Soltero,Urbana,Antioquia,Tecnico,Primaria,Publico,Universitario,Distancia tradicional,"Ingenieria, arquitectura, urbanismo y afines",11.0,4.0,2025,0.0,1.0,1.0,Desertor
18.0,2.89,4.0,4.65,34.0,Hombre,Soltero,Urbana,Quindío,Universitario,Primaria,Publico,Universitario,Presencial,"Ingenieria, arquitectura, urbanismo y afines",6.0,2.0,2024,0.0,0.0,0.0,Desertor
18.0,3.55,0.0,3.11,57.0,Mujer,Union libre,Urbana,Arauca,Universitario,Universitario,Publico,Universitario,Presencial,"Ingenieria, arquitectura, urbanismo y afines",5.0,3.0,2022,1.0,0.0,0.0,En curso
24.0,3.47,3.0,4.69,79.0,Mujer,Soltero,Urbana,Antioquia,Posgrado,Bachillerato,Privado,Universitario,Presencial,"Agronomia, veterinaria y afines",1.0,1.0,2025,1.0,0.0,0.0,En curso
20.0,2.12,1.0,4.17,33.0,Mujer,Soltero,Rural,Cesar,Tecnico,Bachillerato,Privado,Universitario,Distancia tradicional,Bellas artes,5.0,3.0,2024,0.0,0.0,1.0,Desertor
23.0,2.71,4.0,19.31,8.0,Hombre,Casado,Urbana,Sucre,Tecnico,Bachillerato,Privado,Tecnico profesional,Presencial,Ciencias de la salud,9.0,1.0,2025,0.0,0.0,0.0,Desertor
20.0,2.92,2.0,3.88,28.0,Mujer,Otro,Urbana,Caldas,Bachillerato,Bachillerato,Privado,Universitario,Presencial,Ciencias de la salud,7.0,3.0,2022,0.0,0.0,0.0,Desertor
19.0,2.44,2.0,5.77,43.0,Hombre,Soltero,Urbana,Bogotá D.C.,Primaria,Bachillerato,Privado,Tecnologico,Presencial,"Economia, administracion, contaduria y afines",7.0,3.0,2025,0.0,1.0,1.0,Desertor
18.0,3.03,0.0,12.7,55.0,Hombre,Soltero,Rural,Boyacá,Bachillerato,Tecnico,Publico,Universitario,Presencial,"Ingenieria, arquitectura, urbanismo y afines",9.0,3.0,2021,0.0,0.0,1.0,Desertor
20.0,3.87,0.0,1.76,59.0,Hombre,Soltero,Urbana,Valle del Cauca,Bachillerato,Tecnico,Publico,Universitario,Presencial,Matematicas y ciencias naturales,3.0,1.0,2022,1.0,0.0,1.0,En curso
22.0,1.02,1.0,12.14,15.0,Hombre,Soltero,Rural,Nariño,Tecnico,Universitario,Publico,Tecnico profesional,Virtual,"Economia, administracion, contaduria y afines",9.0,2.0,2021,0.0,0.0,0.0,Desertor
20.0,4.71,0.0,7.33,99.0,Hombre,Soltero,Urbana,Risaralda,Tecnico,Bachillerato,Publico,Tecnologico,Distancia tradicional,Ciencias de la salud,1.0,2.0,2023,0.0,0.0,0.0,En curso
20.0,2.24,3.0,21.45,30.0,Mujer,Soltero,Urbana,Valle del Cauca,Tecnico,Primaria,Privado,Tecnico profesional,Presencial,"Economia, administracion, contaduria y afines",9.0,3.0,2023,0.0,1.0,0.0,Graduado
17.0,4.15,1.0,3.83,65.0,Hombre,Soltero,Urbana,Santander,Primaria,Universitario,Publico,Universitario,Presencial,"Ingenieria, arquitectura, urbanismo y afines",2.0,6.0,2023,1.0,1.0,1.0,En curso
21.0,3.55,1.0,0.93,66.0,Hombre,Soltero,Rural,Bogotá D.C.,Bachillerato,Primaria,Privado,Universitario,Presencial,Ciencias de la educacion,6.0,1.0,2024,1.0,1.0,0.0,En curso
23.0,3.77,0.0,17.79,62.0,Mujer,Union libre,Rural,Magdalena,Ninguno,Primaria,Publico,Tecnologico,Presencial,"Ingenieria, arquitectura, urbanismo y afines",9.0,4.0,2025,1.0,0.0,0.0,Graduado
15.0,3.87,2.0,19.4,60.0,Mujer,Soltero,Urbana,Atlántico,Ninguno,Ninguno,Privado,Universitario,Presencial,Ciencias de la educacion,2.0,2.0,2025,0.0,0.0,0.0,En curso
24.0,3.8,2.0,10.86,71.0,Hombre,Soltero,Urbana,Cundinamarca,Tecnico,Bachillerato,Privado,Tecnologico,Presencial,Ciencias de la salud,10.0,3.0,2021,0.0,0.0,0.0,Graduado
16.0,4.42,0.0,3.41,80.0,Hombre,Soltero,Urbana,Atlántico,Tecnico,Universitario,Publico,Universitario,Virtual,"Ingenieria, arquitectura, urbanismo y afines",11.0,2.0,2022,0.0,0.0,1.0,Graduado
17.0,3.02,1.0,18.4,46.0,Hombre,Casado,Urbana,Cauca,Universitario,Bachillerato,Privado,Universitario,Presencial,Matematicas y ciencias naturales,5.0,3.0,2022,0.0,0.0,1.0,En curso
22.0,3.0,2.0,43.57,55.0,Mujer,Soltero,Urbana,Magdalena,Ninguno,Bachillerato,Publico,Universitario,Distancia tradicional,"Agronomia, veterinaria y afines",9.0,2.0,2022,1.0,1.0,0.0,En curso
22.0,2.39,5.0,7.27,41.0,Hombre,Soltero,Urbana,Antioquia,Bachillerato,Ninguno,Publico,Tecnico profesional,Presencial,"Economia, administracion, contaduria y afines",8.0,2.0,2024,0.0,0.0,1.0,Graduado
24.0,3.65,1.0,2.85,49.0,Mujer,Soltero,Urbana,Bogotá D.C.,Bachillerato,Universitario,Publico,Universitario,Virtual,"Economia, administracion, contaduria y afines",12.0,2.0,2025,0.0,1.0,0.0,Graduado
20.0,1.97,6.0,11.18,24.0,Hombre,Soltero,Urbana,Antioquia,Primaria,Primaria,Privado,Tecnologico,Presencial,"Agronomia, veterinaria y afines",6.0,1.0,2022,1.0,0.0,0.0,Desertor
19.0,4.19,1.0,3.43,58.0,Mujer,Union libre,Rural,Arauca,Bachillerato,Primaria,Privado,Tecnologico,Presencial,"Economia, administracion, contaduria y afines",7.0,2.0,2023,0.0,1.0,0.0,Graduado
15.0,3.19,0.0,3.48,71.0,Hombre,Soltero,Urbana,Huila,Primaria,Bachillerato,Publico,Universitario,Presencial,Ciencias de la salud,5.0,1.0,2021,0.0,0.0,0.0,Desertor
22.0,4.32,0.0,11.02,83.0,Hombre,Soltero,Urbana,Norte de Santander,Primaria,Bachillerato,Publico,Universitario,Presencial,"Economia, administracion, contaduria y afines",8.0,2.0,2024,0.0,1.0,0.0,En curso
22.0,3.57,0.0,10.66,29.0,Mujer,Casado,Urbana,Putumayo,Tecnico,Posgrado,Publico,Tecnologico,Distancia tradicional,Ciencias sociales y humanas,8.0,3.0,2024,1.0,1.0,0.0,Graduado
25.0,3.49,0.0,4.8,63.0,Mujer,Soltero,Urbana,Valle del Cauca,Tecnico,Bachillerato,Privado,Tecnologico,Presencial,"Agronomia, veterinaria y afines",1.0,4.0,2025,0.0,0.0,0.0,En curso
24.0,2.64,1.0,4.84,32.0,Hombre,Casado,Urbana,Caldas,Primaria,Ninguno,Privado,Universitario,Presencial,"Economia, administracion, contaduria y afines",1.0,3.0,2023,0.0,1.0,0.0,En curso
21.0,3.6,1.0,19.19,69.0,Hombre,Soltero,Urbana,Antioquia,Bachillerato,Primaria,Privado,Universitario,Presencial,"Economia, administracion, contaduria y afines",9.0,2.0,2025,0.0,0.0,1.0,Desertor
15.0,2.63,1.0,6.66,40.0,Hombre,Casado,Urbana,Boyacá,Bachillerato,Bachillerato,Publico,Universitario,Presencial,"Economia, administracion, contaduria y afines",11.0,2.0,2022,0.0,0.0,0.0,Graduado
15.0,3.45,1.0,17.57,82.0,Mujer,Soltero,Rural,Antioquia,Bachillerato,Bachillerato,Privado,Universitario,Presencial,"Ingenieria, arquitectura, urbanismo y afines",8.0,3.0,2024,1.0,0.0,0.0,En curso
18.0,3.58,3.0,8.54,59.0,Mujer,Soltero,Urbana,Sucre,Posgrado,Universitario,Publico,Universitario,Presencial,Ciencias sociales y humanas,11.0,3.0,2024,0.0,0.0,1.0,Graduado
16.0,4.23,0.0,3.42,66.0,Hombre,Soltero,Rural,Bogotá D.C.,Bachillerato,Universitario,Privado,Tecnico profesional,Distancia tradicional,"Economia, administracion, contaduria y afines",1.0,3.0,2022,0.0,1.0,0.0,Graduado
21.0,3.72,1.0,25.95,48.0,Hombre,Soltero,Urbana,Antioquia,Bachillerato,Bachillerato,Privado,Universitario,Presencial,"Economia, administracion, contaduria y afines",4.0,5.0,2025,0.0,0.0,0.0,Desertor
19.0,3.59,1.0,14.77,68.0,Hombre,Union libre,Urbana,Bolívar,Primaria,Tecnico,Publico,Universitario,Distancia tradicional,"Economia, administracion, contaduria y afines",11.0,1.0,2024,1.0,0.0,0.0,Graduado
17.0,4.15,0.0,58.59,81.0,Mujer,Soltero,Urbana,Antioquia,Bachillerato,Ninguno,Privado,Universitario,Presencial,Bellas artes,9.0,2.0,2024,0.0,0.0,0.0,En curso
20.0,3.53,0.0,26.55,57.0,Hombre,Soltero,Urbana,Bolívar,Universitario,Primaria,Publico,Tecnologico,Presencial,"Ingenieria, arquitectura, urbanismo y afines",1.0,3.0,2025,1.0,0.0,1.0,Desertor
25.0,3.33,1.0,25.91,67.0,Hombre,Soltero,Rural,Cauca,Primaria,Bachillerato,Privado,Universitario,Presencial,Ciencias de la salud,1.0,3.0,2024,0.0,0.0,0.0,En curso
15.0,4.04,0.0,19.17,71.0,Mujer,Soltero,Urbana,Quindío,Bachillerato,Bachillerato,Publico,Universitario,Presencial,Ciencias de la salud,7.0,1.0,2024,0.0,0.0,0.0,En curso
17.0,2.91,1.0,16.94,37.0,Hombre,Soltero,Urbana,Santander,Primaria,Bachillerato,Publico,Universitario,Presencial,"Ingenieria, arquitectura, urbanismo y afines",11.0,3.0,2024,0.0,1.0,0.0,Graduado
18.0,2.44,4.0,6.87,32.0,Hombre,Union libre,Urbana,Santander,Primaria,Bachillerato,Privado,Tecnico profesional,Virtual,"Ingenieria, arquitectura, urbanismo y afines",10.0,3.0,2021,0.0,0.0,0.0,Desertor
25.0,4.58,1.0,6.86,80.0,Hombre,Casado,Urbana,Caldas,Bachillerato,Primaria,Publico,Tecnologico,Distancia tradicional,"Ingenieria, arquitectura, urbanismo y afines",10.0,2.0,2025,1.0,0.0,0.0,Graduado
22.0,4.6,0.0,13.99,77.0,Hombre,Soltero,Urbana,Cundinamarca,Bachillerato,Bachillerato,Publico,Universitario,Virtual,"Ingenieria, arquitectura, urbanismo y afines",2.0,2.0,2025,0.0,0.0,0.0,En curso
21.0,2.91,0.0,4.31,50.0,Mujer,Soltero,Rural,Bogotá D.C.,Bachillerato,Primaria,Privado,Tecnologico,Distancia tradicional,"Ingenieria, arquitectura, urbanismo y afines",3.0,2.0,2022,0.0,0.0,0.0,Graduado
20.0,3.79,1.0,5.09,76.0,Hombre,Soltero,Urbana,Bogotá D.C.,Primaria,Bachillerato,Privado,Universitario,Presencial,Ciencias sociales y humanas,8.0,5.0,2022,1.0,0.0,0.0,En curso
23.0,2.72,2.0,6.07,29.0,Mujer,Soltero,Urbana,Caldas,Posgrado,Tecnico,Privado,Universitario,Presencial,"Agronomia, veterinaria y afines",3.0,2.0,2025,0.0,0.0,1.0,Desertor
21.0,3.97,2.0,15.27,70.0,Mujer,Soltero,Urbana,Bogotá D.C.,Bachillerato,Tecnico,Privado,Universitario,Presencial,"Ingenieria, arquitectura, urbanismo y afines",5.0,1.0,2025,0.0,1.0,0.0,En curso
23.0,3.93,2.0,17.12,48.0,Mujer,Soltero,Urbana,Córdoba,Bachillerato,Universitario,Publico,Universitario,Presencial,"Ingenieria, arquitectura, urbanismo y afines",12.0,5.0,2025,1.0,0.0,0.0,Graduado
21.0,3.67,3.0,6.84,71.0,Hombre,Soltero,Urbana,Tolima,Tecnico,Bachillerato,Publico,Universitario,Distancia tradicional,"Economia, administracion, contaduria y afines",3.0,2.0,2025,0.0,0.0,0.0,Desertor
17.0,4.45,0.0,3.47,90.0,Mujer,Soltero,Rural,Nariño,Primaria,Bachillerato,Privado,Universitario,Presencial,"Ingenieria, arquitectura, urbanismo y afines",4.0,2.0,2022,0.0,0.0,0.0,En curso
17.0,2.08,3.0,9.47,30.0,Hombre,Soltero,Rural,Córdoba,Bachillerato,Bachillerato,Publico,Tecnologico,Distancia tradicional,"Economia, administracion, contaduria y afines",3.0,2.0,2021,0.0,0.0,1.0,Desertor
17.0,4.06,1.0,4.34,60.0,Mujer,Union libre,Rural,Antioquia,Bachillerato,Bachillerato,Publico,Tecnologico,Presencial,"Economia, administracion, contaduria y afines",10.0,2.0,2024,1.0,0.0,0.0,Graduado
21.0,3.48,1.0,25.51,51.0,Hombre,Soltero,Urbana,Antioquia,Ninguno,Primaria,Privado,Tecnico profesional,Distancia tradicional,Ciencias de la educacion,4.0,3.0,2024,0.0,0.0,0.0,Graduado
20.0,4.39,1.0,2.27,48.0,Mujer,Soltero,Urbana,Bogotá D.C.,Bachillerato,Bachillerato,Privado,Tecnico profesional,Presencial,Ciencias de la salud,11.0,5.0,2022,0.0,0.0,0.0,Graduado
18.0,3.4,3.0,8.57,41.0,Mujer,Soltero,Urbana,La Guajira,Primaria,Bachillerato,Publico,Tecnologico,Presencial,Ciencias de la salud,2.0,1.0,2023,0.0,0.0,0.0,En curso
23.0,3.65,0.0,1.69,55.0,Mujer,Soltero,Urbana,La Guajira,Bachillerato,Ninguno,Privado,Universitario,Presencial,"Economia, administracion, contaduria y afines",6.0,3.0,2022,0.0,0.0,0.0,En curso
20.0,3.23,0.0,27.58,48.0,Hombre,Soltero,Rural,Valle del Cauca,Primaria,Universitario,Privado,Universitario,Virtual,"Economia, administracion, contaduria y afines",1.0,2.0,2025,0.0,0.0,0.0,En curso
24.0,3.24,2.0,10.71,50.0,Mujer,Soltero,Urbana,Santander,Tecnico,Universitario,Publico,Tecnico profesional,Distancia tradicional,Ciencias de la salud,7.0,2.0,2023,1.0,0.0,0.0,Graduado
16.0,3.87,0.0,7.21,50.0,Hombre,Soltero,Urbana,Caldas,Primaria,Universitario,Privado,Universitario,Virtual,Ciencias sociales y humanas,5.0,4.0,2024,1.0,0.0,0.0,En curso
15.0,2.86,2.0,15.59,51.0,Mujer,Soltero,Urbana,Nariño,Primaria,Universitario,Privado,Universitario,Distancia tradicional,Ciencias sociales y humanas,6.0,4.0,2022,1.0,0.0,0.0,En curso
17.0,3.6,1.0,4.92,55.0,Mujer,Soltero,Urbana,Cauca,Primaria,Bachillerato,Publico,Tecnologico,Presencial,"Ingenieria, arquitectura, urbanismo y afines",7.0,1.0,2022,1.0,1.0,0.0,Desertor
20.0,3.34,0.0,2.98,65.0,Mujer,Soltero,Urbana,Bolívar,Primaria,Tecnico,Privado,Universitario,Presencial,"Agronomia, veterinaria y afines",2.0,1.0,2025,1.0,1.0,0.0,En curso
20.0,4.25,1.0,14.98,69.0,Mujer,Soltero,Urbana,Cundinamarca,Primaria,Bachillerato,Publico,Universitario,Presencial,"Economia, administracion, contaduria y afines",10.0,1.0,2024,0.0,0.0,1.0,En curso
17.0,2.27,3.0,2.53,32.0,Hombre,Union libre,Urbana,Cundinamarca,Universitario,Ninguno,Publico,Tecnologico,Distancia tradicional,"Economia, administracion, contaduria y afines",11.0,3.0,2025,0.0,0.0,0.0,Graduado
19.0,4.29,0.0,4.8,94.0,Hombre,Soltero,Urbana,Risaralda,Primaria,Tecnico,Publico,Universitario,Presencial,"Agronomia, veterinaria y afines",1.0,3.0,2025,0.0,1.0,0.0,En curso
23.0,3.97,0.0,3.89,61.0,Hombre,Soltero,Urbana,Atlántico,Bachillerato,Bachillerato,Publico,Universitario,Presencial,Ciencias sociales y humanas,1.0,2.0,2025,1.0,1.0,0.0,En curso
18.0,3.31,1.0,1.79,69.0,Mujer,Soltero,Urbana,Antioquia,Bachillerato,Primaria,Privado,Universitario,Presencial,Ciencias de la salud,6.0,1.0,2023,1.0,0.0,0.0,En curso
18.0,2.82,0.0,18.52,55.0,Hombre,Soltero,Urbana,Bogotá D.C.,Bachillerato,Bachillerato,Privado,Universitario,Presencial,"Economia, administracion, contaduria y afines",9.0,1.0,2025,1.0,1.0,1.0,Desertor
17.0,3.61,0.0,2.7,64.0,Mujer,Soltero,Urbana,Cauca,Primaria,Bachillerato,Publico,Tecnologico,Presencial,Ciencias sociales y humanas,11.0,2.0,2022,0.0,0.0,0.0,Graduado
19.0,3.67,1.0,30.05,77.0,Mujer,Union libre,Urbana,Huila,Primaria,Bachillerato,Publico,Universitario,Presencial,Ciencias de la educacion,5.0,3.0,2024,0.0,0.0,0.0,En curso
20.0,2.88,3.0,5.75,39.0,Mujer,Soltero,Urbana,Cesar,Bachillerato,Bachillerato,Privado,Tecnologico,Presencial,Ciencias sociales y humanas,8.0,2.0,2025,1.0,1.0,0.0,Desertor
23.0,3.81,0.0,7.25,56.0,Mujer,Soltero,Urbana,Bogotá D.C.,Posgrado,Tecnico,Privado,Tecnico profesional,Distancia tradicional,"Agronomia, veterinaria y afines",9.0,3.0,2025,0.0,0.0,0.0,Graduado
20.0,4.28,0.0,13.74,57.0,Hombre,Union libre,Rural,Putumayo,Bachillerato,Bachillerato,Publico,Tecnico profesional,Virtual,Ciencias de la educacion,5.0,2.0,2025,0.0,1.0,1.0,Graduado
22.0,3.61,1.0,6.28,39.0,Mujer,Soltero,Urbana,Atlántico,Bachillerato,Primaria,Publico,Tecnico profesional,Presencial,Ciencias de la salud,12.0,2.0,2021,1.0,0.0,0.0,Desertor
22.0,4.37,0.0,6.37,75.0,Mujer,Soltero,Urbana,Cundinamarca,Bachillerato,Bachillerato,Privado,Tecnologico,Presencial,"Economia, administracion, contaduria y afines",10.0,2.0,2025,0.0,1.0,0.0,Graduado
20.0,2.44,0.0,2.25,22.0,Mujer,Soltero,Rural,Tolima,Posgrado,Bachillerato,Privado,Tecnico profesional,Virtual,"Economia, administracion, contaduria y afines",3.0,2.0,2024,0.0,1.0,1.0,Desertor
21.0,4.45,0.0,21.19,72.0,Hombre,Soltero,Rural,Nariño,Tecnico,Primaria,Publico,Tecnico profesional,Distancia tradicional,Ciencias de la educacion,9.0,3.0,2024,1.0,0.0,0.0,Graduado
20.0,2.03,1.0,4.82,14.0,Hombre,Soltero,Urbana,Santander,Primaria,Primaria,Privado,Universitario,Presencial,"Ingenieria, arquitectura, urbanismo y afines",3.0,3.0,2025,1.0,0.0,0.0,Desertor
21.0,3.41,0.0,2.94,82.0,Hombre,Casado,Urbana,Bogotá D.C.,Bachillerato,Bachillerato,Publico,Universitario,Presencial,Ciencias sociales y humanas,9.0,5.0,2025,0.0,0.0,0.0,En curso
20.0,3.2,1.0,6.88,49.0,Hombre,Soltero,Urbana,Valle del Cauca,Bachillerato,Tecnico,Publico,Tecnologico,Presencial,"Economia, administracion, contaduria y afines",2.0,3.0,2025,1.0,0.0,0.0,En curso
21.0,3.53,0.0,18.67,45.0,Mujer,Soltero,Urbana,Risaralda,Bachillerato,Primaria,Publico,Tecnologico,Presencial,"Ingenieria, arquitectura, urbanismo y afines",2.0,5.0,2024,1.0,0.0,0.0,En curso
24.0,3.49,0.0,5.4,76.0,Mujer,Soltero,Urbana,Cauca,Primaria,Ninguno,Publico,Universitario,Presencial,"Ingenieria, arquitectura, urbanismo y afines",7.0,3.0,2022,0.0,0.0,0.0,En curso
21.0,3.48,0.0,3.13,53.0,Hombre,Soltero,Urbana,Bogotá D.C.,Universitario,Primaria,Privado,Universitario,Distancia tradicional,"Economia, administracion, contaduria y afines",7.0,3.0,2024,0.0,0.0,0.0,En curso
17.0,3.08,1.0,19.55,40.0,Hombre,Soltero,Urbana,Antioquia,Bachillerato,Bachillerato,Privado,Universitario,Virtual,Ciencias sociales y humanas,9.0,4.0,2025,1.0,0.0,0.0,Graduado
15.0,3.72,0.0,0.96,58.0,Mujer,Casado,Urbana,Atlántico,Bachillerato,Bachillerato,Publico,Universitario,Distancia tradicional,Ciencias sociales y humanas,9.0,4.0,2024,0.0,0.0,0.0,Graduado
21.0,2.65,2.0,26.33,62.0,Hombre,Soltero,Urbana,Meta,Bachillerato,Bachillerato,Privado,Tecnologico,Presencial,Ciencias sociales y humanas,6.0,2.0,2022,0.0,0.0,0.0,Desertor
20.0,2.76,1.0,19.02,38.0,Hombre,Union libre,Urbana,Norte de Santander,Tecnico,Primaria,Privado,Universitario,Virtual,Ciencias de la educacion,4.0,2.0,2025,1.0,0.0,0.0,Desertor
15.0,3.1,2.0,14.09,52.0,Hombre,Soltero,Urbana,Bogotá D.C.,Bachillerato,Primaria,Privado,Universitario,Presencial,Bellas artes,12.0,2.0,2023,0.0,1.0,1.0,Graduado
21.0,2.04,3.0,9.46,58.0,Mujer,Soltero,Urbana,Bogotá D.C.,Primaria,Bachillerato,Privado,Tecnologico,Presencial,Ciencias sociales y humanas,12.0,2.0,2025,0.0,0.0,0.0,Desertor
17.0,3.8,1.0,4.76,38.0,Mujer,Soltero,Rural,Tolima,Posgrado,Bachillerato,Privado,Universitario,Distancia tradicional,Ciencias sociales y humanas,9.0,4.0,2023,1.0,1.0,0.0,En curso
19.0,3.51,2.0,5.09,93.0,Hombre,Soltero,Urbana,Antioquia,Tecnico,Primaria,Publico,Universitario,Virtual,Ciencias de la educacion,2.0,1.0,2025,1.0,0.0,0.0,En curso
21.0,3.17,2.0,11.18,49.0,Mujer,Soltero,Urbana,Bogotá D.C.,Universitario,Primaria,Privado,Tecnologico,Presencial,Ciencias de la educacion,4.0,1.0,2024,1.0,0.0,1.0,En curso
17.0,3.79,0.0,10.71,71.0,Hombre,Soltero,Urbana,Atlántico,Bachillerato,Ninguno,Privado,Universitario,Presencial,"Economia, administracion, contaduria y afines",12.0,1.0,2023,1.0,0.0,0.0,Desertor
25.0,3.67,0.0,10.19,78.0,Hombre,Soltero,Urbana,Boyacá,Primaria,Bachillerato,Publico,Universitario,Presencial,Ciencias de la salud,9.0,2.0,2023,0.0,0.0,0.0,En curso
20.0,3.59,1.0,18.2,44.0,Mujer,Soltero,Urbana,Bogotá D.C.,Bachillerato,Universitario,Privado,Universitario,Presencial,"Agronomia, veterinaria y afines",8.0,2.0,2025,1.0,0.0,1.0,Graduado
19.0,2.56,0.0,5.5,40.0,Mujer,Soltero,Urbana,Santander,Primaria,Tecnico,Publico,Tecnico profesional,Presencial,"Economia, administracion, contaduria y afines",8.0,3.0,2021,1.0,1.0,0.0,Graduado
18.0,2.9,0.0,13.64,65.0,Mujer,Casado,Urbana,Antioquia,Bachillerato,Bachillerato,Publico,Universitario,Distancia tradicional,"Ingenieria, arquitectura, urbanismo y afines",9.0,3.0,2024,0.0,0.0,0.0,En curso
22.0,2.79,0.0,17.15,28.0,Mujer,Soltero,Rural,Cundinamarca,Bachillerato,Bachillerato,Privado,Universitario,Presencial,"Economia, administracion, contaduria y afines",1.0,3.0,2024,1.0,0.0,0.0,Desertor
26.0,3.46,3.0,40.08,52.0,Hombre,Casado,Urbana,Casanare,Bachillerato,Tecnico,Publico,Universitario,Presencial,"Ingenieria, arquitectura, urbanismo y afines",8.0,3.0,2025,0.0,0.0,0.0,Desertor
17.0,2.98,1.0,3.69,76.0,Mujer,Soltero,Rural,La Guajira,Bachillerato,Bachillerato,Publico,Tecnologico,Distancia tradicional,Bellas artes,3.0,2.0,2023,0.0,0.0,0.0,En curso
18.0,3.96,2.0,5.75,68.0,Hombre,Soltero,Rural,Quindío,Primaria,Tecnico,Privado,Universitario,Presencial,"Ingenieria, arquitectura, urbanismo y afines",1.0,1.0,2022,0.0,1.0,0.0,En curso
20.0,3.87,0.0,6.84,76.0,Mujer,Union libre,Urbana,Cundinamarca,Tecnico,Ninguno,Publico,Universitario,Presencial,Ciencias sociales y humanas,5.0,3.0,2022,1.0,1.0,1.0,En curso
21.0,3.53,1.0,5.79,44.0,Mujer,Soltero,Urbana,Atlántico,Tecnico,Bachillerato,Privado,Tecnologico,Distancia tradicional,Ciencias sociales y humanas,9.0,4.0,2023,1.0,1.0,0.0,Desertor
15.0,4.12,0.0,1.71,86.0,Hombre,Union libre,Urbana,Valle del Cauca,Bachillerato,Primaria,Publico,Universitario,Virtual,"Ingenieria, arquitectura, urbanismo y afines",2.0,4.0,2024,0.0,0.0,1.0,En curso
21.0,4.3,0.0,7.49,72.0,Mujer,Soltero,Urbana,Cauca,Tecnico,Bachillerato,Privado,Tecnologico,Distancia tradicional,"Ingenieria, arquitectura, urbanismo y afines",9.0,1.0,2022,0.0,0.0,0.0,Graduado
20.0,2.89,1.0,2.55,41.0,Hombre,Soltero,Urbana,Valle del Cauca,Universitario,Primaria,Privado,Tecnologico,Presencial,"Ingenieria, arquitectura, urbanismo y afines",1.0,1.0,2023,0.0,0.0,0.0,Desertor
16.0,3.46,3.0,12.51,58.0,Hombre,Soltero,Urbana,Santander,Bachillerato,Posgrado,Privado,Universitario,Presencial,Ciencias sociales y humanas,4.0,5.0,2025,0.0,0.0,0.0,En curso
15.0,4.38,1.0,18.96,57.0,Mujer,Soltero,Urbana,Chocó,Posgrado,Primaria,Privado,Universitario,Presencial,"Ingenieria, arquitectura, urbanismo y afines",5.0,1.0,2022,1.0,1.0,0.0,En curso
23.0,2.91,2.0,8.33,50.0,Hombre,Soltero,Urbana,Bogotá D.C.,Tecnico,Universitario,Privado,Universitario,Presencial,Ciencias de la educacion,5.0,1.0,2024,1.0,0.0,0.0,En curso
17.0,4.38,0.0,2.73,98.0,Mujer,Soltero,Urbana,Antioquia,Bachillerato,Bachillerato,Privado,Universitario,Distancia tradicional,Bellas artes,12.0,5.0,2021,1.0,1.0,0.0,Graduado
19.0,2.44,0.0,27.92,63.0,Hombre,Soltero,Urbana,Antioquia,Bachillerato,Bachillerato,Privado,Universitario,Presencial,"Agronomia, veterinaria y afines",5.0,4.0,2024,0.0,0.0,0.0,En curso
16.0,3.05,0.0,3.04,63.0,Mujer,Soltero,Urbana,Valle del Cauca,Bachillerato,Primaria,Publico,Tecnologico,Distancia tradicional,"Ingenieria, arquitectura, urbanismo y afines",4.0,2.0,2022,0.0,0.0,0.0,Graduado
18.0,3.04,2.0,20.17,30.0,Hombre,Soltero,Urbana,Santander,Primaria,Bachillerato,Privado,Universitario,Virtual,"Ingenieria, arquitectura, urbanismo y afines",10.0,3.0,2021,0.0,1.0,1.0,Graduado
18.0,2.54,1.0,8.62,50.0,Hombre,Union libre,Urbana,Bogotá D.C.,Bachillerato,Universitario,Publico,Universitario,Presencial,Ciencias sociales y humanas,7.0,2.0,2025,0.0,0.0,0.0,Desertor
17.0,3.6,1.0,8.37,83.0,Mujer,Soltero,Urbana,Antioquia,Bachillerato,Primaria,Publico,Universitario,Distancia tradicional,Matematicas y ciencias naturales,1.0,1.0,2025,0.0,0.0,0.0,En curso
18.0,3.77,0.0,8.29,55.0,Mujer,Soltero,Urbana,Atlántico,Universitario,Tecnico,Privado,Tecnologico,Presencial,Matematicas y ciencias naturales,5.0,2.0,2023,1.0,0.0,0.0,En curso
18.0,4.59,0.0,5.31,71.0,Mujer,Soltero,Urbana,Cauca,Bachillerato,Tecnico,Publico,Universitario,Presencial,Matematicas y ciencias naturales,6.0,2.0,2023,0.0,0.0,0.0,En curso
19.0,3.2,3.0,6.95,36.0,Mujer,Soltero,Urbana,Antioquia,Bachillerato,Primaria,Privado,Universitario,Presencial,Ciencias sociales y humanas,11.0,2.0,2025,1.0,0.0,0.0,Desertor
18.0,2.7,1.0,4.16,41.0,Mujer,Soltero,Urbana,Chocó,Posgrado,Primaria,Publico,Universitario,Presencial,Bellas artes,2.0,5.0,2021,1.0,1.0,0.0,Desertor
21.0,4.26,0.0,10.88,79.0,Hombre,Soltero,Urbana,Córdoba,Primaria,Bachillerato,Privado,Universitario,Virtual,"Economia, administracion, contaduria y afines",9.0,1.0,2024,1.0,0.0,0.0,En curso
18.0,3.41,0.0,22.33,75.0,Hombre,Soltero,Urbana,Cesar,Tecnico,Bachillerato,Privado,Universitario,Presencial,"Economia, administracion, contaduria y afines",5.0,2.0,2024,1.0,1.0,0.0,En curso
22.0,3.95,1.0,4.2,60.0,Hombre,Soltero,Rural,Bogotá D.C.,Bachillerato,Primaria,Privado,Tecnico profesional,Distancia tradicional,"Economia, administracion, contaduria y afines",10.0,3.0,2023,0.0,0.0,1.0,Graduado
18.0,2.79,1.0,11.2,64.0,Mujer,Soltero,Urbana,Santander,Primaria,Primaria,Privado,Universitario,Presencial,Ciencias de la salud,2.0,3.0,2024,0.0,0.0,0.0,Desertor
23.0,3.82,0.0,5.29,60.0,Mujer,Soltero,Urbana,La Guajira,Tecnico,Bachillerato,Publico,Universitario,Presencial,Ciencias sociales y humanas,7.0,2.0,2021,0.0,0.0,0.0,En curso
17.0,3.87,0.0,34.73,90.0,Mujer,Soltero,Urbana,Magdalena,Primaria,Primaria,Publico,Tecnologico,Distancia tradicional,"Economia, administracion, contaduria y afines",9.0,2.0,2024,0.0,0.0,0.0,Graduado
17.0,3.2,0.0,8.47,50.0,Mujer,Soltero,Urbana,Antioquia,Bachillerato,Bachillerato,Publico,Tecnologico,Presencial,"Economia, administracion, contaduria y afines",7.0,3.0,2023,1.0,0.0,0.0,Graduado
18.0,3.94,0.0,12.13,70.0,Mujer,Soltero,Urbana,Bogotá D.C.,Universitario,Posgrado,Privado,Tecnologico,Presencial,Ciencias de la educacion,12.0,3.0,2023,0.0,0.0,1.0,Graduado
20.0,3.76,3.0,9.73,60.0,Mujer,Soltero,Urbana,Boyacá,Bachillerato,Posgrado,Publico,Tecnologico,Presencial,"Ingenieria, arquitectura, urbanismo y afines",6.0,4.0,2025,1.0,0.0,0.0,Graduado
18.0,3.13,1.0,8.88,40.0,Hombre,Soltero,Urbana,Valle del Cauca,Primaria,Bachillerato,Publico,Universitario,Presencial,"Ingenieria, arquitectura, urbanismo y afines",4.0,1.0,2024,0.0,1.0,0.0,En curso
15.0,3.23,0.0,2.46,59.0,Mujer,Soltero,Urbana,Bogotá D.C.,Ninguno,Primaria,Privado,Tecnologico,Distancia tradicional,Ciencias de la educacion,11.0,3.0,2022,0.0,0.0,1.0,Graduado
17.0,3.28,1.0,3.58,65.0,Hombre,Soltero,Urbana,Bogotá D.C.,Bachillerato,Bachillerato,Privado,Tecnico profesional,Presencial,Ciencias sociales y humanas,5.0,2.0,2022,1.0,0.0,0.0,Graduado
19.0,3.75,0.0,2.88,57.0,Mujer,Casado,Urbana,Magdalena,Bachillerato,Bachillerato,Publico,Tecnologico,Presencial,Matematicas y ciencias naturales,8.0,2.0,2023,0.0,0.0,1.0,Graduado
20.0,3.96,0.0,5.05,56.0,Hombre,Soltero,Urbana,Antioquia,Tecnico,Universitario,Privado,Tecnico profesional,Presencial,"Ingenieria, arquitectura, urbanismo y afines",3.0,3.0,2024,0.0,0.0,0.0,Graduado
21.0,3.51,2.0,6.44,46.0,Hombre,Soltero,Urbana,Bogotá D.C.,Primaria,Bachillerato,Publico,Universitario,Presencial,"Ingenieria, arquitectura, urbanismo y afines",7.0,2.0,2025,0.0,0.0,0.0,En curso
19.0,2.24,3.0,15.4,12.0,Hombre,Soltero,Urbana,Magdalena,Tecnico,Bachillerato,Privado,Universitario,Presencial,Ciencias sociales y humanas,11.0,2.0,2025,1.0,1.0,0.0,Desertor
21.0,4.12,0.0,38.38,61.0,Hombre,Soltero,Urbana,Huila,Primaria,Universitario,Publico,Tecnologico,Distancia tradicional,Matematicas y ciencias naturales,1.0,4.0,2022,1.0,0.0,0.0,Desertor
15.0,3.55,1.0,16.92,57.0,Hombre,Soltero,Urbana,Valle del Cauca,Ninguno,Bachillerato,Privado,Universitario,Presencial,Ciencias sociales y humanas,12.0,5.0,2024,1.0,0.0,0.0,Graduado
21.0,4.22,0.0,9.0,69.0,Mujer,Otro,Urbana,Valle del Cauca,Primaria,Universitario,Publico,Universitario,Presencial,Matematicas y ciencias naturales,9.0,5.0,2022,0.0,0.0,0.0,En curso
20.0,3.54,0.0,0.75,51.0,Hombre,Union libre,Urbana,Cundinamarca,Bachillerato,Primaria,Publico,Universitario,Presencial,Ciencias de la salud,7.0,3.0,2023,0.0,0.0,0.0,En curso
25.0,3.91,0.0,2.14,55.0,Hombre,Union libre,Urbana,Boyacá,Bachillerato,Bachillerato,Publico,Universitario,Presencial,"Economia, administracion, contaduria y afines",8.0,3.0,2023,1.0,0.0,0.0,En curso
21.0,2.9,2.0,28.55,64.0,Mujer,Soltero,Rural,Valle del Cauca,Ninguno,Tecnico,Publico,Tecnologico,Distancia tradicional,"Economia, administracion, contaduria y afines",6.0,3.0,2024,0.0,0.0,0.0,Desertor
16.0,2.8,3.0,3.26,33.0,Hombre,Soltero,Urbana,Bogotá D.C.,Bachillerato,Bachillerato,Publico,Tecnologico,Virtual,"Economia, administracion, contaduria y afines",7.0,5.0,2023,1.0,1.0,0.0,Graduado
16.0,2.88,0.0,38.23,31.0,Mujer,Soltero,Urbana,Santander,Primaria,Tecnico,Privado,Universitario,Distancia tradicional,"Economia, administracion, contaduria y afines",10.0,6.0,2022,0.0,0.0,1.0,Desertor
20.0,2.53,2.0,11.46,19.0,Hombre,Soltero,Rural,Nariño,Bachillerato,Bachillerato,Publico,Tecnologico,Presencial,Ciencias de la salud,3.0,1.0,2022,0.0,1.0,1.0,En curso
15.0,2.71,2.0,21.63,49.0,Hombre,Soltero,Urbana,Valle del Cauca,Primaria,Universitario,Publico,Tecnico profesional,Presencial,Ciencias de la salud,5.0,1.0,2022,1.0,0.0,0.0,Desertor
26.0,3.94,0.0,4.79,56.0,Mujer,Union libre,Urbana,Caldas,Bachillerato,Tecnico,Publico,Tecnico profesional,Presencial,Ciencias de la salud,7.0,4.0,2025,0.0,0.0,1.0,Graduado
18.0,3.57,0.0,16.28,60.0,Hombre,Soltero,Urbana,Bogotá D.C.,Bachillerato,Primaria,Publico,Universitario,Presencial,Bellas artes,4.0,1.0,2023,0.0,1.0,0.0,En curso
16.0,4.28,0.0,31.99,73.0,Mujer,Soltero,Rural,Bogotá D.C.,Primaria,Bachillerato,Privado,Universitario,Distancia tradicional,Ciencias sociales y humanas,10.0,3.0,2022,0.0,0.0,0.0,En curso
17.0,4.76,0.0,19.09,87.0,Mujer,Soltero,Urbana,Caldas,Bachillerato,Primaria,Publico,Tecnologico,Virtual,"Economia, administracion, contaduria y afines",2.0,2.0,2024,1.0,0.0,0.0,En curso
22.0,2.41,3.0,21.18,39.0,Hombre,Soltero,Urbana,Bogotá D.C.,Primaria,Primaria,Publico,Tecnico profesional,Presencial,Matematicas y ciencias naturales,9.0,4.0,2022,1.0,0.0,0.0,Desertor
25.0,3.01,1.0,6.23,58.0,Mujer,Casado,Urbana,Antioquia,Primaria,Bachillerato,Publico,Universitario,Presencial,"Economia, administracion, contaduria y afines",8.0,3.0,2024,1.0,0.0,1.0,En curso
22.0,3.1,3.0,4.58,29.0,Hombre,Soltero,Urbana,Cundinamarca,Primaria,Bachillerato,Publico,Tecnologico,Presencial,Ciencias de la educacion,8.0,3.0,2025,0.0,0.0,0.0,Graduado
19.0,2.91,1.0,2.6,35.0,Mujer,Soltero,Urbana,Antioquia,Bachillerato,Bachillerato,Privado,Universitario,Virtual,Ciencias sociales y humanas,11.0,4.0,2025,1.0,0.0,1.0,Desertor
26.0,3.18,2.0,4.77,79.0,Hombre,Soltero,Urbana,Bolívar,Bachillerato,Ninguno,Publico,Universitario,Distancia tradicional,"Economia, administracion, contaduria y afines",6.0,3.0,2025,1.0,0.0,0.0,En curso
23.0,3.1,1.0,118.57,50.0,Mujer,Soltero,Urbana,Santander,Posgrado,Tecnico,Publico,Tecnologico,Presencial,"Ingenieria, arquitectura, urbanismo y afines",9.0,1.0,2025,1.0,0.0,0.0,Desertor
20.0,3.32,1.0,49.51,64.0,Hombre,Soltero,Urbana,Magdalena,Tecnico,Universitario,Privado,Universitario,Distancia tradicional,Bellas artes,12.0,4.0,2025,0.0,1.0,0.0,Graduado
17.0,2.2,1.0,20.4,10.0,Mujer,Soltero,Urbana,Santander,Universitario,Primaria,Privado,Universitario,Virtual,"Ingenieria, arquitectura, urbanismo y afines",7.0,3.0,2025,0.0,1.0,0.0,Desertor
23.0,3.14,0.0,9.75,67.0,Hombre,Soltero,Rural,Sucre,Ninguno,Tecnico,Publico,Universitario,Presencial,"Economia, administracion, contaduria y afines",5.0,1.0,2025,0.0,1.0,0.0,En curso
17.0,3.68,0.0,7.3,48.0,Hombre,Soltero,Urbana,Santander,Bachillerato,Bachillerato,Publico,Tecnologico,Presencial,"Ingenieria, arquitectura, urbanismo y afines",10.0,4.0,2021,0.0,0.0,0.0,Graduado
24.0,4.69,0.0,4.2,86.0,Mujer,Soltero,Urbana,Norte de Santander,Ninguno,Bachillerato,Privado,Universitario,Presencial,Ciencias de la educacion,6.0,5.0,2022,0.0,0.0,0.0,En curso
20.0,2.46,0.0,3.42,31.0,Mujer,Soltero,Urbana,Cundinamarca,Bachillerato,Bachillerato,Publico,Tecnologico,Presencial,"Economia, administracion, contaduria y afines",12.0,5.0,2023,1.0,0.0,1.0,Graduado
18.0,2.97,0.0,4.61,64.0,Hombre,Soltero,Urbana,Antioquia,Primaria,Primaria,Privado,Tecnologico,Presencial,Ciencias de la salud,4.0,3.0,2025,0.0,0.0,1.0,En curso
22.0,3.93,1.0,11.57,77.0,Mujer,Soltero,Urbana,Norte de Santander,Primaria,Bachillerato,Privado,Tecnico profesional,Distancia tradicional,"Agronomia, veterinaria y afines",5.0,2.0,2023,0.0,0.0,0.0,Graduado
25.0,3.57,1.0,57.1,41.0,Hombre,Soltero,Urbana,Córdoba,Universitario,Tecnico,Publico,Tecnologico,Virtual,Matematicas y ciencias naturales,5.0,3.0,2022,0.0,0.0,0.0,En curso
20.0,4.65,0.0,87.22,69.0,Mujer,Soltero,Urbana,Sucre,Tecnico,Universitario,Publico,Universitario,Presencial,"Ingenieria, arquitectura, urbanismo y afines",1.0,4.0,2025,0.0,0.0,0.0,En curso
22.0,3.71,0.0,4.9,57.0,Hombre,Soltero,Rural,Santander,Primaria,Bachillerato,Privado,Universitario,Presencial,"Ingenieria, arquitectura, urbanismo y afines",11.0,5.0,2022,0.0,0.0,0.0,En curso
23.0,3.61,0.0,2.36,62.0,Hombre,Soltero,Urbana,Bogotá D.C.,Primaria,Primaria,Publico,Tecnologico,Presencial,"Economia, administracion, contaduria y afines",9.0,3.0,2022,0.0,0.0,0.0,Graduado
23.0,3.81,1.0,10.45,81.0,Hombre,Soltero,Urbana,Antioquia,Bachillerato,Universitario,Privado,Tecnologico,Presencial,Ciencias de la salud,8.0,5.0,2022,0.0,1.0,0.0,Graduado
23.0,4.54,0.0,13.81,82.0,Mujer,Soltero,Urbana,Nariño,Bachillerato,Universitario,Publico,Universitario,Presencial,"Ingenieria, arquitectura, urbanismo y afines",3.0,3.0,2023,0.0,0.0,0.0,En curso
23.0,3.04,2.0,5.19,33.0,Mujer,Union libre,Urbana,Atlántico,Bachillerato,Primaria,Privado,Universitario,Presencial,"Economia, administracion, contaduria y afines",10.0,2.0,2025,0.0,1.0,0.0,Desertor
17.0,3.83,1.0,24.81,66.0,Mujer,Union libre,Urbana,Santander,Bachillerato,Ninguno,Publico,Universitario,Presencial,"Economia, administracion, contaduria y afines",10.0,2.0,2023,1.0,0.0,0.0,Desertor
19.0,4.69,0.0,21.07,93.0,Mujer,Union libre,Urbana,Boyacá,Bachillerato,Primaria,Privado,Universitario,Presencial,Ciencias de la salud,10.0,3.0,2021,0.0,0.0,1.0,En curso
18.0,4.1,1.0,5.92,80.0,Mujer,Soltero,Urbana,Atlántico,Universitario,Bachillerato,Publico,Universitario,Presencial,"Economia, administracion, contaduria y afines",1.0,2.0,2023,1.0,1.0,0.0,En curso
16.0,3.35,1.0,7.78,72.0,Hombre,Soltero,Urbana,Huila,Bachillerato,Bachillerato,Publico,Tecnologico,Presencial,Ciencias sociales y humanas,5.0,1.0,2021,0.0,1.0,0.0,En curso
19.0,3.87,0.0,5.98,78.0,Hombre,Soltero,Rural,Antioquia,Bachillerato,Bachillerato,Publico,Universitario,Presencial,Matematicas y ciencias naturales,9.0,1.0,2024,0.0,0.0,0.0,Desertor
21.0,3.47,1.0,1.95,67.0,Hombre,Soltero,Urbana,Antioquia,Primaria,Bachillerato,Privado,Universitario,Presencial,"Economia, administracion, contaduria y afines",7.0,4.0,2025,0.0,0.0,1.0,Desertor
18.0,3.78,0.0,0.66,67.0,Mujer,Soltero,Urbana,Bogotá D.C.,Primaria,Bachillerato,Privado,Universitario,Presencial,"Ingenieria, arquitectura, urbanismo y afines",12.0,4.0,2023,0.0,0.0,0.0,Graduado
15.0,3.59,0.0,9.81,63.0,Hombre,Soltero,Urbana,Bogotá D.C.,Primaria,Bachillerato,Privado,Tecnico profesional,Presencial,"Ingenieria, arquitectura, urbanismo y afines",5.0,4.0,2023,1.0,1.0,0.0,Graduado
22.0,2.56,1.0,3.4,31.0,Hombre,Soltero,Urbana,Atlántico,Bachillerato,Primaria,Privado,Universitario,Distancia tradicional,"Ingenieria, arquitectura, urbanismo y afines",11.0,4.0,2023,1.0,0.0,0.0,Graduado
15.0,3.71,1.0,6.54,66.0,Mujer,Soltero,Urbana,La Guajira,Tecnico,Posgrado,Privado,Tecnologico,Virtual,Bellas artes,4.0,5.0,2021,1.0,1.0,0.0,En curso
19.0,4.41,1.0,4.74,67.0,Hombre,Soltero,Urbana,Antioquia,Primaria,Tecnico,Privado,Universitario,Presencial,Ciencias de la salud,2.0,1.0,2025,0.0,0.0,0.0,En curso
23.0,4.39,0.0,5.49,100.0,Mujer,Soltero,Urbana,Norte de Santander,Primaria,Primaria,Privado,Universitario,Presencial,Ciencias de la salud,2.0,1.0,2023,0.0,0.0,0.0,En curso
18.0,2.62,1.0,11.07,51.0,Mujer,Soltero,Urbana,La Guajira,Universitario,Primaria,Publico,Universitario,Presencial,"Ingenieria, arquitectura, urbanismo y afines",12.0,3.0,2023,1.0,0.0,0.0,Desertor
20.0,2.63,2.0,22.76,41.0,Mujer,Soltero,Urbana,Norte de Santander,Bachillerato,Bachillerato,Publico,Universitario,Presencial,"Agronomia, veterinaria y afines",10.0,2.0,2023,0.0,0.0,0.0,Desertor
15.0,3.12,1.0,34.47,40.0,Mujer,Soltero,Rural,Antioquia,Posgrado,Primaria,Privado,Universitario,Presencial,"Economia, administracion, contaduria y afines",8.0,2.0,2025,0.0,0.0,0.0,Desertor
20.0,3.74,0.0,1.42,51.0,Mujer,Soltero,Urbana,Valle del Cauca,Tecnico,Universitario,Publico,Tecnologico,Presencial,"Economia, administracion, contaduria y afines",8.0,1.0,2022,0.0,0.0,0.0,Graduado
21.0,3.65,1.0,7.55,35.0,Mujer,Soltero,Urbana,Bogotá D.C.,Bachillerato,Bachillerato,Publico,Tecnico profesional,Presencial,Matematicas y ciencias naturales,8.0,3.0,2023,1.0,0.0,0.0,Graduado
19.0,3.62,0.0,10.34,53.0,Mujer,Soltero,Urbana,Córdoba,Primaria,Primaria,Publico,Universitario,Presencial,"Ingenieria, arquitectura, urbanismo y afines",8.0,2.0,2024,1.0,0.0,0.0,En curso
15.0,2.87,2.0,3.75,38.0,Mujer,Soltero,Rural,Casanare,Universitario,Tecnico,Publico,Universitario,Presencial,Matematicas y ciencias naturales,11.0,1.0,2023,0.0,0.0,0.0,Desertor
18.0,3.95,1.0,8.9,70.0,Hombre,Union libre,Urbana,Santander,Tecnico,Primaria,Privado,Universitario,Distancia tradicional,"Ingenieria, arquitectura, urbanismo y afines",3.0,5.0,2022,0.0,1.0,1.0,En curso
19.0,2.41,0.0,18.98,55.0,Hombre,Soltero,Urbana,Atlántico,Universitario,Bachillerato,Privado,Tecnologico,Presencial,"Economia, administracion, contaduria y afines",2.0,1.0,2021,0.0,0.0,0.0,Desertor
20.0,2.2,2.0,10.73,22.0,Mujer,Soltero,Urbana,Bogotá D.C.,Universitario,Primaria,Publico,Universitario,Presencial,"Economia, administracion, contaduria y afines",7.0,2.0,2022,1.0,0.0,1.0,Desertor
15.0,3.7,2.0,45.86,83.0,Hombre,Soltero,Urbana,Arauca,Bachillerato,Primaria,Publico,Tecnologico,Presencial,Ciencias sociales y humanas,6.0,2.0,2024,0.0,1.0,0.0,Graduado
21.0,4.11,0.0,3.26,62.0,Hombre,Soltero,Urbana,Cauca,Tecnico,Universitario,Publico,Universitario,Virtual,"Agronomia, veterinaria y afines",3.0,1.0,2023,0.0,1.0,0.0,En curso
24.0,4.08,1.0,4.81,70.0,Hombre,Soltero,Urbana,Antioquia,Tecnico,Bachillerato,Privado,Universitario,Distancia tradicional,Ciencias sociales y humanas,6.0,2.0,2021,0.0,0.0,0.0,En curso
19.0,4.07,0.0,3.98,72.0,Mujer,Soltero,Urbana,Sucre,Tecnico,Primaria,Publico,Tecnico profesional,Presencial,Ciencias sociales y humanas,7.0,2.0,2023,0.0,1.0,1.0,Graduado
21.0,4.3,0.0,3.32,72.0,Hombre,Soltero,Urbana,Bogotá D.C.,Primaria,Bachillerato,Privado,Universitario,Presencial,Ciencias de la educacion,12.0,2.0,2025,0.0,0.0,0.0,Graduado
17.0,2.91,1.0,19.09,54.0,Mujer,Union libre,Urbana,Sucre,Tecnico,Bachillerato,Privado,Tecnico profesional,Presencial,"Economia, administracion, contaduria y afines",2.0,5.0,2025,0.0,1.0,0.0,Desertor
16.0,3.16,0.0,26.21,51.0,Hombre,Soltero,Urbana,Risaralda,Tecnico,Ninguno,Publico,Tecnologico,Presencial,"Economia, administracion, contaduria y afines",11.0,2.0,2022,0.0,0.0,0.0,Desertor
19.0,3.09,2.0,6.42,25.0,Mujer,Soltero,Urbana,Córdoba,Posgrado,Tecnico,Privado,Universitario,Presencial,"Economia, administracion, contaduria y afines",8.0,1.0,2021,0.0,0.0,0.0,En curso
19.0,3.36,1.0,33.99,47.0,Hombre,Soltero,Urbana,Cauca,Bachillerato,Universitario,Publico,Tecnologico,Presencial,Matematicas y ciencias naturales,7.0,1.0,2021,0.0,0.0,0.0,Desertor
22.0,2.63,3.0,2.63,29.0,Mujer,Union libre,Urbana,Bogotá D.C.,Primaria,Bachillerato,Publico,Universitario,Presencial,Ciencias de la salud,10.0,2.0,2024,0.0,0.0,0.0,Desertor
24.0,2.03,3.0,10.72,58.0,Mujer,Soltero,Rural,Antioquia,Primaria,Primaria,Privado,Tecnico profesional,Presencial,Ciencias de la salud,9.0,4.0,2024,0.0,0.0,1.0,Graduado
19.0,3.05,1.0,6.92,52.0,Hombre,Union libre,Rural,Huila,Bachillerato,Primaria,Privado,Tecnologico,Presencial,"Economia, administracion, contaduria y afines",6.0,3.0,2022,0.0,0.0,0.0,Graduado
19.0,3.14,1.0,22.78,58.0,Hombre,Soltero,Urbana,Bogotá D.C.,Bachillerato,Bachillerato,Privado,Universitario,Distancia tradicional,Ciencias de la educacion,3.0,2.0,2025,0.0,0.0,0.0,Desertor
19.0,4.51,0.0,15.24,59.0,Hombre,Soltero,Urbana,Cundinamarca,Bachillerato,Primaria,Publico,Tecnologico,Presencial,"Economia, administracion, contaduria y afines",12.0,3.0,2024,1.0,0.0,0.0,Graduado
16.0,3.5,1.0,23.71,70.0,Mujer,Soltero,Rural,Bogotá D.C.,Universitario,Primaria,Publico,Tecnologico,Virtual,"Ingenieria, arquitectura, urbanismo y afines",9.0,3.0,2021,0.0,0.0,0.0,Graduado
27.0,4.48,1.0,6.56,67.0,Hombre,Union libre,Rural,Caldas,Universitario,Bachillerato,Privado,Universitario,Presencial,"Ingenieria, arquitectura, urbanismo y afines",3.0,5.0,2025,1.0,0.0,0.0,En curso
22.0,4.37,0.0,7.04,77.0,Mujer,Union libre,Urbana,Antioquia,Bachillerato,Primaria,Publico,Tecnologico,Presencial,"Economia, administracion, contaduria y afines",4.0,3.0,2025,0.0,0.0,0.0,En curso
19.0,3.5,0.0,5.48,75.0,Mujer,Union libre,Urbana,Antioquia,Ninguno,Primaria,Privado,Universitario,Virtual,Ciencias de la salud,10.0,1.0,2025,0.0,0.0,0.0,Graduado
23.0,3.18,1.0,6.81,69.0,Hombre,Union libre,Rural,Bogotá D.C.,Universitario,Bachillerato,Publico,Tecnologico,Presencial,Bellas artes,11.0,2.0,2024,0.0,1.0,1.0,Graduado
19.0,4.75,0.0,21.47,100.0,Hombre,Soltero,Urbana,Tolima,Bachillerato,Primaria,Publico,Universitario,Presencial,Ciencias de la educacion,5.0,1.0,2023,0.0,0.0,0.0,En curso
20.0,4.11,0.0,10.63,74.0,Hombre,Soltero,Rural,Antioquia,Ninguno,Bachillerato,Privado,Universitario,Distancia tradicional,"Economia, administracion, contaduria y afines",5.0,2.0,2023,0.0,1.0,0.0,En curso
21.0,4.13,0.0,10.01,57.0,Hombre,Otro,Urbana,Antioquia,Primaria,Bachillerato,Privado,Universitario,Presencial,Ciencias sociales y humanas,12.0,2.0,2025,0.0,1.0,0.0,Graduado
18.0,3.79,1.0,3.94,87.0,Mujer,Soltero,Rural,Valle del Cauca,Bachillerato,Bachillerato,Privado,Universitario,Presencial,"Economia, administracion, contaduria y afines",10.0,3.0,2021,1.0,0.0,0.0,Graduado
20.0,3.86,0.0,8.83,60.0,Hombre,Soltero,Urbana,Antioquia,Primaria,Primaria,Publico,Universitario,Distancia tradicional,"Ingenieria, arquitectura, urbanismo y afines",7.0,2.0,2025,0.0,0.0,0.0,En curso
21.0,3.3,0.0,18.8,53.0,Mujer,Casado,Urbana,Atlántico,Universitario,Bachillerato,Publico,Tecnologico,Presencial,"Economia, administracion, contaduria y afines",2.0,1.0,2025,0.0,0.0,0.0,Desertor
24.0,3.44,2.0,5.54,57.0,Mujer,Soltero,Urbana,Norte de Santander,Primaria,Tecnico,Privado,Universitario,Presencial,Bellas artes,11.0,3.0,2024,0.0,0.0,0.0,Desertor
21.0,2.91,1.0,7.38,56.0,Mujer,Soltero,Urbana,Chocó,Tecnico,Ninguno,Privado,Universitario,Distancia tradicional,"Economia, administracion, contaduria y afines",10.0,3.0,2024,1.0,1.0,0.0,Desertor
20.0,4.33,2.0,2.41,69.0,Hombre,Soltero,Urbana,Santander,Primaria,Bachillerato,Publico,Tecnologico,Presencial,"Ingenieria, arquitectura, urbanismo y afines",10.0,2.0,2023,0.0,1.0,1.0,Graduado
24.0,4.43,0.0,6.36,80.0,Hombre,Union libre,Rural,Bogotá D.C.,Tecnico,Universitario,Privado,Tecnico profesional,Presencial,"Economia, administracion, contaduria y afines",10.0,1.0,2022,0.0,0.0,1.0,Graduado
23.0,3.38,1.0,11.38,40.0,Mujer,Soltero,Urbana,Risaralda,Primaria,Tecnico,Privado,Tecnologico,Virtual,"Economia, administracion, contaduria y afines",4.0,6.0,2023,1.0,0.0,0.0,En curso
22.0,2.98,1.0,5.27,56.0,Mujer,Casado,Urbana,Santander,Universitario,Bachillerato,Privado,Tecnologico,Presencial,Matematicas y ciencias naturales,11.0,3.0,2025,1.0,0.0,0.0,Desertor
22.0,3.22,1.0,16.22,58.0,Hombre,Union libre,Urbana,Valle del Cauca,Tecnico,Bachillerato,Privado,Tecnologico,Presencial,"Economia, administracion, contaduria y afines",2.0,2.0,2024,0.0,0.0,0.0,En curso
16.0,3.59,3.0,12.05,68.0,Hombre,Soltero,Rural,Antioquia,Universitario,Primaria,Privado,Tecnologico,Virtual,Ciencias sociales y humanas,9.0,2.0,2023,0.0,1.0,0.0,Graduado
16.0,2.68,0.0,5.7,66.0,Mujer,Soltero,Urbana,Antioquia,Bachillerato,Bachillerato,Publico,Tecnologico,Presencial,Ciencias de la salud,7.0,2.0,2022,1.0,0.0,0.0,Desertor
24.0,3.62,0.0,4.4,64.0,Mujer,Union libre,Rural,Nariño,Tecnico,Bachillerato,Publico,Universitario,Distancia tradicional,Ciencias de la salud,1.0,1.0,2025,0.0,1.0,0.0,Desertor
15.0,3.58,1.0,5.76,50.0,Mujer,Soltero,Urbana,Córdoba,Universitario,Primaria,Publico,Tecnologico,Distancia tradicional,Ciencias de la educacion,3.0,3.0,2022,1.0,1.0,0.0,Desertor
21.0,3.31,1.0,12.39,43.0,Hombre,Casado,Urbana,Boyacá,Universitario,Primaria,Publico,Universitario,Distancia tradicional,"Agronomia, veterinaria y afines",2.0,1.0,2022,0.0,0.0,1.0,En curso
19.0,2.03,0.0,13.89,31.0,Hombre,Casado,Urbana,Antioquia,Primaria,Bachillerato,Privado,Universitario,Presencial,Ciencias de la salud,10.0,3.0,2022,1.0,1.0,0.0,Desertor
20.0,3.14,1.0,19.88,44.0,Hombre,Soltero,Urbana,Antioquia,Tecnico,Bachillerato,Privado,Universitario,Distancia tradicional,"Economia, administracion, contaduria y afines",1.0,3.0,2023,1.0,0.0,0.0,En curso
20.0,3.97,0.0,5.18,67.0,Mujer,Union libre,Urbana,La Guajira,Primaria,Tecnico,Publico,Universitario,Virtual,"Ingenieria, arquitectura, urbanismo y afines",9.0,2.0,2023,1.0,0.0,0.0,En curso
21.0,3.48,1.0,7.53,70.0,Mujer,Soltero,Urbana,Bolívar,Universitario,Bachillerato,Privado,Universitario,Presencial,Bellas artes,7.0,1.0,2022,1.0,0.0,0.0,En curso
19.0,4.17,0.0,9.41,62.0,Mujer,Union libre,Urbana,Bogotá D.C.,Ninguno,Tecnico,Privado,Universitario,Presencial,Ciencias sociales y humanas,8.0,3.0,2025,1.0,0.0,0.0,En curso
22.0,3.32,2.0,3.42,73.0,Mujer,Otro,Urbana,Risaralda,Bachillerato,Bachillerato,Publico,Universitario,Presencial,Ciencias de la educacion,6.0,2.0,2023,0.0,0.0,0.0,En curso
17.0,3.97,0.0,11.02,58.0,Hombre,Soltero,Rural,Valle del Cauca,Universitario,Tecnico,Publico,Universitario,Presencial,"Ingenieria, arquitectura, urbanismo y afines",9.0,3.0,2025,0.0,0.0,0.0,En curso
16.0,3.3,0.0,13.65,61.0,Hombre,Soltero,Urbana,Santander,Ninguno,Universitario,Privado,Universitario,Presencial,"Economia, administracion, contaduria y afines",10.0,3.0,2022,0.0,0.0,0.0,Desertor
22.0,3.33,3.0,6.96,59.0,Hombre,Union libre,Urbana,Antioquia,Bachillerato,Tecnico,Privado,Universitario,Presencial,Bellas artes,11.0,3.0,2024,0.0,1.0,1.0,Graduado
20.0,3.72,2.0,32.08,67.0,Mujer,Union libre,Rural,Antioquia,Tecnico,Universitario,Publico,Universitario,Virtual,"Ingenieria, arquitectura, urbanismo y afines",2.0,2.0,2024,0.0,0.0,1.0,Desertor
27.0,3.77,0.0,2.65,100.0,Hombre,Soltero,Urbana,Antioquia,Bachillerato,Bachillerato,Publico,Universitario,Presencial,Bellas artes,8.0,4.0,2022,0.0,0.0,0.0,En curso
19.0,3.79,0.0,1.4,65.0,Hombre,Soltero,Urbana,Cundinamarca,Bachillerato,Bachillerato,Privado,Universitario,Presencial,"Ingenieria, arquitectura, urbanismo y afines",1.0,1.0,2021,0.0,0.0,0.0,En curso
15.0,2.47,5.0,3.59,14.0,Mujer,Soltero,Rural,Bogotá D.C.,Tecnico,Bachillerato,Publico,Tecnico profesional,Presencial,"Ingenieria, arquitectura, urbanismo y afines",11.0,2.0,2022,0.0,0.0,1.0,Desertor
17.0,3.93,1.0,5.16,67.0,Hombre,Casado,Urbana,Huila,Primaria,Universitario,Publico,Universitario,Presencial,"Ingenieria, arquitectura, urbanismo y afines",3.0,2.0,2023,1.0,0.0,0.0,En curso
16.0,2.69,1.0,4.06,56.0,Mujer,Soltero,Rural,Atlántico,Primaria,Bachillerato,Privado,Tecnologico,Distancia tradicional,"Agronomia, veterinaria y afines",5.0,3.0,2024,0.0,0.0,0.0,Desertor
24.0,4.31,0.0,5.4,61.0,Hombre,Otro,Urbana,Norte de Santander,Bachillerato,Bachillerato,Publico,Tecnologico,Virtual,"Agronomia, veterinaria y afines",2.0,2.0,2022,0.0,0.0,0.0,En curso
18.0,3.63,0.0,23.28,37.0,Mujer,Soltero,Urbana,Bogotá D.C.,Universitario,Primaria,Privado,Universitario,Presencial,"Ingenieria, arquitectura, urbanismo y afines",4.0,2.0,2024,0.0,0.0,1.0,En curso
15.0,4.18,0.0,3.79,46.0,Hombre,Soltero,Urbana,Boyacá,Posgrado,Universitario,Publico,Tecnologico,Presencial,Ciencias de la educacion,11.0,3.0,2023,1.0,0.0,0.0,Graduado
25.0,3.53,4.0,35.81,70.0,Mujer,Soltero,Urbana,Sucre,Primaria,Bachillerato,Publico,Universitario,Presencial,"Economia, administracion, contaduria y afines",8.0,3.0,2023,1.0,0.0,0.0,Desertor
21.0,3.81,0.0,2.53,49.0,Hombre,Otro,Urbana,Antioquia,Tecnico,Universitario,Privado,Universitario,Presencial,"Ingenieria, arquitectura, urbanismo y afines",9.0,3.0,2022,0.0,0.0,1.0,Graduado
18.0,2.89,2.0,7.19,51.0,Hombre,Soltero,Urbana,Cesar,Universitario,Primaria,Publico,Tecnologico,Presencial,Ciencias sociales y humanas,12.0,2.0,2023,0.0,0.0,0.0,Desertor
24.0,3.36,0.0,6.5,39.0,Mujer,Soltero,Urbana,Antioquia,Tecnico,Primaria,Publico,Tecnologico,Presencial,"Economia, administracion, contaduria y afines",3.0,3.0,2025,0.0,0.0,0.0,En curso
22.0,3.89,0.0,9.64,88.0,Hombre,Soltero,Urbana,Caquetá,Primaria,Bachillerato,Publico,Universitario,Presencial,Ciencias sociales y humanas,5.0,2.0,2025,0.0,0.0,0.0,En curso
19.0,4.3,0.0,2.57,78.0,Hombre,Soltero,Urbana,Valle del Cauca,Bachillerato,Primaria,Publico,Tecnologico,Virtual,Ciencias sociales y humanas,8.0,2.0,2025,0.0,1.0,1.0,Graduado
20.0,4.52,0.0,3.49,71.0,Mujer,Soltero,Urbana,Caquetá,Primaria,Universitario,Privado,Universitario,Presencial,Ciencias de la educacion,1.0,4.0,2022,0.0,1.0,0.0,En curso
24.0,2.58,1.0,4.68,39.0,Mujer,Soltero,Urbana,Valle del Cauca,Primaria,Tecnico,Privado,Universitario,Presencial,Ciencias sociales y humanas,1.0,3.0,2022,0.0,0.0,0.0,En curso
18.0,3.99,0.0,10.19,59.0,Mujer,Soltero,Urbana,Sucre,Bachillerato,Primaria,Privado,Tecnologico,Virtual,"Ingenieria, arquitectura, urbanismo y afines",5.0,2.0,2023,1.0,1.0,0.0,En curso
17.0,4.21,0.0,39.54,80.0,Mujer,Casado,Urbana,Cundinamarca,Bachillerato,Ninguno,Privado,Tecnologico,Presencial,"Economia, administracion, contaduria y afines",7.0,2.0,2021,0.0,1.0,0.0,Graduado
25.0,3.1,1.0,11.54,52.0,Hombre,Soltero,Urbana,Bogotá D.C.,Posgrado,Ninguno,Privado,Tecnologico,Presencial,Ciencias sociales y humanas,3.0,3.0,2024,0.0,1.0,0.0,En curso
24.0,3.19,2.0,18.2,60.0,Mujer,Soltero,Urbana,Valle del Cauca,Primaria,Tecnico,Privado,Tecnico profesional,Presencial,"Agronomia, veterinaria y afines",10.0,3.0,2023,1.0,0.0,0.0,Desertor
18.0,3.19,1.0,50.09,46.0,Hombre,Soltero,Rural,Valle del Cauca,Bachillerato,Primaria,Privado,Universitario,Presencial,"Ingenieria, arquitectura, urbanismo y afines",4.0,1.0,2022,1.0,0.0,0.0,Desertor
23.0,4.7,0.0,19.04,83.0,Hombre,Union libre,Urbana,Bogotá D.C.,Bachillerato,Tecnico,Privado,Universitario,Presencial,Matematicas y ciencias naturales,1.0,2.0,2025,1.0,1.0,0.0,Desertor
15.0,3.61,0.0,2.48,65.0,Mujer,Casado,Rural,Santander,Bachillerato,Ninguno,Privado,Universitario,Presencial,"Economia, administracion, contaduria y afines",12.0,3.0,2024,0.0,0.0,1.0,Desertor
25.0,3.77,1.0,7.74,70.0,Hombre,Soltero,Urbana,Cundinamarca,Ninguno,Ninguno,Privado,Tecnico profesional,Presencial,"Ingenieria, arquitectura, urbanismo y afines",9.0,1.0,2023,1.0,1.0,0.0,Graduado
23.0,3.15,1.0,22.42,70.0,Mujer,Soltero,Urbana,Santander,Bachillerato,Primaria,Publico,Tecnologico,Virtual,"Economia, administracion, contaduria y afines",2.0,2.0,2021,1.0,0.0,0.0,En curso
20.0,3.2,1.0,17.8,44.0,Hombre,Casado,Urbana,Bogotá D.C.,Bachillerato,Primaria,Publico,Universitario,Presencial,"Economia, administracion, contaduria y afines",12.0,5.0,2024,1.0,1.0,0.0,Desertor
24.0,2.21,0.0,8.58,37.0,Hombre,Soltero,Urbana,Tolima,Primaria,Primaria,Publico,Universitario,Presencial,"Economia, administracion, contaduria y afines",4.0,6.0,2022,0.0,0.0,0.0,En curso
18.0,3.36,0.0,4.03,78.0,Mujer,Soltero,Urbana,Atlántico,Tecnico,Bachillerato,Privado,Universitario,Presencial,Ciencias de la salud,7.0,4.0,2023,0.0,0.0,0.0,Desertor
20.0,4.24,0.0,2.52,57.0,Hombre,Soltero,Urbana,Cauca,Ninguno,Ninguno,Publico,Universitario,Presencial,Ciencias de la educacion,6.0,2.0,2024,0.0,0.0,0.0,En curso
20.0,4.44,0.0,12.58,63.0,Mujer,Union libre,Urbana,Valle del Cauca,Primaria,Universitario,Publico,Tecnologico,Presencial,"Economia, administracion, contaduria y afines",7.0,2.0,2024,0.0,0.0,0.0,Graduado
21.0,3.97,0.0,15.75,76.0,Hombre,Soltero,Urbana,Antioquia,Universitario,Primaria,Publico,Universitario,Presencial,Matematicas y ciencias naturales,5.0,1.0,2021,0.0,0.0,0.0,En curso
25.0,3.43,0.0,12.66,42.0,Mujer,Soltero,Rural,Bogotá D.C.,Bachillerato,Bachillerato,Publico,Universitario,Distancia tradicional,"Economia, administracion, contaduria y afines",7.0,3.0,2021,0.0,0.0,1.0,Desertor
15.0,3.2,1.0,4.98,70.0,Mujer,Soltero,Urbana,Bolívar,Primaria,Primaria,Privado,Tecnologico,Presencial,"Economia, administracion, contaduria y afines",2.0,2.0,2022,1.0,1.0,0.0,En curso
22.0,3.05,0.0,25.79,31.0,Mujer,Soltero,Urbana,Santander,Primaria,Primaria,Privado,Universitario,Distancia tradicional,Ciencias de la salud,1.0,2.0,2023,0.0,0.0,0.0,En curso
22.0,2.68,4.0,2.87,45.0,Mujer,Soltero,Rural,Caquetá,Bachillerato,Primaria,Privado,Tecnologico,Presencial,"Ingenieria, arquitectura, urbanismo y afines",5.0,1.0,2021,1.0,0.0,0.0,Desertor
17.0,2.65,1.0,25.55,39.0,Hombre,Casado,Rural,Santander,Bachillerato,Posgrado,Privado,Tecnologico,Presencial,"Economia, administracion, contaduria y afines",9.0,2.0,2021,1.0,0.0,1.0,Desertor
19.0,4.04,1.0,30.63,72.0,Hombre,Soltero,Urbana,Bogotá D.C.,Bachillerato,Primaria,Privado,Universitario,Presencial,Ciencias sociales y humanas,9.0,4.0,2025,0.0,1.0,0.0,Graduado
23.0,3.26,3.0,1.48,63.0,Hombre,Soltero,Urbana,Bolívar,Posgrado,Primaria,Privado,Tecnologico,Presencial,Ciencias de la salud,4.0,2.0,2025,1.0,0.0,0.0,En curso
16.0,3.37,2.0,37.22,41.0,Mujer,Soltero,Urbana,Bolívar,Primaria,Bachillerato,Publico,Universitario,Virtual,"Ingenieria, arquitectura, urbanismo y afines",8.0,3.0,2025,0.0,1.0,0.0,En curso
15.0,4.57,0.0,4.62,66.0,Hombre,Soltero,Urbana,Antioquia,Tecnico,Tecnico,Privado,Universitario,Distancia tradicional,"Economia, administracion, contaduria y afines",6.0,3.0,2022,1.0,1.0,0.0,En curso
17.0,3.95,0.0,13.38,65.0,Hombre,Soltero,Urbana,Cauca,Primaria,Tecnico,Privado,Universitario,Presencial,"Economia, administracion, contaduria y afines",6.0,2.0,2023,0.0,0.0,0.0,En curso
19.0,3.73,0.0,3.29,73.0,Hombre,Soltero,Urbana,Valle del Cauca,Primaria,Bachillerato,Publico,Universitario,Presencial,"Agronomia, veterinaria y afines",5.0,2.0,2024,0.0,1.0,0.0,En curso
23.0,4.7,0.0,3.11,86.0,Mujer,Soltero,Rural,Boyacá,Tecnico,Bachillerato,Publico,Tecnico profesional,Presencial,"Economia, administracion, contaduria y afines",5.0,2.0,2024,1.0,1.0,1.0,Graduado
24.0,3.65,1.0,8.99,62.0,Hombre,Soltero,Urbana,Antioquia,Universitario,Universitario,Privado,Tecnologico,Presencial,"Ingenieria, arquitectura, urbanismo y afines",6.0,1.0,2025,0.0,0.0,0.0,Graduado
21.0,3.29,0.0,58.15,63.0,Mujer,Soltero,Urbana,Antioquia,Primaria,Primaria,Privado,Universitario,Presencial,Ciencias de la educacion,3.0,3.0,2021,1.0,0.0,0.0,En curso
23.0,4.24,0.0,1.28,62.0,Hombre,Union libre,Urbana,Bogotá D.C.,Bachillerato,Ninguno,Privado,Universitario,Distancia tradicional,Bellas artes,8.0,4.0,2024,1.0,0.0,0.0,En curso
26.0,4.23,0.0,3.18,69.0,Mujer,Soltero,Urbana,Bogotá D.C.,Bachillerato,Tecnico,Publico,Universitario,Presencial,"Ingenieria, arquitectura, urbanismo y afines",12.0,1.0,2025,0.0,0.0,0.0,Graduado
22.0,3.85,1.0,4.48,71.0,Mujer,Casado,Urbana,Atlántico,Ninguno,Universitario,Publico,Universitario,Presencial,"Ingenieria, arquitectura, urbanismo y afines",1.0,3.0,2022,0.0,0.0,0.0,En curso
19.0,4.02,0.0,3.29,71.0,Hombre,Soltero,Rural,Cauca,Tecnico,Bachillerato,Privado,Tecnico profesional,Presencial,"Economia, administracion, contaduria y afines",8.0,2.0,2024,0.0,0.0,0.0,Graduado
20.0,3.12,0.0,12.85,34.0,Mujer,Casado,Urbana,Valle del Cauca,Tecnico,Tecnico,Privado,Universitario,Presencial,Matematicas y ciencias naturales,12.0,6.0,2022,1.0,0.0,0.0,Graduado
21.0,3.06,1.0,22.66,66.0,Hombre,Soltero,Urbana,Caquetá,Primaria,Bachillerato,Privado,Universitario,Presencial,"Ingenieria, arquitectura, urbanismo y afines",4.0,1.0,2024,0.0,1.0,0.0,En curso
15.0,3.15,4.0,4.53,59.0,Hombre,Soltero,Urbana,La Guajira,Universitario,Tecnico,Publico,Tecnologico,Presencial,Ciencias sociales y humanas,12.0,2.0,2022,0.0,0.0,0.0,Graduado
23.0,3.32,1.0,3.01,57.0,Mujer,Soltero,Urbana,Bogotá D.C.,Tecnico,Bachillerato,Privado,Universitario,Presencial,"Economia, administracion, contaduria y afines",12.0,3.0,2023,0.0,0.0,0.0,Graduado
15.0,3.09,2.0,2.46,45.0,Hombre,Soltero,Rural,Valle del Cauca,Tecnico,Bachillerato,Privado,Universitario,Presencial,"Economia, administracion, contaduria y afines",10.0,1.0,2022,0.0,0.0,0.0,Desertor
16.0,3.17,3.0,19.63,36.0,Mujer,Soltero,Urbana,La Guajira,Universitario,Primaria,Privado,Universitario,Presencial,Ciencias de la salud,1.0,3.0,2023,1.0,0.0,1.0,Desertor
21.0,4.17,0.0,13.51,64.0,Mujer,Soltero,Urbana,Boyacá,Bachillerato,Primaria,Publico,Universitario,Presencial,"Economia, administracion, contaduria y afines",5.0,4.0,2025,1.0,1.0,1.0,En curso
16.0,2.51,2.0,22.27,32.0,Mujer,Soltero,Urbana,Valle del Cauca,Bachillerato,Tecnico,Privado,Universitario,Presencial,"Ingenieria, arquitectura, urbanismo y afines",9.0,4.0,2022,0.0,1.0,0.0,Desertor
21.0,3.25,2.0,27.09,63.0,Mujer,Soltero,Urbana,Nariño,Tecnico,Primaria,Privado,Universitario,Presencial,Ciencias de la educacion,9.0,2.0,2024,0.0,0.0,0.0,En curso
17.0,3.21,1.0,14.0,53.0,Hombre,Union libre,Urbana,Atlántico,Primaria,Tecnico,Privado,Tecnologico,Distancia tradicional,Ciencias sociales y humanas,1.0,2.0,2025,1.0,1.0,1.0,Desertor
16.0,3.43,1.0,4.36,37.0,Hombre,Soltero,Urbana,Bolívar,Ninguno,Universitario,Publico,Universitario,Presencial,Ciencias sociales y humanas,7.0,3.0,2023,0.0,1.0,0.0,En curso
17.0,3.07,1.0,11.4,57.0,Mujer,Soltero,Urbana,Santander,Primaria,Primaria,Privado,Tecnologico,Presencial,Ciencias sociales y humanas,11.0,4.0,2024,1.0,0.0,0.0,Graduado
18.0,3.08,0.0,5.95,69.0,Mujer,Soltero,Urbana,Bogotá D.C.,Tecnico,Tecnico,Publico,Universitario,Presencial,"Economia, administracion, contaduria y afines",10.0,4.0,2025,1.0,0.0,1.0,Desertor
21.0,3.84,0.0,8.59,60.0,Mujer,Soltero,Urbana,Chocó,Bachillerato,Tecnico,Publico,Universitario,Presencial,"Ingenieria, arquitectura, urbanismo y afines",10.0,2.0,2025,1.0,0.0,1.0,Graduado
22.0,3.85,1.0,22.44,79.0,Hombre,Soltero,Urbana,Bogotá D.C.,Primaria,Primaria,Publico,Universitario,Virtual,"Economia, administracion, contaduria y afines",8.0,2.0,2023,0.0,0.0,0.0,En curso
17.0,2.9,0.0,5.23,43.0,Mujer,Soltero,Urbana,Santander,Primaria,Bachillerato,Privado,Universitario,Presencial,"Ingenieria, arquitectura, urbanismo y afines",6.0,2.0,2023,1.0,0.0,0.0,Desertor
22.0,4.09,0.0,7.24,88.0,Hombre,Union libre,Urbana,Cundinamarca,Tecnico,Bachillerato,Privado,Tecnico profesional,Distancia tradicional,"Economia, administracion, contaduria y afines",2.0,3.0,2024,1.0,0.0,0.0,En curso
29.0,3.08,1.0,12.43,51.0,Mujer,Union libre,Urbana,Antioquia,Bachillerato,Universitario,Publico,Universitario,Presencial,Ciencias de la salud,2.0,2.0,2024,1.0,1.0,0.0,En curso
23.0,5.0,0.0,7.64,87.0,Hombre,Union libre,Urbana,Cundinamarca,Ninguno,Bachillerato,Privado,Tecnologico,Distancia tradicional,"Ingenieria, arquitectura, urbanismo y afines",2.0,4.0,2022,0.0,0.0,1.0,En curso
16.0,2.38,5.0,5.97,49.0,Mujer,Union libre,Urbana,Cesar,Primaria,Primaria,Privado,Universitario,Presencial,"Economia, administracion, contaduria y afines",9.0,1.0,2021,1.0,0.0,0.0,Graduado
17.0,3.1,1.0,11.48,65.0,Hombre,Casado,Rural,Valle del Cauca,Bachillerato,Ninguno,Privado,Tecnico profesional,Presencial,"Ingenieria, arquitectura, urbanismo y afines",9.0,2.0,2021,1.0,0.0,1.0,Graduado
16.0,3.33,0.0,10.07,45.0,Hombre,Soltero,Urbana,Huila,Tecnico,Bachillerato,Privado,Universitario,Distancia tradicional,"Ingenieria, arquitectura, urbanismo y afines",2.0,2.0,2025,1.0,0.0,0.0,En curso
32.0,3.31,1.0,13.39,55.0,Hombre,Soltero,Rural,Valle del Cauca,Universitario,Tecnico,Publico,Universitario,Presencial,"Economia, administracion, contaduria y afines",9.0,3.0,2025,0.0,0.0,0.0,En curso
19.0,3.96,0.0,10.14,67.0,Mujer,Soltero,Urbana,Antioquia,Primaria,Tecnico,Publico,Universitario,Presencial,"Agronomia, veterinaria y afines",6.0,1.0,2022,0.0,1.0,1.0,En curso
20.0,4.12,0.0,7.34,52.0,Hombre,Soltero,Urbana,Valle del Cauca,Bachillerato,Primaria,Publico,Tecnologico,Distancia tradicional,"Ingenieria, arquitectura, urbanismo y afines",2.0,1.0,2024,0.0,0.0,0.0,En curso
22.0,3.28,1.0,10.18,55.0,Mujer,Soltero,Urbana,Valle del Cauca,Bachillerato,Tecnico,Privado,Universitario,Presencial,Ciencias de la salud,6.0,3.0,2025,0.0,0.0,1.0,En curso
21.0,2.76,0.0,10.58,44.0,Mujer,Soltero,Urbana,Chocó,Posgrado,Posgrado,Publico,Tecnologico,Presencial,"Ingenieria, arquitectura, urbanismo y afines",10.0,2.0,2023,0.0,0.0,0.0,Graduado
17.0,2.66,2.0,6.07,23.0,Mujer,Soltero,Urbana,Risaralda,Primaria,Primaria,Privado,Universitario,Presencial,"Economia, administracion, contaduria y afines",12.0,2.0,2021,1.0,1.0,1.0,Desertor
22.0,2.76,0.0,8.04,37.0,Hombre,Soltero,Urbana,Caldas,Universitario,Bachillerato,Publico,Universitario,Presencial,"Economia, administracion, contaduria y afines",3.0,5.0,2025,1.0,0.0,0.0,En curso
20.0,4.03,0.0,21.74,46.0,Mujer,Soltero,Urbana,Antioquia,Bachillerato,Tecnico,Privado,Tecnico profesional,Presencial,Bellas artes,6.0,3.0,2023,0.0,0.0,0.0,Graduado
16.0,3.79,1.0,10.47,85.0,Hombre,Soltero,Urbana,Bogotá D.C.,Tecnico,Bachillerato,Privado,Tecnologico,Presencial,Matematicas y ciencias naturales,4.0,3.0,2024,0.0,0.0,0.0,En curso
20.0,3.32,1.0,28.62,61.0,Hombre,Soltero,Urbana,Antioquia,Universitario,Bachillerato,Privado,Universitario,Presencial,Matematicas y ciencias naturales,8.0,3.0,2025,0.0,0.0,0.0,En curso
18.0,2.83,0.0,4.77,32.0,Hombre,Soltero,Rural,Chocó,Tecnico,Bachillerato,Privado,Tecnologico,Presencial,Ciencias sociales y humanas,8.0,5.0,2024,1.0,0.0,0.0,Graduado
19.0,2.99,2.0,10.32,36.0,Hombre,Soltero,Urbana,Cundinamarca,Bachillerato,Bachillerato,Publico,Universitario,Presencial,"Economia, administracion, contaduria y afines",12.0,3.0,2023,1.0,0.0,0.0,Graduado
26.0,4.37,1.0,7.7,79.0,Mujer,Soltero,Urbana,Valle del Cauca,Tecnico,Bachillerato,Privado,Universitario,Presencial,"Economia, administracion, contaduria y afines",2.0,3.0,2025,1.0,1.0,0.0,En curso
19.0,2.68,3.0,4.25,36.0,Mujer,Soltero,Urbana,Valle del Cauca,Universitario,Primaria,Privado,Universitario,Distancia tradicional,"Agronomia, veterinaria y afines",3.0,2.0,2021,1.0,0.0,1.0,Desertor
20.0,2.69,1.0,2.03,35.0,Hombre,Soltero,Rural,Cauca,Tecnico,Bachillerato,Privado,Tecnologico,Distancia tradicional,Ciencias sociales y humanas,11.0,5.0,2022,0.0,0.0,0.0,Desertor
18.0,3.87,0.0,54.73,68.0,Hombre,Soltero,Urbana,Arauca,Primaria,Primaria,Privado,Tecnologico,Distancia tradicional,Matematicas y ciencias naturales,8.0,2.0,2024,1.0,1.0,0.0,Graduado
18.0,3.49,0.0,4.03,67.0,Hombre,Soltero,Urbana,Bogotá D.C.,Primaria,Tecnico,Publico,Universitario,Presencial,"Agronomia, veterinaria y afines",4.0,3.0,2025,0.0,0.0,1.0,En curso
23.0,3.05,2.0,14.42,41.0,Mujer,Soltero,Rural,Norte de Santander,Primaria,Primaria,Privado,Universitario,Presencial,"Economia, administracion, contaduria y afines",5.0,2.0,2024,0.0,0.0,0.0,En curso
15.0,4.63,0.0,2.43,66.0,Hombre,Soltero,Urbana,Chocó,Bachillerato,Bachillerato,Publico,Universitario,Presencial,Bellas artes,9.0,2.0,2024,0.0,0.0,1.0,En curso
15.0,2.4,2.0,1.27,45.0,Hombre,Soltero,Urbana,Bogotá D.C.,Bachillerato,Primaria,Privado,Universitario,Presencial,Ciencias de la educacion,7.0,4.0,2022,0.0,0.0,0.0,En curso
21.0,3.72,0.0,3.01,44.0,Hombre,Soltero,Urbana,Córdoba,Tecnico,Tecnico,Privado,Tecnologico,Distancia tradicional,"Ingenieria, arquitectura, urbanismo y afines",6.0,4.0,2023,0.0,0.0,0.0,Graduado
17.0,3.09,0.0,6.66,65.0,Hombre,Soltero,Rural,Bogotá D.C.,Tecnico,Tecnico,Privado,Tecnologico,Presencial,"Ingenieria, arquitectura, urbanismo y afines",12.0,2.0,2024,1.0,0.0,1.0,Graduado
23.0,4.06,3.0,16.11,79.0,Mujer,Casado,Urbana,Antioquia,Posgrado,Primaria,Publico,Tecnico profesional,Presencial,Ciencias de la educacion,10.0,4.0,2025,0.0,0.0,0.0,Graduado
19.0,2.91,3.0,6.32,63.0,Mujer,Soltero,Urbana,Cundinamarca,Bachillerato,Bachillerato,Publico,Tecnologico,Presencial,"Economia, administracion, contaduria y afines",1.0,1.0,2021,1.0,0.0,1.0,En curso
21.0,3.0,2.0,44.32,56.0,Mujer,Soltero,Urbana,Bogotá D.C.,Bachillerato,Bachillerato,Privado,Tecnico profesional,Distancia tradicional,"Economia, administracion, contaduria y afines",6.0,2.0,2022,1.0,0.0,0.0,Desertor
19.0,3.39,1.0,1.76,83.0,Mujer,Soltero,Urbana,Cauca,Primaria,Primaria,Publico,Tecnico profesional,Presencial,"Economia, administracion, contaduria y afines",12.0,2.0,2023,0.0,0.0,0.0,Graduado
26.0,2.82,0.0,6.67,49.0,Mujer,Soltero,Urbana,Cesar,Bachillerato,Bachillerato,Publico,Universitario,Presencial,Ciencias de la salud,4.0,1.0,2023,1.0,0.0,0.0,En curso
17.0,3.65,0.0,8.31,78.0,Hombre,Soltero,Urbana,Santander,Bachillerato,Universitario,Publico,Universitario,Presencial,Ciencias sociales y humanas,5.0,1.0,2023,0.0,0.0,0.0,En curso
19.0,3.7,1.0,21.64,69.0,Mujer,Soltero,Urbana,Bogotá D.C.,Primaria,Bachillerato,Publico,Universitario,Presencial,Matematicas y ciencias naturales,9.0,2.0,2022,1.0,0.0,0.0,En curso
16.0,3.6,0.0,3.67,87.0,Hombre,Casado,Urbana,Valle del Cauca,Bachillerato,Bachillerato,Privado,Tecnologico,Presencial,Ciencias de la salud,4.0,2.0,2021,1.0,0.0,0.0,Desertor
20.0,2.63,2.0,6.17,50.0,Hombre,Soltero,Urbana,Valle del Cauca,Bachillerato,Ninguno,Privado,Tecnologico,Presencial,Ciencias de la educacion,11.0,1.0,2023,1.0,0.0,0.0,Desertor
20.0,2.79,2.0,8.61,23.0,Mujer,Soltero,Urbana,Sucre,Tecnico,Tecnico,Privado,Universitario,Distancia tradicional,"Ingenieria, arquitectura, urbanismo y afines",1.0,2.0,2023,0.0,0.0,0.0,Desertor
17.0,3.64,1.0,9.38,59.0,Mujer,Soltero,Rural,Bogotá D.C.,Primaria,Primaria,Publico,Tecnologico,Virtual,"Economia, administracion, contaduria y afines",12.0,2.0,2021,1.0,0.0,1.0,Graduado
26.0,4.26,0.0,4.17,78.0,Hombre,Soltero,Urbana,Tolima,Primaria,Ninguno,Publico,Tecnologico,Presencial,Ciencias de la educacion,10.0,2.0,2025,1.0,1.0,0.0,Graduado
23.0,3.64,0.0,3.21,63.0,Hombre,Union libre,Urbana,Bogotá D.C.,Ninguno,Bachillerato,Publico,Tecnico profesional,Presencial,Bellas artes,10.0,3.0,2025,0.0,0.0,0.0,Graduado
25.0,3.4,1.0,8.02,62.0,Hombre,Soltero,Rural,Bogotá D.C.,Bachillerato,Ninguno,Privado,Universitario,Presencial,Bellas artes,2.0,3.0,2021,0.0,1.0,0.0,En curso
21.0,3.35,1.0,14.49,44.0,Hombre,Soltero,Urbana,Cundinamarca,Universitario,Bachillerato,Publico,Tecnico profesional,Distancia tradicional,Ciencias sociales y humanas,9.0,2.0,2024,0.0,0.0,0.0,Graduado
19.0,3.92,1.0,6.1,75.0,Mujer,Soltero,Urbana,Atlántico,Bachillerato,Primaria,Privado,Universitario,Presencial,Ciencias sociales y humanas,7.0,2.0,2023,0.0,1.0,0.0,En curso
17.0,3.41,0.0,46.26,62.0,Hombre,Soltero,Urbana,Nariño,Universitario,Posgrado,Privado,Universitario,Presencial,"Economia, administracion, contaduria y afines",5.0,3.0,2022,1.0,0.0,0.0,En curso
16.0,4.22,0.0,3.4,67.0,Mujer,Soltero,Urbana,La Guajira,Tecnico,Primaria,Privado,Universitario,Distancia tradicional,"Economia, administracion, contaduria y afines",1.0,5.0,2023,1.0,1.0,0.0,En curso
15.0,3.6,0.0,3.32,83.0,Hombre,Casado,Urbana,Bogotá D.C.,Universitario,Bachillerato,Publico,Tecnico profesional,Presencial,Ciencias de la salud,6.0,3.0,2025,0.0,0.0,0.0,Graduado
16.0,3.12,4.0,4.2,44.0,Mujer,Soltero,Urbana,La Guajira,Primaria,Tecnico,Privado,Tecnologico,Presencial,Ciencias de la salud,7.0,3.0,2022,1.0,1.0,0.0,Desertor
16.0,3.63,1.0,8.33,89.0,Hombre,Soltero,Rural,Cundinamarca,Primaria,Primaria,Publico,Universitario,Presencial,"Economia, administracion, contaduria y afines",3.0,4.0,2025,0.0,0.0,0.0,En curso
24.0,4.39,0.0,2.84,68.0,Hombre,Union libre,Urbana,Antioquia,Universitario,Bachillerato,Publico,Tecnico profesional,Presencial,"Ingenieria, arquitectura, urbanismo y afines",4.0,2.0,2024,0.0,0.0,0.0,Graduado
19.0,4.13,0.0,18.97,81.0,Hombre,Soltero,Urbana,Antioquia,Bachillerato,Bachillerato,Privado,Tecnico profesional,Presencial,"Economia, administracion, contaduria y afines",1.0,3.0,2024,1.0,0.0,1.0,En curso
23.0,3.07,2.0,3.51,36.0,Mujer,Soltero,Urbana,Boyacá,Bachillerato,Tecnico,Privado,Tecnologico,Presencial,"Economia, administracion, contaduria y afines",6.0,4.0,2021,1.0,0.0,0.0,En curso
21.0,3.41,1.0,6.41,69.0,Hombre,Soltero,Urbana,Antioquia,Tecnico,Bachillerato,Privado,Tecnologico,Distancia tradicional,"Economia, administracion, contaduria y afines",9.0,1.0,2025,0.0,0.0,0.0,Graduado
19.0,2.44,2.0,35.17,44.0,Hombre,Soltero,Rural,Antioquia,Primaria,Bachillerato,Privado,Tecnologico,Presencial,"Economia, administracion, contaduria y afines",5.0,3.0,2025,0.0,0.0,0.0,Desertor
26.0,2.06,2.0,8.53,38.0,Mujer,Union libre,Rural,Antioquia,Primaria,Bachillerato,Publico,Universitario,Presencial,"Economia, administracion, contaduria y afines",10.0,5.0,2023,1.0,0.0,0.0,Desertor
29.0,3.16,3.0,4.37,43.0,Hombre,Soltero,Rural,Atlántico,Primaria,Bachillerato,Privado,Universitario,Presencial,Ciencias de la educacion,9.0,3.0,2023,1.0,1.0,0.0,Desertor
20.0,4.07,0.0,5.87,81.0,Mujer,Soltero,Urbana,Norte de Santander,Universitario,Tecnico,Publico,Universitario,Presencial,Ciencias de la salud,12.0,4.0,2023,0.0,1.0,0.0,Graduado
18.0,3.11,3.0,17.68,42.0,Mujer,Soltero,Urbana,Antioquia,Primaria,Posgrado,Publico,Universitario,Presencial,"Economia, administracion, contaduria y afines",5.0,2.0,2023,0.0,0.0,0.0,En curso
20.0,2.25,5.0,12.1,30.0,Mujer,Soltero,Urbana,Bogotá D.C.,Universitario,Tecnico,Privado,Universitario,Presencial,Ciencias de la salud,6.0,1.0,2025,0.0,0.0,0.0,Desertor
19.0,1.84,6.0,21.41,17.0,Hombre,Soltero,Rural,La Guajira,Primaria,Bachillerato,Privado,Universitario,Distancia tradicional,Ciencias sociales y humanas,3.0,5.0,2021,1.0,0.0,1.0,Desertor
16.0,4.37,0.0,2.84,91.0,Hombre,Soltero,Urbana,Tolima,Ninguno,Primaria,Publico,Universitario,Presencial,"Ingenieria, arquitectura, urbanismo y afines",10.0,3.0,2024,0.0,0.0,0.0,Graduado
17.0,3.25,3.0,18.02,53.0,Hombre,Soltero,Urbana,Arauca,Bachillerato,Primaria,Publico,Universitario,Presencial,Ciencias de la educacion,12.0,2.0,2024,0.0,0.0,0.0,Desertor
21.0,1.52,3.0,6.49,2.0,Hombre,Soltero,Urbana,Bogotá D.C.,Tecnico,Bachillerato,Privado,Tecnologico,Presencial,"Economia, administracion, contaduria y afines",4.0,3.0,2022,1.0,0.0,0.0,Desertor
16.0,4.15,1.0,30.93,81.0,Mujer,Soltero,Urbana,Risaralda,Ninguno,Universitario,Publico,Universitario,Distancia tradicional,"Economia, administracion, contaduria y afines",3.0,5.0,2025,1.0,0.0,1.0,En curso
15.0,3.13,4.0,69.68,52.0,Mujer,Union libre,Urbana,Tolima,Posgrado,Bachillerato,Privado,Universitario,Presencial,Ciencias sociales y humanas,6.0,4.0,2021,1.0,0.0,0.0,Desertor
18.0,4.66,0.0,6.64,87.0,Mujer,Union libre,Urbana,Cesar,Primaria,Posgrado,Privado,Universitario,Presencial,"Economia, administracion, contaduria y afines",1.0,2.0,2022,0.0,1.0,0.0,En curso
18.0,3.26,0.0,23.85,42.0,Hombre,Soltero,Urbana,Bogotá D.C.,Tecnico,Primaria,Publico,Universitario,Presencial,"Economia, administracion, contaduria y afines",5.0,3.0,2023,1.0,0.0,0.0,En curso
16.0,3.09,0.0,11.52,59.0,Mujer,Soltero,Rural,Risaralda,Primaria,Tecnico,Publico,Universitario,Presencial,Bellas artes,12.0,4.0,2023,1.0,0.0,0.0,Graduado
15.0,2.33,2.0,5.78,33.0,Hombre,Soltero,Urbana,Antioquia,Bachillerato,Primaria,Privado,Universitario,Virtual,"Economia, administracion, contaduria y afines",6.0,3.0,2021,0.0,0.0,0.0,Desertor
16.0,3.05,3.0,13.39,48.0,Mujer,Soltero,Urbana,Caldas,Primaria,Universitario,Publico,Universitario,Presencial,"Economia, administracion, contaduria y afines",9.0,3.0,2024,0.0,0.0,0.0,En curso
18.0,2.64,1.0,2.44,17.0,Mujer,Union libre,Urbana,Córdoba,Bachillerato,Bachillerato,Publico,Universitario,Virtual,"Economia, administracion, contaduria y afines",11.0,2.0,2022,1.0,1.0,0.0,Desertor
23.0,2.7,2.0,2.04,38.0,Hombre,Soltero,Urbana,Antioquia,Tecnico,Primaria,Privado,Universitario,Distancia tradicional,Ciencias de la educacion,5.0,1.0,2022,1.0,0.0,0.0,Desertor
20.0,3.64,0.0,6.09,47.0,Hombre,Soltero,Urbana,Valle del Cauca,Primaria,Bachillerato,Publico,Universitario,Presencial,"Economia, administracion, contaduria y afines",5.0,1.0,2024,1.0,0.0,1.0,En curso
21.0,3.36,0.0,15.53,49.0,Mujer,Soltero,Urbana,Bogotá D.C.,Bachillerato,Bachillerato,Publico,Tecnologico,Presencial,"Economia, administracion, contaduria y afines",5.0,3.0,2023,0.0,0.0,1.0,Desertor
24.0,4.09,1.0,12.58,53.0,Hombre,Soltero,Urbana,Atlántico,Posgrado,Ninguno,Publico,Tecnologico,Virtual,Ciencias de la educacion,7.0,2.0,2024,0.0,1.0,0.0,Graduado
21.0,3.67,2.0,4.51,76.0,Mujer,Soltero,Urbana,Casanare,Primaria,Bachillerato,Publico,Universitario,Presencial,"Ingenieria, arquitectura, urbanismo y afines",1.0,5.0,2023,0.0,0.0,0.0,En curso
21.0,3.03,5.0,32.45,77.0,Hombre,Soltero,Urbana,Atlántico,Primaria,Bachillerato,Publico,Universitario,Presencial,"Ingenieria, arquitectura, urbanismo y afines",7.0,5.0,2025,0.0,0.0,1.0,En curso
22.0,4.31,0.0,8.23,82.0,Hombre,Soltero,Urbana,Antioquia,Bachillerato,Ninguno,Publico,Tecnologico,Presencial,Ciencias de la educacion,7.0,2.0,2022,0.0,0.0,0.0,Graduado
17.0,2.65,1.0,1.9,49.0,Mujer,Soltero,Rural,La Guajira,Universitario,Ninguno,Publico,Universitario,Presencial,"Agronomia, veterinaria y afines",12.0,1.0,2021,1.0,0.0,0.0,Desertor
20.0,1.93,4.0,1.72,40.0,Mujer,Soltero,Urbana,Bogotá D.C.,Primaria,Primaria,Publico,Universitario,Distancia tradicional,Ciencias de la salud,12.0,2.0,2025,1.0,0.0,0.0,Graduado
16.0,4.92,0.0,9.46,97.0,Mujer,Union libre,Urbana,Atlántico,Ninguno,Bachillerato,Privado,Universitario,Presencial,"Economia, administracion, contaduria y afines",11.0,1.0,2022,0.0,0.0,0.0,Graduado
15.0,4.26,0.0,10.37,77.0,Mujer,Soltero,Urbana,Valle del Cauca,Bachillerato,Bachillerato,Publico,Universitario,Presencial,"Economia, administracion, contaduria y afines",6.0,3.0,2024,0.0,0.0,0.0,En curso
15.0,3.28,0.0,0.78,58.0,Hombre,Soltero,Urbana,Risaralda,Primaria,Ninguno,Privado,Universitario,Presencial,Ciencias de la salud,10.0,4.0,2023,0.0,0.0,1.0,Graduado
22.0,3.85,0.0,4.94,47.0,Hombre,Soltero,Urbana,Bogotá D.C.,Tecnico,Bachillerato,Privado,Tecnico profesional,Presencial,Ciencias de la educacion,6.0,2.0,2023,0.0,0.0,0.0,Graduado
21.0,3.86,1.0,26.4,65.0,Mujer,Otro,Urbana,Bogotá D.C.,Primaria,Primaria,Privado,Universitario,Presencial,"Economia, administracion, contaduria y afines",9.0,2.0,2024,0.0,0.0,1.0,En curso
21.0,3.61,0.0,1.15,46.0,Hombre,Soltero,Urbana,Bolívar,Universitario,Bachillerato,Publico,Universitario,Presencial,Ciencias de la salud,10.0,2.0,2022,0.0,1.0,0.0,Desertor
22.0,4.32,0.0,6.06,70.0,Hombre,Soltero,Urbana,Antioquia,Bachillerato,Primaria,Privado,Tecnologico,Presencial,Ciencias de la salud,12.0,2.0,2022,1.0,0.0,1.0,Graduado
22.0,3.43,3.0,8.48,40.0,Mujer,Union libre,Urbana,Nariño,Bachillerato,Bachillerato,Publico,Universitario,Presencial,"Ingenieria, arquitectura, urbanismo y afines",11.0,3.0,2022,1.0,0.0,0.0,Desertor
20.0,4.29,0.0,5.77,74.0,Hombre,Soltero,Urbana,Bogotá D.C.,Bachillerato,Posgrado,Publico,Tecnologico,Presencial,"Economia, administracion, contaduria y afines",8.0,5.0,2023,0.0,0.0,0.0,Graduado
15.0,3.87,0.0,2.51,50.0,Hombre,Soltero,Urbana,Bolívar,Bachillerato,Primaria,Privado,Tecnico profesional,Distancia tradicional,Ciencias de la educacion,1.0,5.0,2023,1.0,0.0,0.0,En curso
24.0,3.52,1.0,0.59,42.0,Mujer,Soltero,Urbana,Córdoba,Bachillerato,Universitario,Privado,Universitario,Presencial,"Economia, administracion, contaduria y afines",4.0,2.0,2021,1.0,0.0,1.0,En curso
18.0,3.7,0.0,14.44,60.0,Mujer,Soltero,Urbana,Bolívar,Bachillerato,Tecnico,Publico,Universitario,Virtual,Bellas artes,2.0,4.0,2022,0.0,0.0,0.0,En curso
18.0,3.75,0.0,4.87,58.0,Hombre,Soltero,Urbana,Antioquia,Universitario,Bachillerato,Privado,Universitario,Virtual,Ciencias sociales y humanas,10.0,2.0,2025,1.0,1.0,0.0,Graduado
18.0,3.41,1.0,4.13,42.0,Mujer,Soltero,Urbana,Bogotá D.C.,Bachillerato,Primaria,Publico,Tecnologico,Distancia tradicional,Bellas artes,10.0,5.0,2024,0.0,1.0,0.0,Graduado
18.0,3.61,2.0,10.69,56.0,Mujer,Union libre,Urbana,Cundinamarca,Primaria,Universitario,Privado,Universitario,Presencial,"Ingenieria, arquitectura, urbanismo y afines",9.0,2.0,2022,0.0,0.0,0.0,En curso
17.0,4.39,0.0,22.48,81.0,Mujer,Soltero,Urbana,Antioquia,Primaria,Universitario,Privado,Universitario,Presencial,Ciencias de la salud,9.0,1.0,2024,1.0,0.0,0.0,En curso
19.0,3.4,1.0,3.45,58.0,Hombre,Soltero,Urbana,Antioquia,Bachillerato,Bachillerato,Privado,Universitario,Distancia tradicional,Matematicas y ciencias naturales,8.0,3.0,2023,1.0,1.0,1.0,En curso
20.0,3.04,4.0,9.2,41.0,Mujer,Union libre,Urbana,Casanare,Universitario,Tecnico,Publico,Universitario,Presencial,"Economia, administracion, contaduria y afines",6.0,1.0,2023,1.0,0.0,1.0,En curso
20.0,4.43,0.0,5.64,66.0,Mujer,Soltero,Urbana,Sucre,Bachillerato,Primaria,Publico,Universitario,Distancia tradicional,"Economia, administracion, contaduria y afines",8.0,1.0,2025,0.0,0.0,0.0,En curso
15.0,4.43,0.0,8.82,77.0,Hombre,Soltero,Urbana,Cauca,Tecnico,Primaria,Publico,Universitario,Presencial,"Agronomia, veterinaria y afines",4.0,3.0,2022,0.0,0.0,0.0,En curso
24.0,2.97,1.0,5.44,26.0,Hombre,Soltero,Urbana,Valle del Cauca,Tecnico,Primaria,Privado,Universitario,Presencial,Bellas artes,4.0,4.0,2025,1.0,0.0,0.0,En curso
20.0,3.06,2.0,3.39,58.0,Mujer,Soltero,Urbana,Casanare,Primaria,Primaria,Privado,Universitario,Presencial,"Economia, administracion, contaduria y afines",7.0,2.0,2025,0.0,1.0,0.0,En curso
15.0,3.51,1.0,26.12,59.0,Hombre,Soltero,Urbana,Magdalena,Bachillerato,Bachillerato,Privado,Universitario,Presencial,Ciencias sociales y humanas,11.0,4.0,2022,0.0,0.0,0.0,Graduado
15.0,2.96,2.0,7.23,58.0,Mujer,Soltero,Urbana,Córdoba,Universitario,Bachillerato,Privado,Tecnologico,Distancia tradicional,Ciencias de la salud,7.0,3.0,2025,1.0,0.0,0.0,Graduado
22.0,3.91,0.0,15.14,53.0,Mujer,Casado,Urbana,Valle del Cauca,Ninguno,Universitario,Privado,Tecnico profesional,Distancia tradicional,"Ingenieria, arquitectura, urbanismo y afines",7.0,2.0,2022,0.0,0.0,0.0,Graduado
15.0,3.95,1.0,10.98,62.0,Hombre,Soltero,Rural,Antioquia,Tecnico,Ninguno,Publico,Tecnologico,Presencial,Ciencias de la salud,11.0,3.0,2023,0.0,0.0,0.0,Graduado
19.0,2.71,5.0,3.8,42.0,Mujer,Soltero,Urbana,Antioquia,Tecnico,Universitario,Publico,Tecnologico,Presencial,"Economia, administracion, contaduria y afines",9.0,1.0,2023,1.0,0.0,0.0,Desertor
23.0,3.41,2.0,10.01,58.0,Hombre,Soltero,Urbana,Bogotá D.C.,Tecnico,Primaria,Privado,Universitario,Presencial,Ciencias sociales y humanas,3.0,1.0,2025,0.0,0.0,0.0,En curso
21.0,3.69,1.0,7.35,54.0,Hombre,Soltero,Urbana,Valle del Cauca,Bachillerato,Posgrado,Publico,Universitario,Presencial,"Ingenieria, arquitectura, urbanismo y afines",7.0,1.0,2022,0.0,0.0,1.0,En curso
15.0,3.47,0.0,5.75,49.0,Mujer,Soltero,Urbana,Arauca,Primaria,Primaria,Publico,Tecnologico,Distancia tradicional,"Economia, administracion, contaduria y afines",4.0,3.0,2022,0.0,0.0,0.0,En curso
16.0,3.2,1.0,10.78,63.0,Hombre,Soltero,Urbana,Sucre,Universitario,Primaria,Privado,Universitario,Presencial,Bellas artes,6.0,1.0,2024,1.0,0.0,0.0,En curso
18.0,3.33,2.0,17.61,72.0,Mujer,Soltero,Urbana,Norte de Santander,Primaria,Tecnico,Privado,Universitario,Presencial,"Ingenieria, arquitectura, urbanismo y afines",10.0,1.0,2023,0.0,0.0,0.0,Desertor
17.0,2.85,1.0,5.64,58.0,Mujer,Soltero,Urbana,Cundinamarca,Bachillerato,Tecnico,Privado,Universitario,Presencial,"Economia, administracion, contaduria y afines",7.0,1.0,2024,0.0,0.0,1.0,En curso
17.0,2.76,2.0,3.52,44.0,Mujer,Casado,Urbana,Valle del Cauca,Bachillerato,Universitario,Publico,Universitario,Presencial,"Economia, administracion, contaduria y afines",12.0,2.0,2024,1.0,1.0,0.0,Desertor
20.0,2.63,3.0,5.64,40.0,Hombre,Soltero,Rural,Bogotá D.C.,Bachillerato,Posgrado,Publico,Tecnologico,Presencial,Ciencias sociales y humanas,9.0,1.0,2024,0.0,1.0,0.0,Graduado
16.0,4.01,2.0,11.94,54.0,Mujer,Soltero,Urbana,Antioquia,Bachillerato,Tecnico,Privado,Universitario,Presencial,"Agronomia, veterinaria y afines",10.0,4.0,2024,0.0,0.0,0.0,En curso
20.0,4.01,1.0,8.81,58.0,Mujer,Soltero,Urbana,Norte de Santander,Bachillerato,Bachillerato,Privado,Universitario,Virtual,Ciencias de la educacion,1.0,3.0,2025,0.0,0.0,0.0,En curso
21.0,4.48,0.0,33.64,83.0,Mujer,Union libre,Urbana,Cesar,Primaria,Primaria,Privado,Universitario,Presencial,Ciencias sociales y humanas,7.0,1.0,2025,0.0,0.0,0.0,En curso
20.0,3.29,1.0,4.33,62.0,Hombre,Soltero,Urbana,Tolima,Primaria,Primaria,Privado,Tecnico profesional,Distancia tradicional,Ciencias sociales y humanas,10.0,2.0,2021,1.0,0.0,1.0,Desertor
20.0,3.04,1.0,1.48,51.0,Mujer,Soltero,Urbana,Cundinamarca,Universitario,Primaria,Privado,Tecnologico,Distancia tradicional,"Ingenieria, arquitectura, urbanismo y afines",7.0,5.0,2024,1.0,0.0,0.0,En curso
23.0,3.64,0.0,20.08,62.0,Mujer,Soltero,Urbana,Antioquia,Bachillerato,Bachillerato,Publico,Universitario,Presencial,Matematicas y ciencias naturales,5.0,3.0,2025,0.0,0.0,0.0,En curso
18.0,3.07,0.0,4.21,52.0,Mujer,Soltero,Urbana,Atlántico,Primaria,Universitario,Privado,Tecnologico,Distancia tradicional,"Ingenieria, arquitectura, urbanismo y afines",7.0,5.0,2024,0.0,1.0,0.0,Graduado
17.0,2.75,1.0,17.08,35.0,Hombre,Soltero,Urbana,Bogotá D.C.,Bachillerato,Bachillerato,Publico,Tecnico profesional,Presencial,"Ingenieria, arquitectura, urbanismo y afines",8.0,2.0,2023,1.0,0.0,0.0,Graduado
22.0,3.04,1.0,11.47,31.0,Hombre,Soltero,Urbana,Bogotá D.C.,Primaria,Primaria,Privado,Universitario,Distancia tradicional,Ciencias de la educacion,4.0,3.0,2022,0.0,1.0,0.0,En curso
22.0,3.13,0.0,4.4,73.0,Mujer,Casado,Urbana,Antioquia,Bachillerato,Primaria,Privado,Tecnologico,Presencial,Matematicas y ciencias naturales,7.0,2.0,2021,1.0,0.0,0.0,Graduado
16.0,3.23,1.0,7.13,54.0,Mujer,Soltero,Urbana,Bogotá D.C.,Bachillerato,Primaria,Publico,Universitario,Presencial,Ciencias de la educacion,3.0,3.0,2025,0.0,1.0,1.0,En curso
23.0,3.21,1.0,9.99,72.0,Hombre,Soltero,Rural,Antioquia,Universitario,Bachillerato,Privado,Universitario,Virtual,"Economia, administracion, contaduria y afines",3.0,1.0,2023,0.0,0.0,1.0,En curso
19.0,2.84,3.0,7.11,48.0,Mujer,Soltero,Urbana,Valle del Cauca,Ninguno,Tecnico,Privado,Tecnologico,Distancia tradicional,"Agronomia, veterinaria y afines",3.0,2.0,2024,1.0,0.0,0.0,Desertor
20.0,3.17,1.0,5.7,58.0,Hombre,Otro,Urbana,Cundinamarca,Universitario,Primaria,Privado,Tecnologico,Distancia tradicional,"Economia, administracion, contaduria y afines",3.0,3.0,2022,0.0,0.0,0.0,En curso
27.0,3.39,3.0,6.16,60.0,Hombre,Soltero,Urbana,Bogotá D.C.,Universitario,Primaria,Privado,Universitario,Virtual,"Economia, administracion, contaduria y afines",6.0,2.0,2023,0.0,0.0,0.0,Desertor
20.0,3.93,1.0,6.27,76.0,Hombre,Soltero,Urbana,Putumayo,Bachillerato,Bachillerato,Privado,Tecnologico,Presencial,Ciencias sociales y humanas,6.0,2.0,2025,0.0,0.0,0.0,En curso
22.0,3.74,0.0,8.88,41.0,Mujer,Casado,Urbana,Caquetá,Ninguno,Primaria,Privado,Universitario,Distancia tradicional,"Economia, administracion, contaduria y afines",8.0,2.0,2024,1.0,0.0,0.0,Graduado
19.0,3.52,0.0,4.88,55.0,Hombre,Soltero,Urbana,Bogotá D.C.,Primaria,Universitario,Publico,Universitario,Presencial,"Ingenieria, arquitectura, urbanismo y afines",10.0,2.0,2022,0.0,1.0,1.0,Desertor
22.0,3.27,2.0,12.06,40.0,Mujer,Casado,Urbana,Córdoba,Bachillerato,Bachillerato,Publico,Universitario,Virtual,"Agronomia, veterinaria y afines",6.0,4.0,2023,0.0,0.0,0.0,En curso
23.0,2.82,1.0,7.28,46.0,Hombre,Soltero,Urbana,Antioquia,Primaria,Ninguno,Privado,Tecnologico,Presencial,"Economia, administracion, contaduria y afines",5.0,4.0,2023,0.0,0.0,0.0,Graduado
15.0,2.72,1.0,4.96,40.0,Hombre,Soltero,Urbana,Chocó,Universitario,Primaria,Publico,Universitario,Distancia tradicional,Ciencias sociales y humanas,9.0,3.0,2024,0.0,0.0,0.0,Graduado
15.0,3.88,0.0,1.53,79.0,Mujer,Soltero,Urbana,Valle del Cauca,Bachillerato,Bachillerato,Privado,Universitario,Presencial,"Ingenieria, arquitectura, urbanismo y afines",11.0,1.0,2024,1.0,0.0,0.0,Graduado
15.0,3.41,2.0,10.04,49.0,Mujer,Casado,Urbana,Antioquia,Primaria,Primaria,Privado,Universitario,Presencial,"Agronomia, veterinaria y afines",10.0,4.0,2022,1.0,0.0,1.0,Graduado
21.0,2.73,4.0,3.98,50.0,Hombre,Soltero,Urbana,Santander,Bachillerato,Primaria,Publico,Universitario,Presencial,"Ingenieria, arquitectura, urbanismo y afines",4.0,3.0,2022,1.0,1.0,1.0,En curso
25.0,3.46,1.0,3.55,67.0,Hombre,Soltero,Urbana,Antioquia,Tecnico,Bachillerato,Publico,Universitario,Presencial,Ciencias de la educacion,4.0,1.0,2024,0.0,0.0,1.0,Desertor
20.0,3.74,1.0,15.03,59.0,Mujer,Soltero,Urbana,Chocó,Primaria,Primaria,Privado,Tecnico profesional,Presencial,Matematicas y ciencias naturales,9.0,2.0,2022,0.0,1.0,1.0,Desertor
20.0,4.13,0.0,10.29,73.0,Mujer,Soltero,Rural,Caldas,Primaria,Bachillerato,Privado,Universitario,Presencial,"Economia, administracion, contaduria y afines",10.0,4.0,2023,1.0,0.0,0.0,Graduado
20.0,2.56,4.0,13.88,49.0,Mujer,Union libre,Urbana,Valle del Cauca,Universitario,Tecnico,Publico,Universitario,Presencial,"Agronomia, veterinaria y afines",10.0,2.0,2023,0.0,0.0,0.0,Graduado
15.0,2.71,1.0,5.56,36.0,Mujer,Soltero,Urbana,Valle del Cauca,Primaria,Primaria,Privado,Tecnologico,Distancia tradicional,"Economia, administracion, contaduria y afines",10.0,3.0,2022,0.0,1.0,0.0,Desertor
15.0,3.1,1.0,15.32,38.0,Mujer,Soltero,Urbana,Antioquia,Bachillerato,Bachillerato,Privado,Tecnologico,Presencial,"Agronomia, veterinaria y afines",2.0,2.0,2023,0.0,0.0,0.0,Desertor
19.0,4.44,0.0,1.54,92.0,Hombre,Casado,Urbana,Santander,Ninguno,Primaria,Publico,Universitario,Presencial,"Ingenieria, arquitectura, urbanismo y afines",11.0,2.0,2025,1.0,0.0,0.0,Graduado
18.0,2.48,3.0,8.93,42.0,Mujer,Soltero,Urbana,Magdalena,Bachillerato,Universitario,Publico,Universitario,Presencial,Bellas artes,8.0,5.0,2021,1.0,0.0,0.0,En curso
23.0,2.19,4.0,11.64,46.0,Mujer,Soltero,Urbana,Cundinamarca,Primaria,Bachillerato,Privado,Universitario,Distancia tradicional,Ciencias de la salud,12.0,2.0,2023,0.0,0.0,0.0,Desertor
19.0,3.36,1.0,5.62,79.0,Mujer,Soltero,Urbana,Antioquia,Primaria,Primaria,Privado,Tecnico profesional,Presencial,Ciencias sociales y humanas,10.0,3.0,2024,0.0,0.0,0.0,Graduado
15.0,3.43,2.0,4.23,69.0,Hombre,Soltero,Urbana,Valle del Cauca,Universitario,Universitario,Privado,Universitario,Presencial,"Economia, administracion, contaduria y afines",9.0,2.0,2023,0.0,0.0,0.0,En curso
20.0,3.78,0.0,2.52,82.0,Hombre,Soltero,Urbana,Cundinamarca,Primaria,Bachillerato,Privado,Universitario,Presencial,"Economia, administracion, contaduria y afines",8.0,3.0,2023,0.0,0.0,0.0,Graduado
21.0,3.85,2.0,3.8,58.0,Hombre,Soltero,Urbana,Bolívar,Bachillerato,Primaria,Privado,Tecnico profesional,Presencial,Ciencias de la salud,6.0,5.0,2022,0.0,0.0,1.0,Graduado
26.0,4.27,0.0,1.37,70.0,Hombre,Union libre,Urbana,Antioquia,Bachillerato,Tecnico,Publico,Tecnico profesional,Presencial,"Agronomia, veterinaria y afines",5.0,2.0,2022,0.0,0.0,1.0,Graduado
15.0,3.05,2.0,25.37,36.0,Hombre,Soltero,Urbana,Magdalena,Primaria,Ninguno,Privado,Universitario,Presencial,"Economia, administracion, contaduria y afines",8.0,2.0,2025,0.0,1.0,0.0,Desertor
18.0,3.59,0.0,16.46,40.0,Hombre,Soltero,Urbana,Cauca,Bachillerato,Bachillerato,Privado,Universitario,Presencial,"Ingenieria, arquitectura, urbanismo y afines",6.0,5.0,2025,0.0,1.0,0.0,En curso
18.0,2.77,5.0,7.41,54.0,Mujer,Soltero,Urbana,La Guajira,Primaria,Primaria,Publico,Tecnico profesional,Presencial,Ciencias sociales y humanas,10.0,3.0,2024,1.0,0.0,1.0,Desertor
23.0,4.44,0.0,3.73,89.0,Hombre,Union libre,Urbana,Bogotá D.C.,Universitario,Primaria,Publico,Universitario,Virtual,"Economia, administracion, contaduria y afines",8.0,4.0,2025,0.0,0.0,0.0,En curso
20.0,2.95,2.0,2.63,45.0,Mujer,Soltero,Urbana,Huila,Tecnico,Tecnico,Privado,Tecnico profesional,Virtual,"Economia, administracion, contaduria y afines",10.0,3.0,2023,1.0,0.0,1.0,Desertor
15.0,4.79,0.0,22.69,95.0,Mujer,Soltero,Urbana,Valle del Cauca,Bachillerato,Universitario,Publico,Tecnologico,Distancia tradicional,Bellas artes,2.0,2.0,2023,1.0,0.0,0.0,En curso
17.0,3.1,1.0,16.93,49.0,Mujer,Casado,Urbana,Santander,Tecnico,Bachillerato,Publico,Universitario,Virtual,Bellas artes,9.0,3.0,2021,0.0,0.0,0.0,En curso
20.0,2.87,1.0,8.32,49.0,Mujer,Soltero,Rural,Córdoba,Tecnico,Bachillerato,Publico,Universitario,Presencial,Ciencias sociales y humanas,4.0,1.0,2022,1.0,0.0,0.0,Desertor
23.0,4.2,0.0,3.13,78.0,Mujer,Soltero,Urbana,Bogotá D.C.,Universitario,Universitario,Privado,Universitario,Presencial,"Ingenieria, arquitectura, urbanismo y afines",7.0,2.0,2021,1.0,0.0,0.0,En curso
20.0,2.48,1.0,18.68,29.0,Mujer,Soltero,Urbana,Cundinamarca,Primaria,Tecnico,Publico,Universitario,Distancia tradicional,"Economia, administracion, contaduria y afines",6.0,4.0,2021,1.0,1.0,0.0,Desertor
20.0,2.88,2.0,4.78,40.0,Hombre,Soltero,Urbana,Córdoba,Primaria,Bachillerato,Publico,Tecnologico,Virtual,"Economia, administracion, contaduria y afines",8.0,1.0,2023,1.0,0.0,1.0,Graduado
17.0,2.91,1.0,15.3,69.0,Mujer,Soltero,Urbana,Atlántico,Bachillerato,Primaria,Publico,Tecnico profesional,Presencial,"Economia, administracion, contaduria y afines",6.0,4.0,2023,1.0,0.0,0.0,Graduado
17.0,3.85,0.0,1.96,74.0,Hombre,Soltero,Urbana,Norte de Santander,Universitario,Posgrado,Publico,Universitario,Presencial,Matematicas y ciencias naturales,12.0,4.0,2024,1.0,0.0,0.0,Graduado
18.0,4.28,0.0,5.58,70.0,Hombre,Soltero,Urbana,Cauca,Tecnico,Universitario,Publico,Universitario,Virtual,"Agronomia, veterinaria y afines",1.0,1.0,2023,0.0,0.0,0.0,En curso
22.0,3.52,1.0,7.28,71.0,Mujer,Soltero,Urbana,La Guajira,Bachillerato,Bachillerato,Privado,Universitario,Presencial,"Ingenieria, arquitectura, urbanismo y afines",5.0,5.0,2024,1.0,0.0,0.0,En curso
25.0,3.92,0.0,13.33,63.0,Mujer,Soltero,Urbana,Atlántico,Bachillerato,Bachillerato,Privado,Universitario,Presencial,"Economia, administracion, contaduria y afines",1.0,2.0,2024,1.0,1.0,1.0,En curso
24.0,2.53,2.0,16.29,54.0,Hombre,Soltero,Urbana,Casanare,Primaria,Bachillerato,Privado,Tecnologico,Distancia tradicional,"Agronomia, veterinaria y afines",10.0,3.0,2025,0.0,0.0,0.0,Desertor
23.0,3.73,1.0,11.5,54.0,Mujer,Soltero,Rural,Bogotá D.C.,Primaria,Bachillerato,Privado,Universitario,Virtual,"Economia, administracion, contaduria y afines",6.0,2.0,2024,0.0,0.0,1.0,En curso
15.0,2.41,1.0,7.52,55.0,Hombre,Soltero,Urbana,Valle del Cauca,Bachillerato,Tecnico,Privado,Tecnologico,Presencial,"Economia, administracion, contaduria y afines",5.0,1.0,2025,1.0,1.0,0.0,En curso
15.0,3.55,4.0,8.81,97.0,Mujer,Soltero,Urbana,Atlántico,Ninguno,Tecnico,Publico,Universitario,Distancia tradicional,Ciencias de la salud,7.0,2.0,2022,1.0,0.0,0.0,En curso
15.0,2.33,0.0,5.5,32.0,Mujer,Soltero,Urbana,Antioquia,Primaria,Bachillerato,Privado,Tecnologico,Distancia tradicional,"Economia, administracion, contaduria y afines",2.0,5.0,2024,1.0,0.0,0.0,Desertor
20.0,4.04,0.0,15.2,84.0,Hombre,Union libre,Urbana,Bogotá D.C.,Primaria,Primaria,Privado,Tecnologico,Presencial,Ciencias de la salud,6.0,2.0,2023,0.0,1.0,0.0,En curso
15.0,3.27,1.0,9.66,62.0,Mujer,Soltero,Urbana,Boyacá,Bachillerato,Bachillerato,Privado,Universitario,Presencial,Matematicas y ciencias naturales,6.0,5.0,2025,1.0,1.0,0.0,En curso
18.0,3.89,0.0,2.19,84.0,Hombre,Soltero,Urbana,Córdoba,Bachillerato,Primaria,Privado,Universitario,Presencial,"Economia, administracion, contaduria y afines",7.0,3.0,2021,0.0,1.0,1.0,En curso
17.0,2.33,1.0,5.49,35.0,Hombre,Soltero,Urbana,Córdoba,Tecnico,Universitario,Publico,Universitario,Presencial,Ciencias de la salud,2.0,6.0,2021,0.0,0.0,0.0,Desertor
24.0,3.53,1.0,11.34,85.0,Hombre,Casado,Urbana,Tolima,Bachillerato,Bachillerato,Privado,Universitario,Presencial,Ciencias sociales y humanas,2.0,1.0,2023,1.0,0.0,0.0,Desertor
23.0,2.73,1.0,30.56,21.0,Mujer,Soltero,Urbana,Santander,Primaria,Bachillerato,Publico,Universitario,Virtual,"Economia, administracion, contaduria y afines",3.0,2.0,2021,0.0,0.0,0.0,Desertor
21.0,3.44,1.0,7.9,54.0,Mujer,Casado,Urbana,Valle del Cauca,Primaria,Tecnico,Privado,Tecnologico,Presencial,Ciencias sociales y humanas,7.0,1.0,2023,1.0,0.0,1.0,Desertor
20.0,3.23,1.0,16.66,82.0,Hombre,Soltero,Urbana,Valle del Cauca,Bachillerato,Ninguno,Publico,Tecnologico,Presencial,Ciencias sociales y humanas,11.0,3.0,2024,0.0,0.0,0.0,Graduado
19.0,3.37,1.0,1.64,57.0,Mujer,Soltero,Urbana,Nariño,Bachillerato,Bachillerato,Privado,Universitario,Distancia tradicional,"Agronomia, veterinaria y afines",8.0,2.0,2021,0.0,0.0,1.0,En curso
19.0,3.34,3.0,6.8,51.0,Mujer,Soltero,Urbana,Caldas,Bachillerato,Bachillerato,Privado,Universitario,Presencial,Ciencias de la salud,11.0,2.0,2023,0.0,0.0,0.0,Graduado
22.0,3.94,1.0,2.27,56.0,Hombre,Soltero,Urbana,Antioquia,Universitario,Primaria,Publico,Tecnico profesional,Presencial,"Economia, administracion, contaduria y afines",8.0,2.0,2024,0.0,0.0,0.0,Graduado
16.0,3.94,1.0,16.87,80.0,Hombre,Soltero,Urbana,Valle del Cauca,Bachillerato,Primaria,Privado,Universitario,Presencial,"Economia, administracion, contaduria y afines",7.0,1.0,2022,1.0,0.0,1.0,En curso
15.0,3.62,0.0,6.14,66.0,Mujer,Soltero,Rural,Bogotá D.C.,Bachillerato,Bachillerato,Publico,Tecnologico,Virtual,"Economia, administracion, contaduria y afines",6.0,2.0,2025,0.0,1.0,0.0,Graduado
15.0,3.52,0.0,7.65,66.0,Hombre,Soltero,Urbana,Antioquia,Universitario,Tecnico,Privado,Universitario,Presencial,"Ingenieria, arquitectura, urbanismo y afines",5.0,3.0,2025,0.0,0.0,0.0,En curso
15.0,4.01,0.0,13.02,59.0,Mujer,Soltero,Urbana,Bogotá D.C.,Primaria,Bachillerato,Publico,Tecnico profesional,Presencial,"Economia, administracion, contaduria y afines",12.0,6.0,2025,1.0,1.0,0.0,Graduado
24.0,4.2,0.0,3.0,76.0,Mujer,Soltero,Urbana,Bogotá D.C.,Bachillerato,Tecnico,Privado,Universitario,Presencial,"Ingenieria, arquitectura, urbanismo y afines",9.0,2.0,2025,0.0,0.0,1.0,Graduado
21.0,3.11,3.0,7.27,71.0,Hombre,Soltero,Urbana,Boyacá,Tecnico,Primaria,Privado,Universitario,Presencial,Ciencias de la salud,9.0,4.0,2022,0.0,0.0,0.0,En curso
27.0,3.38,1.0,34.29,61.0,Mujer,Soltero,Rural,Antioquia,Universitario,Tecnico,Privado,Universitario,Presencial,Matematicas y ciencias naturales,6.0,2.0,2025,0.0,0.0,0.0,En curso
17.0,3.76,0.0,4.91,52.0,Mujer,Soltero,Urbana,Bogotá D.C.,Primaria,Bachillerato,Publico,Tecnico profesional,Virtual,"Economia, administracion, contaduria y afines",12.0,2.0,2025,0.0,0.0,1.0,Graduado
15.0,2.81,0.0,5.25,64.0,Mujer,Soltero,Urbana,Bolívar,Bachillerato,Bachillerato,Privado,Universitario,Presencial,"Economia, administracion, contaduria y afines",3.0,4.0,2025,0.0,0.0,1.0,En curso
18.0,3.47,0.0,12.11,56.0,Mujer,Soltero,Rural,Valle del Cauca,Tecnico,Universitario,Privado,Tecnologico,Distancia tradicional,Ciencias de la salud,9.0,3.0,2024,0.0,1.0,0.0,Graduado
24.0,2.53,2.0,5.06,45.0,Hombre,Soltero,Urbana,Chocó,Bachillerato,Primaria,Publico,Universitario,Presencial,"Economia, administracion, contaduria y afines",3.0,2.0,2022,0.0,0.0,0.0,Desertor
23.0,3.85,0.0,6.83,58.0,Hombre,Soltero,Rural,Nariño,Bachillerato,Bachillerato,Publico,Universitario,Virtual,"Economia, administracion, contaduria y afines",8.0,4.0,2024,0.0,1.0,0.0,En curso
17.0,2.86,1.0,27.13,32.0,Mujer,Soltero,Urbana,Antioquia,Bachillerato,Tecnico,Privado,Tecnologico,Distancia tradicional,"Ingenieria, arquitectura, urbanismo y afines",10.0,2.0,2024,0.0,0.0,1.0,Graduado
18.0,1.51,3.0,0.76,17.0,Hombre,Union libre,Urbana,Cundinamarca,Universitario,Bachillerato,Publico,Tecnico profesional,Presencial,Ciencias sociales y humanas,5.0,4.0,2024,0.0,0.0,0.0,Desertor
25.0,4.08,0.0,16.71,100.0,Hombre,Soltero,Rural,Risaralda,Primaria,Bachillerato,Privado,Universitario,Presencial,Ciencias sociales y humanas,11.0,5.0,2023,1.0,1.0,0.0,Graduado
23.0,2.16,1.0,6.65,37.0,Mujer,Otro,Urbana,Tolima,Bachillerato,Tecnico,Publico,Tecnico profesional,Presencial,Bellas artes,9.0,4.0,2025,1.0,0.0,0.0,Desertor
20.0,3.85,1.0,74.29,51.0,Hombre,Soltero,Urbana,Antioquia,Primaria,Primaria,Privado,Tecnologico,Virtual,"Ingenieria, arquitectura, urbanismo y afines",4.0,2.0,2024,1.0,0.0,0.0,En curso
20.0,2.65,1.0,10.06,45.0,Mujer,Union libre,Urbana,Valle del Cauca,Tecnico,Tecnico,Publico,Tecnologico,Distancia tradicional,Ciencias de la salud,5.0,2.0,2024,1.0,1.0,0.0,Desertor
23.0,3.77,1.0,19.57,60.0,Mujer,Soltero,Urbana,Cundinamarca,Primaria,Bachillerato,Privado,Universitario,Virtual,Ciencias sociales y humanas,2.0,2.0,2023,1.0,0.0,0.0,Desertor
22.0,4.11,0.0,12.03,62.0,Mujer,Soltero,Urbana,Bogotá D.C.,Ninguno,Primaria,Publico,Tecnico profesional,Virtual,Ciencias de la educacion,8.0,2.0,2022,1.0,0.0,0.0,Graduado
18.0,3.63,0.0,17.15,76.0,Mujer,Soltero,Urbana,Norte de Santander,Bachillerato,Ninguno,Privado,Tecnico profesional,Presencial,Ciencias sociales y humanas,10.0,1.0,2022,1.0,0.0,0.0,Graduado
21.0,3.74,0.0,9.92,65.0,Hombre,Soltero,Rural,Córdoba,Primaria,Tecnico,Privado,Universitario,Presencial,"Economia, administracion, contaduria y afines",6.0,5.0,2024,0.0,0.0,0.0,En curso
17.0,3.18,1.0,2.44,42.0,Mujer,Soltero,Urbana,Cundinamarca,Tecnico,Bachillerato,Privado,Tecnologico,Presencial,Bellas artes,3.0,2.0,2025,1.0,0.0,0.0,Desertor
17.0,2.62,2.0,2.67,20.0,Hombre,Soltero,Urbana,Bogotá D.C.,Tecnico,Bachillerato,Publico,Tecnico profesional,Presencial,"Economia, administracion, contaduria y afines",11.0,1.0,2025,1.0,1.0,0.0,Desertor
23.0,3.48,1.0,19.3,66.0,Mujer,Soltero,Urbana,Valle del Cauca,Ninguno,Primaria,Privado,Tecnologico,Distancia tradicional,Ciencias sociales y humanas,4.0,2.0,2025,0.0,1.0,0.0,En curso
15.0,3.71,0.0,12.19,54.0,Mujer,Soltero,Urbana,Cundinamarca,Bachillerato,Bachillerato,Publico,Tecnico profesional,Presencial,"Ingenieria, arquitectura, urbanismo y afines",12.0,1.0,2023,1.0,0.0,0.0,Desertor
18.0,2.13,1.0,8.03,43.0,Mujer,Soltero,Rural,Antioquia,Bachillerato,Tecnico,Privado,Universitario,Presencial,"Ingenieria, arquitectura, urbanismo y afines",5.0,3.0,2024,0.0,0.0,0.0,En curso
18.0,4.23,0.0,5.05,78.0,Mujer,Soltero,Urbana,Bogotá D.C.,Bachillerato,Primaria,Privado,Tecnologico,Distancia tradicional,"Ingenieria, arquitectura, urbanismo y afines",10.0,6.0,2025,1.0,0.0,1.0,Graduado
17.0,4.08,1.0,5.0,48.0,Hombre,Soltero,Rural,Valle del Cauca,Primaria,Primaria,Publico,Universitario,Presencial,"Economia, administracion, contaduria y afines",9.0,2.0,2024,1.0,1.0,1.0,Graduado
15.0,2.6,3.0,47.96,24.0,Hombre,Soltero,Urbana,Valle del Cauca,Bachillerato,Universitario,Publico,Universitario,Presencial,Ciencias de la salud,8.0,2.0,2023,1.0,1.0,1.0,Graduado
15.0,4.52,0.0,2.33,80.0,Mujer,Soltero,Rural,Cauca,Tecnico,Bachillerato,Privado,Universitario,Distancia tradicional,"Economia, administracion, contaduria y afines",4.0,2.0,2024,1.0,0.0,0.0,En curso
20.0,4.8,0.0,12.13,92.0,Mujer,Soltero,Urbana,Putumayo,Bachillerato,Bachillerato,Privado,Universitario,Presencial,"Ingenieria, arquitectura, urbanismo y afines",1.0,4.0,2024,0.0,0.0,1.0,En curso
15.0,3.11,1.0,4.55,57.0,Mujer,Soltero,Urbana,Antioquia,Tecnico,Primaria,Privado,Tecnologico,Presencial,Ciencias sociales y humanas,3.0,1.0,2025,1.0,0.0,0.0,En curso
20.0,2.58,2.0,11.82,34.0,Hombre,Soltero,Urbana,Valle del Cauca,Universitario,Posgrado,Privado,Universitario,Presencial,Ciencias sociales y humanas,1.0,2.0,2025,0.0,0.0,0.0,En curso
16.0,2.83,1.0,3.14,49.0,Mujer,Soltero,Urbana,Bogotá D.C.,Primaria,Primaria,Privado,Tecnologico,Virtual,"Ingenieria, arquitectura, urbanismo y afines",3.0,1.0,2022,0.0,0.0,0.0,En curso
16.0,3.71,1.0,6.24,85.0,Mujer,Soltero,Urbana,Nariño,Primaria,Universitario,Publico,Universitario,Presencial,Ciencias sociales y humanas,7.0,2.0,2023,1.0,1.0,0.0,En curso
17.0,3.3,2.0,2.51,75.0,Hombre,Soltero,Rural,Casanare,Bachillerato,Primaria,Privado,Universitario,Presencial,"Economia, administracion, contaduria y afines",4.0,3.0,2022,1.0,0.0,0.0,En curso
19.0,3.7,0.0,15.78,62.0,Mujer,Soltero,Urbana,Casanare,Universitario,Primaria,Privado,Tecnologico,Presencial,"Economia, administracion, contaduria y afines",5.0,2.0,2023,0.0,0.0,0.0,En curso
20.0,3.01,1.0,5.05,70.0,Hombre,Union libre,Rural,Bogotá D.C.,Bachillerato,Universitario,Privado,Universitario,Virtual,"Ingenieria, arquitectura, urbanismo y afines",9.0,5.0,2023,0.0,0.0,0.0,En curso
18.0,4.25,0.0,1.87,76.0,Mujer,Soltero,Urbana,Atlántico,Primaria,Posgrado,Publico,Tecnologico,Presencial,"Ingenieria, arquitectura, urbanismo y afines",7.0,2.0,2023,1.0,0.0,0.0,Graduado
17.0,3.74,2.0,5.6,57.0,Hombre,Union libre,Urbana,Cundinamarca,Bachillerato,Universitario,Publico,Tecnologico,Presencial,"Economia, administracion, contaduria y afines",2.0,1.0,2023,1.0,0.0,0.0,En curso
20.0,1.69,2.0,6.36,1.0,Mujer,Soltero,Urbana,Cauca,Primaria,Universitario,Publico,Universitario,Presencial,Ciencias de la educacion,6.0,3.0,2024,0.0,0.0,1.0,En curso
20.0,4.33,0.0,39.86,96.0,Hombre,Casado,Urbana,Antioquia,Bachillerato,Bachillerato,Publico,Universitario,Presencial,"Ingenieria, arquitectura, urbanismo y afines",7.0,4.0,2022,1.0,0.0,0.0,En curso
18.0,3.11,2.0,2.08,61.0,Mujer,Soltero,Urbana,Tolima,Primaria,Primaria,Privado,Universitario,Presencial,Ciencias de la salud,10.0,5.0,2022,0.0,0.0,0.0,En curso
17.0,3.66,0.0,7.04,52.0,Hombre,Soltero,Urbana,Valle del Cauca,Primaria,Posgrado,Publico,Universitario,Distancia tradicional,"Ingenieria, arquitectura, urbanismo y afines",10.0,3.0,2024,0.0,0.0,0.0,En curso
23.0,3.35,1.0,7.64,47.0,Mujer,Soltero,Rural,Bogotá D.C.,Ninguno,Bachillerato,Publico,Tecnico profesional,Presencial,"Economia, administracion, contaduria y afines",1.0,3.0,2025,1.0,0.0,0.0,En curso
22.0,4.8,0.0,7.56,89.0,Mujer,Soltero,Urbana,Magdalena,Primaria,Bachillerato,Privado,Tecnico profesional,Virtual,Ciencias de la salud,3.0,3.0,2025,0.0,1.0,0.0,En curso
15.0,4.06,0.0,18.73,59.0,Mujer,Soltero,Urbana,Cesar,Ninguno,Primaria,Privado,Universitario,Presencial,"Ingenieria, arquitectura, urbanismo y afines",9.0,1.0,2024,1.0,0.0,0.0,Graduado
16.0,2.89,2.0,47.64,53.0,Mujer,Union libre,Urbana,Huila,Tecnico,Bachillerato,Publico,Universitario,Distancia tradicional,Ciencias de la salud,11.0,3.0,2023,1.0,1.0,0.0,Graduado
19.0,4.04,2.0,4.01,65.0,Hombre,Casado,Urbana,Risaralda,Primaria,Primaria,Publico,Tecnologico,Virtual,"Ingenieria, arquitectura, urbanismo y afines",12.0,2.0,2024,0.0,0.0,0.0,Graduado
19.0,3.42,0.0,2.79,39.0,Mujer,Otro,Urbana,Atlántico,Ninguno,Ninguno,Privado,Tecnico profesional,Presencial,Ciencias de la salud,8.0,3.0,2021,1.0,1.0,0.0,Graduado
23.0,3.86,1.0,18.08,58.0,Mujer,Soltero,Urbana,Magdalena,Primaria,Bachillerato,Publico,Universitario,Presencial,"Economia, administracion, contaduria y afines",4.0,3.0,2025,0.0,0.0,0.0,En curso
22.0,3.07,1.0,9.28,39.0,Hombre,Soltero,Rural,Santander,Bachillerato,Universitario,Privado,Tecnologico,Presencial,Ciencias de la educacion,9.0,1.0,2021,0.0,0.0,0.0,Desertor
21.0,3.22,2.0,2.81,62.0,Hombre,Soltero,Urbana,Bogotá D.C.,Tecnico,Bachillerato,Publico,Tecnologico,Presencial,"Ingenieria, arquitectura, urbanismo y afines",3.0,3.0,2025,0.0,0.0,0.0,En curso
23.0,3.63,2.0,7.23,61.0,Mujer,Soltero,Urbana,Córdoba,Primaria,Primaria,Publico,Universitario,Presencial,"Economia, administracion, contaduria y afines",7.0,2.0,2021,0.0,0.0,0.0,En curso
21.0,4.7,0.0,11.29,86.0,Mujer,Soltero,Urbana,Meta,Bachillerato,Bachillerato,Publico,Universitario,Presencial,"Economia, administracion, contaduria y afines",12.0,2.0,2023,1.0,0.0,1.0,Graduado
17.0,3.22,1.0,5.0,52.0,Hombre,Soltero,Urbana,Magdalena,Bachillerato,Bachillerato,Publico,Tecnologico,Presencial,Ciencias de la salud,2.0,4.0,2025,0.0,0.0,0.0,En curso
18.0,1.98,4.0,6.07,14.0,Mujer,Soltero,Urbana,Bogotá D.C.,Primaria,Bachillerato,Privado,Tecnologico,Presencial,Ciencias de la educacion,7.0,2.0,2024,1.0,0.0,0.0,Desertor
21.0,3.01,3.0,2.82,45.0,Mujer,Union libre,Urbana,Cesar,Bachillerato,Primaria,Privado,Universitario,Presencial,Ciencias sociales y humanas,10.0,2.0,2023,1.0,0.0,0.0,Graduado
21.0,3.51,2.0,3.1,52.0,Hombre,Soltero,Urbana,Antioquia,Primaria,Bachillerato,Privado,Tecnologico,Presencial,Ciencias de la salud,7.0,1.0,2021,0.0,1.0,0.0,Graduado
19.0,3.42,1.0,7.71,67.0,Mujer,Soltero,Urbana,Meta,Primaria,Primaria,Privado,Universitario,Presencial,"Economia, administracion, contaduria y afines",9.0,2.0,2024,1.0,0.0,0.0,Graduado
23.0,3.0,2.0,6.23,48.0,Mujer,Soltero,Urbana,Norte de Santander,Primaria,Universitario,Privado,Universitario,Presencial,Ciencias sociales y humanas,10.0,2.0,2025,0.0,0.0,1.0,Graduado
15.0,2.3,2.0,13.15,43.0,Mujer,Soltero,Urbana,Cesar,Tecnico,Bachillerato,Privado,Tecnologico,Presencial,"Ingenieria, arquitectura, urbanismo y afines",12.0,4.0,2024,0.0,0.0,0.0,Graduado
21.0,4.2,1.0,14.81,67.0,Hombre,Soltero,Urbana,Magdalena,Bachillerato,Universitario,Privado,Tecnologico,Distancia tradicional,"Ingenieria, arquitectura, urbanismo y afines",12.0,2.0,2023,0.0,0.0,0.0,Graduado
19.0,3.68,0.0,35.63,54.0,Hombre,Soltero,Rural,Tolima,Bachillerato,Bachillerato,Privado,Tecnico profesional,Virtual,Ciencias sociales y humanas,10.0,3.0,2023,1.0,0.0,1.0,Desertor
21.0,3.75,0.0,4.8,54.0,Mujer,Soltero,Urbana,La Guajira,Bachillerato,Bachillerato,Privado,Tecnologico,Presencial,Ciencias sociales y humanas,6.0,3.0,2022,1.0,0.0,0.0,Graduado
24.0,3.37,1.0,2.89,42.0,Mujer,Soltero,Rural,Nariño,Bachillerato,Ninguno,Privado,Universitario,Presencial,"Economia, administracion, contaduria y afines",6.0,3.0,2021,0.0,0.0,0.0,En curso
23.0,2.21,2.0,1.03,41.0,Mujer,Casado,Urbana,Santander,Primaria,Bachillerato,Publico,Tecnico profesional,Presencial,Matematicas y ciencias naturales,4.0,3.0,2024,1.0,0.0,0.0,Desertor
15.0,4.74,0.0,6.92,89.0,Mujer,Soltero,Urbana,Bolívar,Bachillerato,Primaria,Publico,Universitario,Virtual,"Ingenieria, arquitectura, urbanismo y afines",4.0,2.0,2022,0.0,0.0,0.0,En curso
23.0,3.9,0.0,34.37,65.0,Mujer,Soltero,Urbana,Bogotá D.C.,Bachillerato,Primaria,Privado,Universitario,Presencial,Ciencias sociales y humanas,11.0,1.0,2025,1.0,0.0,1.0,Graduado
16.0,2.57,2.0,35.85,13.0,Mujer,Soltero,Urbana,Valle del Cauca,Primaria,Primaria,Privado,Universitario,Presencial,Ciencias de la educacion,3.0,4.0,2024,1.0,0.0,0.0,Desertor
19.0,4.22,0.0,23.04,76.0,Hombre,Union libre,Urbana,Bogotá D.C.,Primaria,Primaria,Publico,Tecnologico,Presencial,"Economia, administracion, contaduria y afines",9.0,1.0,2025,0.0,1.0,0.0,Graduado
19.0,3.58,0.0,28.38,51.0,Hombre,Union libre,Urbana,Antioquia,Posgrado,Tecnico,Publico,Universitario,Presencial,"Agronomia, veterinaria y afines",7.0,1.0,2025,1.0,0.0,0.0,Desertor
19.0,2.44,2.0,3.94,30.0,Hombre,Soltero,Urbana,Nariño,Bachillerato,Primaria,Publico,Universitario,Presencial,"Economia, administracion, contaduria y afines",4.0,3.0,2021,1.0,0.0,0.0,En curso
21.0,4.64,0.0,12.3,74.0,Hombre,Union libre,Urbana,Valle del Cauca,Tecnico,Bachillerato,Privado,Universitario,Presencial,"Ingenieria, arquitectura, urbanismo y afines",6.0,5.0,2025,0.0,0.0,1.0,En curso
18.0,3.89,1.0,6.41,58.0,Mujer,Soltero,Urbana,Boyacá,Universitario,Bachillerato,Publico,Universitario,Presencial,"Economia, administracion, contaduria y afines",8.0,3.0,2025,1.0,1.0,0.0,En curso
22.0,3.21,1.0,3.25,60.0,Hombre,Soltero,Urbana,Bogotá D.C.,Primaria,Primaria,Privado,Universitario,Presencial,Ciencias sociales y humanas,4.0,2.0,2025,1.0,0.0,0.0,Desertor
15.0,1.8,1.0,3.51,49.0,Mujer,Soltero,Urbana,Antioquia,Primaria,Primaria,Privado,Universitario,Presencial,Ciencias sociales y humanas,1.0,2.0,2024,0.0,0.0,1.0,En curso
15.0,4.08,0.0,2.47,77.0,Mujer,Soltero,Urbana,Bolívar,Universitario,Tecnico,Privado,Universitario,Presencial,"Ingenieria, arquitectura, urbanismo y afines",5.0,1.0,2025,0.0,0.0,0.0,En curso
22.0,2.46,1.0,4.19,48.0,Hombre,Soltero,Rural,Nariño,Tecnico,Primaria,Privado,Universitario,Distancia tradicional,Ciencias de la educacion,10.0,2.0,2025,1.0,1.0,0.0,Desertor
23.0,2.72,0.0,14.34,25.0,Mujer,Soltero,Urbana,Valle del Cauca,Bachillerato,Primaria,Publico,Universitario,Presencial,Ciencias de la educacion,5.0,1.0,2023,1.0,0.0,0.0,En curso
15.0,2.86,3.0,18.48,50.0,Hombre,Otro,Urbana,Norte de Santander,Bachillerato,Ninguno,Privado,Tecnologico,Presencial,Bellas artes,3.0,3.0,2024,0.0,0.0,0.0,En curso
15.0,4.56,0.0,3.22,78.0,Mujer,Soltero,Rural,Antioquia,Ninguno,Bachillerato,Privado,Universitario,Presencial,"Ingenieria, arquitectura, urbanismo y afines",8.0,2.0,2023,0.0,1.0,0.0,En curso
15.0,3.95,0.0,2.64,54.0,Mujer,Soltero,Urbana,Atlántico,Tecnico,Primaria,Privado,Tecnologico,Presencial,"Economia, administracion, contaduria y afines",12.0,5.0,2023,1.0,1.0,0.0,Graduado
16.0,3.08,2.0,4.27,37.0,Hombre,Union libre,Rural,Cesar,Bachillerato,Universitario,Publico,Tecnico profesional,Presencial,Bellas artes,7.0,3.0,2025,1.0,0.0,0.0,Graduado
19.0,3.07,1.0,2.02,37.0,Hombre,Soltero,Urbana,Sucre,Ninguno,Posgrado,Privado,Tecnologico,Presencial,Ciencias de la salud,1.0,2.0,2023,0.0,1.0,0.0,Desertor
21.0,3.51,0.0,23.0,59.0,Mujer,Otro,Urbana,Santander,Primaria,Primaria,Privado,Universitario,Presencial,Ciencias de la educacion,12.0,2.0,2025,0.0,1.0,0.0,Graduado
15.0,4.2,0.0,5.16,78.0,Hombre,Soltero,Urbana,Valle del Cauca,Tecnico,Primaria,Publico,Universitario,Virtual,Ciencias de la salud,9.0,3.0,2023,0.0,0.0,0.0,En curso
15.0,3.66,1.0,6.24,82.0,Hombre,Union libre,Rural,Córdoba,Primaria,Ninguno,Privado,Tecnico profesional,Presencial,"Agronomia, veterinaria y afines",4.0,2.0,2024,0.0,0.0,1.0,En curso
21.0,4.21,0.0,8.57,69.0,Mujer,Soltero,Urbana,Bogotá D.C.,Primaria,Bachillerato,Privado,Tecnologico,Presencial,Matematicas y ciencias naturales,6.0,2.0,2023,1.0,1.0,0.0,Graduado
18.0,3.29,1.0,2.92,48.0,Mujer,Soltero,Urbana,Bogotá D.C.,Primaria,Posgrado,Privado,Universitario,Presencial,Ciencias de la educacion,12.0,6.0,2025,1.0,0.0,1.0,Graduado
19.0,3.02,2.0,24.58,44.0,Mujer,Soltero,Urbana,Santander,Primaria,Bachillerato,Privado,Universitario,Presencial,"Economia, administracion, contaduria y afines",12.0,2.0,2024,1.0,0.0,0.0,Graduado
18.0,2.72,1.0,4.39,34.0,Hombre,Soltero,Rural,Meta,Universitario,Bachillerato,Publico,Universitario,Presencial,"Economia, administracion, contaduria y afines",10.0,2.0,2023,0.0,1.0,0.0,Graduado
18.0,1.72,3.0,31.1,32.0,Hombre,Otro,Urbana,Bogotá D.C.,Tecnico,Tecnico,Privado,Universitario,Presencial,Ciencias de la salud,5.0,3.0,2023,0.0,0.0,0.0,Desertor
19.0,3.39,1.0,13.34,34.0,Hombre,Soltero,Urbana,Bogotá D.C.,Tecnico,Bachillerato,Publico,Tecnologico,Presencial,Matematicas y ciencias naturales,9.0,2.0,2024,0.0,0.0,0.0,Graduado
17.0,1.04,3.0,9.15,15.0,Mujer,Soltero,Rural,Cundinamarca,Bachillerato,Bachillerato,Publico,Tecnico profesional,Distancia tradicional,"Economia, administracion, contaduria y afines",7.0,1.0,2024,0.0,0.0,1.0,Desertor
21.0,2.85,2.0,6.5,31.0,Hombre,Union libre,Urbana,Córdoba,Primaria,Bachillerato,Publico,Tecnico profesional,Distancia tradicional,"Economia, administracion, contaduria y afines",12.0,4.0,2024,0.0,0.0,0.0,Desertor
19.0,3.11,1.0,2.2,29.0,Hombre,Soltero,Urbana,Cesar,Bachillerato,Primaria,Privado,Universitario,Presencial,"Ingenieria, arquitectura, urbanismo y afines",12.0,6.0,2024,1.0,0.0,0.0,Graduado
25.0,3.25,1.0,27.58,50.0,Hombre,Soltero,Urbana,Bolívar,Posgrado,Ninguno,Publico,Universitario,Presencial,"Economia, administracion, contaduria y afines",5.0,5.0,2025,0.0,0.0,0.0,En curso
22.0,4.61,0.0,38.46,92.0,Hombre,Union libre,Urbana,Chocó,Primaria,Tecnico,Privado,Tecnico profesional,Distancia tradicional,Matematicas y ciencias naturales,10.0,2.0,2023,0.0,0.0,0.0,Graduado
15.0,3.73,1.0,12.19,80.0,Mujer,Soltero,Urbana,Antioquia,Bachillerato,Bachillerato,Privado,Universitario,Virtual,"Ingenieria, arquitectura, urbanismo y afines",9.0,2.0,2023,0.0,0.0,0.0,En curso
21.0,3.63,1.0,5.2,68.0,Mujer,Soltero,Urbana,Norte de Santander,Tecnico,Bachillerato,Publico,Universitario,Virtual,Ciencias de la salud,7.0,2.0,2024,0.0,0.0,0.0,En curso
22.0,4.02,0.0,9.12,76.0,Hombre,Soltero,Urbana,Bogotá D.C.,Bachillerato,Tecnico,Publico,Universitario,Presencial,"Economia, administracion, contaduria y afines",2.0,2.0,2021,0.0,1.0,0.0,En curso
19.0,4.46,0.0,22.69,95.0,Mujer,Soltero,Urbana,Caldas,Tecnico,Bachillerato,Privado,Tecnico profesional,Presencial,"Economia, administracion, contaduria y afines",12.0,3.0,2024,1.0,0.0,0.0,Graduado
22.0,4.13,0.0,4.94,90.0,Mujer,Soltero,Urbana,Bogotá D.C.,Bachillerato,Tecnico,Publico,Tecnico profesional,Virtual,Ciencias de la educacion,2.0,3.0,2024,1.0,0.0,1.0,En curso
18.0,2.77,1.0,1.39,25.0,Mujer,Soltero,Urbana,Córdoba,Posgrado,Bachillerato,Publico,Universitario,Virtual,"Ingenieria, arquitectura, urbanismo y afines",11.0,1.0,2023,0.0,0.0,0.0,Graduado
22.0,2.32,2.0,7.61,41.0,Hombre,Soltero,Urbana,Tolima,Primaria,Primaria,Publico,Universitario,Presencial,"Economia, administracion, contaduria y afines",8.0,6.0,2023,0.0,0.0,0.0,Desertor
17.0,2.17,1.0,4.29,43.0,Mujer,Soltero,Urbana,Cauca,Primaria,Bachillerato,Publico,Universitario,Distancia tradicional,Ciencias de la salud,9.0,3.0,2023,0.0,0.0,0.0,Desertor
17.0,3.43,2.0,15.01,54.0,Hombre,Soltero,Urbana,Quindío,Primaria,Primaria,Publico,Universitario,Presencial,Ciencias de la salud,3.0,3.0,2024,0.0,0.0,0.0,En curso
19.0,2.96,0.0,1.08,57.0,Mujer,Otro,Urbana,Antioquia,Universitario,Tecnico,Privado,Universitario,Distancia tradicional,"Ingenieria, arquitectura, urbanismo y afines",9.0,4.0,2024,0.0,0.0,0.0,En curso
19.0,3.1,0.0,27.05,66.0,Hombre,Soltero,Urbana,Bogotá D.C.,Primaria,Bachillerato,Publico,Universitario,Presencial,"Agronomia, veterinaria y afines",10.0,3.0,2025,1.0,1.0,0.0,Graduado
15.0,2.61,8.0,9.27,41.0,Hombre,Union libre,Urbana,Cundinamarca,Bachillerato,Tecnico,Publico,Tecnico profesional,Presencial,"Ingenieria, arquitectura, urbanismo y afines",2.0,6.0,2025,1.0,0.0,0.0,Desertor
17.0,3.35,2.0,32.32,48.0,Hombre,Soltero,Urbana,Huila,Primaria,Tecnico,Privado,Universitario,Distancia tradicional,Ciencias de la salud,6.0,2.0,2025,0.0,0.0,0.0,Desertor
15.0,3.32,2.0,7.37,42.0,Mujer,Soltero,Urbana,Cundinamarca,Ninguno,Primaria,Publico,Universitario,Presencial,"Ingenieria, arquitectura, urbanismo y afines",1.0,2.0,2025,0.0,0.0,0.0,En curso
15.0,3.26,1.0,3.39,44.0,Hombre,Soltero,Urbana,Santander,Universitario,Bachillerato,Publico,Universitario,Virtual,"Economia, administracion, contaduria y afines",11.0,2.0,2022,1.0,1.0,0.0,Graduado
19.0,3.68,0.0,1.46,55.0,Mujer,Soltero,Urbana,Valle del Cauca,Primaria,Primaria,Privado,Universitario,Presencial,"Ingenieria, arquitectura, urbanismo y afines",12.0,3.0,2024,0.0,0.0,1.0,Graduado
15.0,3.15,1.0,11.38,56.0,Hombre,Soltero,Urbana,Cundinamarca,Bachillerato,Tecnico,Publico,Universitario,Presencial,"Ingenieria, arquitectura, urbanismo y afines",11.0,5.0,2024,0.0,0.0,1.0,Graduado
19.0,2.54,0.0,2.19,49.0,Mujer,Union libre,Urbana,Bogotá D.C.,Bachillerato,Bachillerato,Privado,Universitario,Presencial,"Economia, administracion, contaduria y afines",10.0,5.0,2023,0.0,0.0,0.0,Graduado
19.0,3.17,2.0,8.87,62.0,Mujer,Soltero,Urbana,Cesar,Primaria,Bachillerato,Privado,Universitario,Presencial,Matematicas y ciencias naturales,1.0,2.0,2025,0.0,1.0,0.0,Desertor
20.0,4.04,1.0,24.18,72.0,Hombre,Soltero,Rural,Bogotá D.C.,Bachillerato,Bachillerato,Publico,Universitario,Presencial,"Economia, administracion, contaduria y afines",5.0,2.0,2025,1.0,0.0,1.0,En curso
19.0,3.86,1.0,10.15,72.0,Mujer,Soltero,Urbana,Antioquia,Bachillerato,Primaria,Publico,Tecnologico,Presencial,"Economia, administracion, contaduria y afines",12.0,1.0,2025,0.0,1.0,1.0,Graduado
20.0,3.48,2.0,1.09,67.0,Hombre,Union libre,Urbana,Bogotá D.C.,Primaria,Primaria,Publico,Universitario,Presencial,"Ingenieria, arquitectura, urbanismo y afines",11.0,2.0,2023,0.0,0.0,0.0,Graduado
20.0,3.0,2.0,6.16,71.0,Mujer,Soltero,Urbana,Bogotá D.C.,Tecnico,Universitario,Privado,Tecnologico,Distancia tradicional,Ciencias de la educacion,1.0,4.0,2025,1.0,1.0,0.0,En curso
22.0,3.21,0.0,33.1,35.0,Mujer,Soltero,Rural,Bogotá D.C.,Primaria,Tecnico,Privado,Tecnologico,Virtual,Ciencias de la salud,10.0,4.0,2024,0.0,0.0,0.0,Graduado
20.0,3.12,2.0,9.25,40.0,Hombre,Soltero,Urbana,Bogotá D.C.,Primaria,Bachillerato,Privado,Universitario,Presencial,"Economia, administracion, contaduria y afines",11.0,1.0,2023,1.0,0.0,0.0,Desertor
18.0,4.4,0.0,5.84,90.0,Hombre,Soltero,Urbana,Tolima,Primaria,Universitario,Publico,Universitario,Presencial,Ciencias sociales y humanas,1.0,1.0,2024,1.0,0.0,0.0,En curso
17.0,3.54,1.0,6.45,60.0,Hombre,Soltero,Urbana,Cauca,Universitario,Bachillerato,Publico,Tecnologico,Presencial,"Economia, administracion, contaduria y afines",3.0,4.0,2023,0.0,0.0,0.0,En curso
17.0,4.18,0.0,4.38,66.0,Hombre,Soltero,Urbana,Bogotá D.C.,Universitario,Bachillerato,Publico,Tecnologico,Virtual,"Ingenieria, arquitectura, urbanismo y afines",9.0,4.0,2025,1.0,1.0,0.0,Graduado
19.0,4.21,0.0,4.82,89.0,Hombre,Soltero,Urbana,Antioquia,Primaria,Tecnico,Publico,Universitario,Presencial,Ciencias de la salud,9.0,2.0,2025,1.0,0.0,0.0,Graduado
19.0,3.78,0.0,12.33,78.0,Hombre,Soltero,Rural,Bolívar,Tecnico,Bachillerato,Privado,Universitario,Virtual,Ciencias sociales y humanas,6.0,3.0,2021,1.0,1.0,0.0,En curso
18.0,3.65,1.0,9.73,70.0,Hombre,Soltero,Rural,Bogotá D.C.,Bachillerato,Bachillerato,Publico,Universitario,Presencial,"Ingenieria, arquitectura, urbanismo y afines",12.0,5.0,2025,1.0,0.0,0.0,Graduado
15.0,2.68,4.0,9.84,57.0,Mujer,Soltero,Urbana,Valle del Cauca,Bachillerato,Bachillerato,Publico,Tecnologico,Virtual,"Economia, administracion, contaduria y afines",5.0,3.0,2022,0.0,0.0,1.0,Graduado
22.0,4.05,1.0,16.69,37.0,Hombre,Soltero,Urbana,Valle del Cauca,Bachillerato,Tecnico,Publico,Universitario,Presencial,Ciencias de la salud,3.0,3.0,2024,1.0,1.0,0.0,En curso
17.0,3.23,1.0,3.1,78.0,Mujer,Soltero,Urbana,Norte de Santander,Bachillerato,Tecnico,Privado,Tecnologico,Presencial,"Ingenieria, arquitectura, urbanismo y afines",6.0,3.0,2022,1.0,1.0,0.0,Graduado
19.0,3.59,1.0,4.51,55.0,Mujer,Soltero,Urbana,Bogotá D.C.,Bachillerato,Bachillerato,Privado,Universitario,Presencial,"Agronomia, veterinaria y afines",6.0,2.0,2022,0.0,0.0,1.0,En curso
20.0,2.45,0.0,4.66,45.0,Mujer,Soltero,Rural,Santander,Primaria,Bachillerato,Privado,Universitario,Presencial,"Agronomia, veterinaria y afines",9.0,3.0,2024,1.0,0.0,1.0,Desertor
19.0,3.89,0.0,1.04,75.0,Mujer,Union libre,Urbana,La Guajira,Primaria,Universitario,Privado,Tecnologico,Distancia tradicional,"Economia, administracion, contaduria y afines",10.0,1.0,2025,0.0,0.0,0.0,Graduado
20.0,3.38,3.0,8.67,57.0,Hombre,Soltero,Urbana,Antioquia,Universitario,Ninguno,Privado,Universitario,Presencial,"Economia, administracion, contaduria y afines",5.0,2.0,2025,0.0,0.0,0.0,Desertor
22.0,2.67,2.0,3.86,60.0,Hombre,Union libre,Urbana,Cesar,Tecnico,Bachillerato,Publico,Tecnologico,Presencial,"Economia, administracion, contaduria y afines",3.0,2.0,2023,0.0,1.0,0.0,En curso
26.0,3.16,2.0,2.86,79.0,Hombre,Soltero,Urbana,Bogotá D.C.,Tecnico,Ninguno,Publico,Tecnico profesional,Distancia tradicional,"Ingenieria, arquitectura, urbanismo y afines",12.0,3.0,2022,0.0,0.0,0.0,Graduado
23.0,3.43,1.0,8.41,71.0,Mujer,Soltero,Urbana,Quindío,Primaria,Tecnico,Privado,Universitario,Distancia tradicional,"Ingenieria, arquitectura, urbanismo y afines",2.0,2.0,2025,1.0,0.0,1.0,En curso
21.0,3.66,1.0,31.09,42.0,Hombre,Otro,Rural,Atlántico,Primaria,Bachillerato,Publico,Universitario,Distancia tradicional,Ciencias de la salud,11.0,1.0,2023,0.0,0.0,1.0,Desertor
18.0,3.17,0.0,5.51,56.0,Hombre,Casado,Urbana,La Guajira,Tecnico,Ninguno,Privado,Universitario,Presencial,"Ingenieria, arquitectura, urbanismo y afines",10.0,3.0,2023,0.0,0.0,0.0,En curso
16.0,3.89,0.0,6.21,43.0,Hombre,Soltero,Urbana,Bogotá D.C.,Bachillerato,Universitario,Privado,Tecnologico,Presencial,Ciencias de la educacion,5.0,5.0,2023,1.0,0.0,0.0,En curso
17.0,2.96,0.0,4.54,61.0,Mujer,Soltero,Urbana,Bogotá D.C.,Universitario,Primaria,Publico,Universitario,Presencial,Bellas artes,1.0,2.0,2024,1.0,0.0,0.0,En curso
21.0,3.79,0.0,6.44,61.0,Mujer,Soltero,Urbana,Norte de Santander,Tecnico,Tecnico,Publico,Tecnologico,Presencial,Ciencias de la salud,10.0,1.0,2024,0.0,0.0,0.0,Graduado
20.0,3.19,3.0,9.92,38.0,Mujer,Soltero,Rural,Tolima,Bachillerato,Tecnico,Publico,Tecnologico,Presencial,Matematicas y ciencias naturales,11.0,1.0,2023,0.0,0.0,0.0,Graduado
18.0,3.37,0.0,6.0,84.0,Mujer,Union libre,Urbana,Magdalena,Primaria,Primaria,Privado,Universitario,Presencial,"Ingenieria, arquitectura, urbanismo y afines",4.0,4.0,2025,1.0,0.0,0.0,En curso
21.0,3.35,1.0,12.9,75.0,Hombre,Soltero,Urbana,Cundinamarca,Primaria,Bachillerato,Privado,Universitario,Presencial,Ciencias de la educacion,8.0,1.0,2023,0.0,1.0,0.0,En curso
15.0,2.58,1.0,5.73,25.0,Mujer,Soltero,Urbana,Boyacá,Bachillerato,Primaria,Privado,Universitario,Presencial,Ciencias de la salud,4.0,2.0,2024,0.0,0.0,0.0,En curso
18.0,3.58,0.0,11.15,58.0,Mujer,Soltero,Urbana,Córdoba,Bachillerato,Ninguno,Publico,Tecnologico,Presencial,Ciencias de la educacion,8.0,3.0,2025,0.0,0.0,0.0,Desertor
22.0,3.35,0.0,8.02,57.0,Mujer,Soltero,Urbana,Valle del Cauca,Bachillerato,Primaria,Privado,Universitario,Presencial,"Agronomia, veterinaria y afines",9.0,3.0,2023,0.0,1.0,0.0,En curso
15.0,2.99,0.0,18.08,37.0,Mujer,Soltero,Urbana,Antioquia,Primaria,Tecnico,Publico,Universitario,Presencial,"Ingenieria, arquitectura, urbanismo y afines",6.0,2.0,2022,0.0,0.0,0.0,Desertor
24.0,4.51,0.0,9.72,80.0,Hombre,Soltero,Urbana,Antioquia,Bachillerato,Bachillerato,Publico,Tecnico profesional,Presencial,"Economia, administracion, contaduria y afines",6.0,3.0,2023,0.0,1.0,0.0,Graduado
16.0,2.82,2.0,12.49,56.0,Hombre,Soltero,Rural,Bolívar,Bachillerato,Tecnico,Privado,Universitario,Virtual,Ciencias sociales y humanas,1.0,1.0,2023,0.0,0.0,0.0,Desertor
16.0,3.55,2.0,5.36,44.0,Mujer,Soltero,Urbana,Tolima,Primaria,Bachillerato,Privado,Universitario,Distancia tradicional,Ciencias sociales y humanas,9.0,4.0,2024,1.0,1.0,0.0,En curso
24.0,4.33,0.0,5.15,55.0,Hombre,Soltero,Rural,Caquetá,Primaria,Tecnico,Privado,Tecnologico,Distancia tradicional,Ciencias de la salud,11.0,1.0,2023,0.0,0.0,0.0,Graduado
22.0,2.43,1.0,3.19,33.0,Hombre,Soltero,Urbana,Tolima,Primaria,Bachillerato,Privado,Universitario,Presencial,Ciencias de la educacion,7.0,2.0,2022,1.0,0.0,0.0,En curso
20.0,2.49,2.0,21.27,23.0,Hombre,Soltero,Rural,Valle del Cauca,Bachillerato,Bachillerato,Publico,Tecnologico,Presencial,"Ingenieria, arquitectura, urbanismo y afines",11.0,1.0,2021,0.0,1.0,0.0,Desertor
15.0,3.81,0.0,20.14,78.0,Hombre,Soltero,Urbana,Tolima,Ninguno,Tecnico,Privado,Universitario,Virtual,"Ingenieria, arquitectura, urbanismo y afines",11.0,2.0,2022,1.0,0.0,1.0,Graduado
24.0,3.53,1.0,18.14,62.0,Mujer,Soltero,Urbana,Nariño,Primaria,Bachillerato,Publico,Universitario,Presencial,"Economia, administracion, contaduria y afines",8.0,3.0,2021,0.0,1.0,0.0,Graduado
23.0,3.72,1.0,2.78,70.0,Hombre,Soltero,Urbana,Sucre,Primaria,Posgrado,Publico,Tecnologico,Presencial,"Economia, administracion, contaduria y afines",10.0,2.0,2022,0.0,0.0,0.0,Desertor
15.0,3.06,2.0,41.99,51.0,Mujer,Soltero,Urbana,Norte de Santander,Primaria,Bachillerato,Privado,Tecnologico,Presencial,"Ingenieria, arquitectura, urbanismo y afines",6.0,5.0,2024,1.0,0.0,0.0,Graduado
22.0,3.02,0.0,4.35,54.0,Mujer,Union libre,Urbana,Atlántico,Bachillerato,Primaria,Publico,Universitario,Presencial,Ciencias de la salud,1.0,2.0,2024,0.0,0.0,1.0,En curso
22.0,3.04,3.0,2.37,41.0,Hombre,Soltero,Urbana,Antioquia,Primaria,Ninguno,Privado,Universitario,Presencial,Ciencias de la salud,2.0,3.0,2023,0.0,0.0,0.0,En curso
16.0,3.68,0.0,22.4,86.0,Mujer,Soltero,Urbana,Antioquia,Bachillerato,Primaria,Privado,Universitario,Presencial,"Economia, administracion, contaduria y afines",4.0,3.0,2021,1.0,0.0,0.0,En curso
23.0,3.47,1.0,7.43,65.0,Hombre,Soltero,Urbana,Antioquia,Bachillerato,Bachillerato,Privado,Universitario,Presencial,"Agronomia, veterinaria y afines",9.0,3.0,2022,1.0,0.0,1.0,Graduado
18.0,2.94,0.0,19.22,47.0,Hombre,Soltero,Urbana,Cesar,Bachillerato,Primaria,Privado,Tecnologico,Presencial,"Ingenieria, arquitectura, urbanismo y afines",8.0,3.0,2022,0.0,0.0,0.0,Desertor
17.0,3.62,1.0,21.25,38.0,Hombre,Soltero,Urbana,Cauca,Primaria,Universitario,Publico,Universitario,Virtual,Ciencias de la salud,1.0,2.0,2025,1.0,1.0,0.0,Desertor
21.0,3.14,0.0,24.68,67.0,Hombre,Soltero,Urbana,Putumayo,Primaria,Bachillerato,Privado,Universitario,Distancia tradicional,"Economia, administracion, contaduria y afines",6.0,3.0,2022,1.0,0.0,0.0,Desertor
18.0,2.77,4.0,1.17,41.0,Mujer,Soltero,Urbana,Magdalena,Bachillerato,Bachillerato,Privado,Tecnologico,Presencial,Ciencias de la salud,8.0,2.0,2024,0.0,1.0,0.0,Graduado
21.0,3.8,0.0,3.19,95.0,Mujer,Soltero,Urbana,Tolima,Bachillerato,Posgrado,Publico,Universitario,Virtual,Ciencias de la educacion,8.0,6.0,2025,1.0,1.0,0.0,En curso
18.0,2.31,3.0,0.85,51.0,Hombre,Soltero,Rural,La Guajira,Primaria,Universitario,Privado,Universitario,Presencial,Ciencias de la salud,2.0,4.0,2021,0.0,0.0,1.0,En curso
19.0,3.49,1.0,8.42,66.0,Mujer,Soltero,Rural,Bogotá D.C.,Primaria,Bachillerato,Publico,Universitario,Presencial,"Ingenieria, arquitectura, urbanismo y afines",10.0,3.0,2021,0.0,0.0,0.0,En curso
17.0,3.3,2.0,33.54,52.0,Mujer,Soltero,Urbana,Risaralda,Primaria,Primaria,Privado,Tecnico profesional,Virtual,"Ingenieria, arquitectura, urbanismo y afines",4.0,2.0,2022,0.0,0.0,0.0,Graduado
22.0,4.46,0.0,3.52,75.0,Hombre,Union libre,Urbana,Bogotá D.C.,Bachillerato,Primaria,Publico,Tecnologico,Virtual,"Ingenieria, arquitectura, urbanismo y afines",1.0,6.0,2024,0.0,1.0,0.0,En curso
19.0,2.93,0.0,37.43,32.0,Hombre,Soltero,Rural,Santander,Primaria,Bachillerato,Publico,Universitario,Distancia tradicional,"Ingenieria, arquitectura, urbanismo y afines",1.0,1.0,2022,1.0,0.0,0.0,En curso
23.0,3.31,1.0,7.88,58.0,Mujer,Soltero,Urbana,Santander,Bachillerato,Tecnico,Privado,Tecnologico,Presencial,"Ingenieria, arquitectura, urbanismo y afines",10.0,3.0,2021,0.0,0.0,1.0,Graduado
19.0,2.99,1.0,3.48,58.0,Mujer,Soltero,Urbana,Santander,Primaria,Primaria,Privado,Universitario,Presencial,"Agronomia, veterinaria y afines",2.0,1.0,2022,1.0,0.0,0.0,En curso
23.0,3.87,0.0,5.52,86.0,Hombre,Soltero,Urbana,Valle del Cauca,Primaria,Bachillerato,Publico,Universitario,Distancia tradicional,Ciencias de la salud,2.0,5.0,2021,1.0,0.0,0.0,Desertor
16.0,2.55,0.0,1.4,40.0,Mujer,Soltero,Urbana,Antioquia,Universitario,Universitario,Privado,Universitario,Presencial,"Ingenieria, arquitectura, urbanismo y afines",1.0,2.0,2025,1.0,0.0,0.0,En curso
19.0,3.71,1.0,5.07,43.0,Hombre,Soltero,Urbana,Atlántico,Primaria,Primaria,Privado,Universitario,Presencial,"Economia, administracion, contaduria y afines",6.0,2.0,2021,0.0,0.0,0.0,En curso
19.0,2.9,2.0,28.92,36.0,Mujer,Soltero,Urbana,Bolívar,Tecnico,Primaria,Publico,Tecnologico,Presencial,Ciencias de la salud,5.0,3.0,2024,0.0,1.0,1.0,Graduado
21.0,2.99,4.0,2.14,47.0,Mujer,Soltero,Rural,Bogotá D.C.,Universitario,Posgrado,Privado,Tecnologico,Presencial,Ciencias de la salud,12.0,4.0,2022,0.0,0.0,0.0,Graduado
15.0,3.79,1.0,4.49,50.0,Mujer,Soltero,Rural,Atlántico,Bachillerato,Primaria,Publico,Universitario,Presencial,Ciencias de la educacion,4.0,2.0,2021,0.0,0.0,1.0,En curso
18.0,3.13,2.0,2.87,64.0,Hombre,Soltero,Urbana,Bogotá D.C.,Bachillerato,Primaria,Privado,Tecnico profesional,Distancia tradicional,Ciencias de la educacion,9.0,4.0,2024,1.0,0.0,1.0,Graduado
21.0,2.58,3.0,1.37,35.0,Hombre,Soltero,Rural,Cundinamarca,Primaria,Bachillerato,Privado,Universitario,Presencial,"Ingenieria, arquitectura, urbanismo y afines",2.0,4.0,2025,1.0,0.0,0.0,Desertor
23.0,3.17,0.0,6.65,76.0,Hombre,Soltero,Urbana,Magdalena,Tecnico,Bachillerato,Privado,Tecnico profesional,Distancia tradicional,"Ingenieria, arquitectura, urbanismo y afines",4.0,3.0,2024,0.0,0.0,0.0,En curso
17.0,3.73,2.0,13.16,68.0,Mujer,Soltero,Urbana,Atlántico,Primaria,Bachillerato,Publico,Universitario,Presencial,"Ingenieria, arquitectura, urbanismo y afines",4.0,1.0,2023,0.0,0.0,0.0,En curso
24.0,3.18,2.0,18.09,65.0,Mujer,Soltero,Urbana,Cundinamarca,Primaria,Primaria,Privado,Tecnologico,Presencial,"Economia, administracion, contaduria y afines",4.0,2.0,2025,0.0,0.0,0.0,En curso
22.0,3.48,1.0,4.22,77.0,Mujer,Casado,Urbana,Atlántico,Bachillerato,Primaria,Privado,Tecnologico,Presencial,"Economia, administracion, contaduria y afines",4.0,2.0,2024,0.0,0.0,1.0,Desertor
18.0,3.41,4.0,30.14,73.0,Mujer,Soltero,Urbana,Valle del Cauca,Bachillerato,Bachillerato,Privado,Universitario,Presencial,"Ingenieria, arquitectura, urbanismo y afines",5.0,4.0,2023,0.0,0.0,1.0,En curso
18.0,2.96,2.0,5.22,49.0,Mujer,Union libre,Urbana,Antioquia,Bachillerato,Primaria,Privado,Universitario,Virtual,Bellas artes,3.0,1.0,2023,0.0,0.0,0.0,Desertor
17.0,3.52,1.0,2.47,76.0,Hombre,Soltero,Urbana,Valle del Cauca,Bachillerato,Bachillerato,Publico,Universitario,Presencial,Ciencias sociales y humanas,12.0,2.0,2025,0.0,0.0,0.0,Graduado
15.0,3.7,1.0,55.02,56.0,Mujer,Soltero,Rural,Valle del Cauca,Bachillerato,Bachillerato,Privado,Tecnico profesional,Virtual,"Ingenieria, arquitectura, urbanismo y afines",2.0,5.0,2021,0.0,0.0,0.0,En curso
20.0,3.1,5.0,15.01,64.0,Mujer,Soltero,Urbana,Cundinamarca,Primaria,Tecnico,Publico,Universitario,Virtual,"Ingenieria, arquitectura, urbanismo y afines",12.0,3.0,2024,1.0,0.0,0.0,Graduado
18.0,3.5,2.0,27.89,52.0,Hombre,Soltero,Urbana,Sucre,Bachillerato,Universitario,Privado,Universitario,Presencial,"Economia, administracion, contaduria y afines",4.0,2.0,2022,1.0,0.0,0.0,Desertor
15.0,3.96,0.0,0.93,70.0,Mujer,Soltero,Urbana,Cauca,Primaria,Bachillerato,Privado,Universitario,Presencial,"Economia, administracion, contaduria y afines",8.0,2.0,2024,1.0,0.0,0.0,En curso
23.0,3.17,2.0,18.62,29.0,Mujer,Soltero,Urbana,Cesar,Universitario,Primaria,Privado,Universitario,Presencial,"Ingenieria, arquitectura, urbanismo y afines",12.0,5.0,2024,1.0,1.0,0.0,Desertor
22.0,3.9,0.0,3.89,69.0,Mujer,Soltero,Urbana,Cundinamarca,Universitario,Primaria,Publico,Universitario,Presencial,"Economia, administracion, contaduria y afines",5.0,2.0,2024,0.0,0.0,1.0,En curso
19.0,3.16,0.0,15.58,38.0,Hombre,Soltero,Urbana,Bogotá D.C.,Bachillerato,Universitario,Privado,Universitario,Distancia tradicional,Ciencias sociales y humanas,8.0,2.0,2024,1.0,1.0,0.0,En curso
22.0,2.61,0.0,8.32,29.0,Hombre,Soltero,Urbana,Magdalena,Tecnico,Primaria,Privado,Universitario,Presencial,Ciencias de la salud,3.0,3.0,2023,0.0,0.0,0.0,Desertor
20.0,3.24,2.0,1.96,55.0,Hombre,Soltero,Urbana,Quindío,Primaria,Bachillerato,Privado,Tecnologico,Presencial,"Ingenieria, arquitectura, urbanismo y afines",2.0,2.0,2025,1.0,0.0,0.0,Desertor
18.0,4.46,0.0,10.04,76.0,Hombre,Soltero,Rural,Huila,Primaria,Posgrado,Publico,Tecnologico,Presencial,"Economia, administracion, contaduria y afines",11.0,3.0,2025,0.0,0.0,0.0,Graduado
22.0,3.83,0.0,6.89,55.0,Mujer,Soltero,Urbana,Quindío,Bachillerato,Bachillerato,Privado,Tecnico profesional,Distancia tradicional,Ciencias de la educacion,11.0,2.0,2024,0.0,1.0,0.0,Graduado
20.0,3.42,2.0,38.92,73.0,Hombre,Soltero,Rural,Antioquia,Tecnico,Tecnico,Publico,Universitario,Presencial,"Ingenieria, arquitectura, urbanismo y afines",6.0,2.0,2022,0.0,0.0,0.0,En curso
24.0,3.14,1.0,13.62,45.0,Mujer,Soltero,Urbana,Antioquia,Primaria,Bachillerato,Privado,Tecnologico,Distancia tradicional,Ciencias de la educacion,8.0,2.0,2024,1.0,0.0,0.0,Desertor
16.0,3.5,1.0,19.18,53.0,Hombre,Soltero,Urbana,Bogotá D.C.,Bachillerato,Bachillerato,Privado,Universitario,Presencial,"Economia, administracion, contaduria y afines",11.0,3.0,2023,1.0,0.0,0.0,Graduado
21.0,3.17,3.0,25.44,76.0,Hombre,Soltero,Urbana,Antioquia,Bachillerato,Primaria,Privado,Tecnico profesional,Presencial,Ciencias de la salud,1.0,2.0,2023,1.0,1.0,0.0,Desertor
21.0,3.51,0.0,9.88,70.0,Mujer,Soltero,Urbana,Antioquia,Primaria,Universitario,Privado,Universitario,Presencial,"Economia, administracion, contaduria y afines",3.0,3.0,2022,0.0,1.0,1.0,En curso
18.0,3.49,0.0,3.07,66.0,Hombre,Union libre,Rural,Bogotá D.C.,Primaria,Bachillerato,Privado,Universitario,Presencial,"Ingenieria, arquitectura, urbanismo y afines",12.0,2.0,2025,0.0,0.0,0.0,Desertor
20.0,3.32,4.0,3.37,61.0,Mujer,Soltero,Urbana,Tolima,Universitario,Bachillerato,Publico,Universitario,Distancia tradicional,"Economia, administracion, contaduria y afines",12.0,4.0,2024,1.0,1.0,1.0,Graduado
19.0,3.19,2.0,39.54,51.0,Hombre,Soltero,Urbana,Bogotá D.C.,Bachillerato,Primaria,Publico,Universitario,Distancia tradicional,"Economia, administracion, contaduria y afines",12.0,4.0,2024,0.0,0.0,0.0,Graduado
20.0,2.91,2.0,4.04,63.0,Hombre,Union libre,Urbana,Meta,Bachillerato,Primaria,Publico,Universitario,Presencial,"Ingenieria, arquitectura, urbanismo y afines",8.0,1.0,2023,1.0,0.0,1.0,En curso
21.0,4.27,0.0,21.32,96.0,Hombre,Soltero,Urbana,Sucre,Bachillerato,Bachillerato,Publico,Tecnologico,Presencial,Ciencias de la salud,7.0,4.0,2022,1.0,1.0,0.0,Graduado
24.0,3.8,1.0,5.42,57.0,Mujer,Soltero,Urbana,Santander,Primaria,Bachillerato,Privado,Universitario,Presencial,"Economia, administracion, contaduria y afines",2.0,2.0,2025,1.0,0.0,0.0,Desertor
23.0,3.14,3.0,7.01,45.0,Mujer,Soltero,Urbana,Bolívar,Ninguno,Bachillerato,Privado,Universitario,Presencial,"Economia, administracion, contaduria y afines",8.0,3.0,2023,0.0,0.0,0.0,En curso
23.0,3.45,3.0,3.97,61.0,Hombre,Soltero,Urbana,Tolima,Bachillerato,Primaria,Publico,Universitario,Presencial,"Economia, administracion, contaduria y afines",8.0,1.0,2022,0.0,0.0,0.0,En curso
19.0,2.98,1.0,5.16,42.0,Hombre,Soltero,Urbana,Valle del Cauca,Bachillerato,Universitario,Privado,Universitario,Presencial,Ciencias de la salud,5.0,2.0,2021,1.0,0.0,1.0,Desertor
22.0,3.38,0.0,9.21,22.0,Mujer,Soltero,Urbana,Cundinamarca,Bachillerato,Primaria,Publico,Universitario,Presencial,"Economia, administracion, contaduria y afines",1.0,1.0,2022,0.0,0.0,1.0,En curso
20.0,3.27,0.0,6.21,33.0,Mujer,Soltero,Urbana,Cundinamarca,Ninguno,Universitario,Publico,Universitario,Presencial,Ciencias sociales y humanas,1.0,2.0,2025,0.0,0.0,0.0,En curso
21.0,3.36,2.0,10.2,59.0,Hombre,Soltero,Urbana,Córdoba,Primaria,Primaria,Privado,Universitario,Presencial,"Ingenieria, arquitectura, urbanismo y afines",10.0,1.0,2022,0.0,0.0,0.0,En curso
15.0,3.26,0.0,8.01,55.0,Mujer,Soltero,Urbana,Norte de Santander,Bachillerato,Primaria,Publico,Universitario,Presencial,"Ingenieria, arquitectura, urbanismo y afines",11.0,4.0,2024,0.0,1.0,0.0,Graduado
17.0,3.1,1.0,6.78,48.0,Mujer,Soltero,Urbana,Antioquia,Primaria,Tecnico,Publico,Tecnologico,Presencial,"Ingenieria, arquitectura, urbanismo y afines",3.0,3.0,2024,0.0,0.0,0.0,En curso
21.0,2.66,0.0,2.21,51.0,Hombre,Soltero,Urbana,Antioquia,Bachillerato,Ninguno,Publico,Universitario,Distancia tradicional,"Ingenieria, arquitectura, urbanismo y afines",1.0,1.0,2025,1.0,0.0,0.0,En curso
15.0,4.53,0.0,13.0,71.0,Hombre,Soltero,Urbana,Nariño,Universitario,Tecnico,Privado,Tecnologico,Presencial,"Economia, administracion, contaduria y afines",6.0,5.0,2025,0.0,0.0,0.0,Graduado
21.0,3.13,2.0,20.44,40.0,Mujer,Soltero,Urbana,Antioquia,Primaria,Tecnico,Privado,Tecnologico,Presencial,"Ingenieria, arquitectura, urbanismo y afines",4.0,3.0,2023,0.0,0.0,0.0,Desertor
18.0,3.62,0.0,33.84,75.0,Mujer,Soltero,Urbana,Norte de Santander,Primaria,Universitario,Publico,Universitario,Presencial,"Economia, administracion, contaduria y afines",10.0,2.0,2024,0.0,0.0,1.0,Graduado
23.0,3.81,0.0,2.99,72.0,Mujer,Casado,Rural,Cundinamarca,Universitario,Universitario,Privado,Universitario,Presencial,"Economia, administracion, contaduria y afines",1.0,6.0,2022,0.0,0.0,1.0,En curso
16.0,2.69,1.0,16.86,9.0,Hombre,Soltero,Urbana,Bogotá D.C.,Ninguno,Bachillerato,Privado,Universitario,Presencial,"Ingenieria, arquitectura, urbanismo y afines",7.0,2.0,2025,1.0,0.0,0.0,Desertor
22.0,2.95,0.0,4.66,31.0,Hombre,Union libre,Urbana,Bogotá D.C.,Posgrado,Bachillerato,Privado,Tecnologico,Presencial,Ciencias sociales y humanas,2.0,1.0,2023,0.0,0.0,0.0,Desertor
15.0,3.19,0.0,10.42,55.0,Hombre,Union libre,Urbana,Valle del Cauca,Bachillerato,Primaria,Privado,Tecnologico,Presencial,"Ingenieria, arquitectura, urbanismo y afines",12.0,2.0,2025,0.0,0.0,0.0,Desertor
26.0,3.88,3.0,3.15,47.0,Mujer,Soltero,Urbana,Antioquia,Bachillerato,Bachillerato,Publico,Universitario,Presencial,"Economia, administracion, contaduria y afines",11.0,2.0,2022,0.0,1.0,0.0,Desertor
17.0,4.16,1.0,33.48,90.0,Mujer,Soltero,Rural,Huila,Bachillerato,Primaria,Privado,Tecnologico,Presencial,"Ingenieria, arquitectura, urbanismo y afines",3.0,3.0,2023,0.0,0.0,0.0,En curso
17.0,2.85,5.0,5.24,49.0,Hombre,Soltero,Urbana,Bogotá D.C.,Bachillerato,Tecnico,Privado,Universitario,Presencial,"Ingenieria, arquitectura, urbanismo y afines",5.0,2.0,2024,0.0,0.0,0.0,Desertor
19.0,2.96,1.0,12.08,33.0,Mujer,Union libre,Urbana,Nariño,Primaria,Bachillerato,Privado,Universitario,Presencial,Ciencias de la educacion,10.0,3.0,2025,1.0,0.0,0.0,Desertor
16.0,4.18,1.0,11.74,64.0,Hombre,Soltero,Urbana,Valle del Cauca,Bachillerato,Bachillerato,Publico,Universitario,Presencial,"Ingenieria, arquitectura, urbanismo y afines",9.0,3.0,2023,0.0,0.0,0.0,Graduado
15.0,3.26,0.0,5.14,44.0,Hombre,Soltero,Urbana,Antioquia,Primaria,Primaria,Privado,Tecnologico,Presencial,Ciencias de la salud,5.0,1.0,2021,0.0,1.0,0.0,En curso
21.0,3.52,0.0,11.84,63.0,Mujer,Casado,Urbana,Chocó,Bachillerato,Bachillerato,Publico,Tecnologico,Presencial,"Economia, administracion, contaduria y afines",12.0,3.0,2021,0.0,0.0,0.0,Graduado
16.0,3.52,1.0,8.48,66.0,Hombre,Soltero,Urbana,Cundinamarca,Primaria,Tecnico,Privado,Tecnologico,Presencial,"Economia, administracion, contaduria y afines",5.0,2.0,2022,0.0,0.0,0.0,En curso
24.0,3.69,2.0,9.3,63.0,Hombre,Soltero,Urbana,Cundinamarca,Primaria,Bachillerato,Privado,Tecnologico,Distancia tradicional,Ciencias sociales y humanas,10.0,4.0,2025,1.0,1.0,1.0,Graduado
21.0,3.19,2.0,3.87,32.0,Hombre,Soltero,Urbana,Santander,Primaria,Bachillerato,Publico,Universitario,Presencial,"Economia, administracion, contaduria y afines",4.0,2.0,2025,0.0,0.0,0.0,Desertor
19.0,4.16,0.0,16.86,56.0,Mujer,Soltero,Urbana,Cundinamarca,Primaria,Bachillerato,Privado,Universitario,Presencial,Bellas artes,10.0,1.0,2024,0.0,1.0,1.0,Graduado
18.0,2.92,4.0,7.8,38.0,Hombre,Soltero,Urbana,Bogotá D.C.,Tecnico,Bachillerato,Publico,Universitario,Distancia tradicional,"Ingenieria, arquitectura, urbanismo y afines",10.0,1.0,2022,0.0,1.0,0.0,En curso
19.0,3.19,1.0,8.94,57.0,Hombre,Casado,Urbana,Atlántico,Bachillerato,Primaria,Privado,Tecnologico,Presencial,Bellas artes,11.0,3.0,2025,0.0,0.0,0.0,Graduado
25.0,2.51,0.0,9.38,19.0,Mujer,Soltero,Urbana,Bogotá D.C.,Bachillerato,Primaria,Privado,Universitario,Presencial,"Ingenieria, arquitectura, urbanismo y afines",5.0,5.0,2023,0.0,0.0,0.0,Desertor
16.0,3.16,1.0,2.0,55.0,Hombre,Casado,Urbana,Antioquia,Bachillerato,Bachillerato,Publico,Universitario,Presencial,Matematicas y ciencias naturales,10.0,1.0,2023,0.0,1.0,0.0,Graduado
17.0,4.26,0.0,36.54,65.0,Hombre,Union libre,Urbana,Boyacá,Primaria,Ninguno,Publico,Universitario,Presencial,Bellas artes,2.0,3.0,2023,0.0,1.0,1.0,En curso
23.0,3.65,0.0,2.17,88.0,Hombre,Union libre,Rural,Antioquia,Universitario,Posgrado,Privado,Universitario,Virtual,"Ingenieria, arquitectura, urbanismo y afines",2.0,3.0,2024,0.0,1.0,0.0,En curso
17.0,4.34,0.0,50.26,79.0,Mujer,Soltero,Rural,Bogotá D.C.,Bachillerato,Bachillerato,Privado,Universitario,Virtual,"Economia, administracion, contaduria y afines",3.0,2.0,2024,1.0,0.0,0.0,En curso
21.0,3.41,0.0,3.48,56.0,Mujer,Soltero,Rural,Antioquia,Bachillerato,Tecnico,Publico,Universitario,Presencial,"Economia, administracion, contaduria y afines",6.0,3.0,2024,0.0,0.0,0.0,En curso
15.0,3.2,5.0,12.07,51.0,Hombre,Soltero,Rural,Santander,Bachillerato,Ninguno,Privado,Tecnico profesional,Virtual,Ciencias de la educacion,1.0,2.0,2021,0.0,0.0,0.0,Desertor
17.0,3.56,0.0,5.79,73.0,Mujer,Union libre,Urbana,Chocó,Bachillerato,Bachillerato,Publico,Tecnologico,Presencial,"Economia, administracion, contaduria y afines",10.0,3.0,2025,1.0,0.0,1.0,Graduado
19.0,3.94,1.0,39.32,70.0,Mujer,Soltero,Urbana,Bogotá D.C.,Primaria,Bachillerato,Privado,Tecnologico,Presencial,Ciencias de la salud,6.0,2.0,2023,1.0,0.0,1.0,Graduado
21.0,4.33,0.0,5.66,81.0,Hombre,Soltero,Urbana,Tolima,Primaria,Bachillerato,Privado,Universitario,Presencial,"Ingenieria, arquitectura, urbanismo y afines",1.0,2.0,2025,1.0,1.0,0.0,En curso
18.0,3.15,1.0,8.27,58.0,Mujer,Soltero,Urbana,Córdoba,Bachillerato,Primaria,Privado,Universitario,Presencial,"Economia, administracion, contaduria y afines",2.0,2.0,2021,0.0,1.0,0.0,En curso
20.0,3.36,2.0,10.89,46.0,Mujer,Soltero,Urbana,Nariño,Primaria,Bachillerato,Privado,Tecnologico,Virtual,"Ingenieria, arquitectura, urbanismo y afines",11.0,3.0,2024,0.0,0.0,1.0,Graduado
23.0,2.97,1.0,7.3,60.0,Hombre,Casado,Urbana,Valle del Cauca,Bachillerato,Bachillerato,Privado,Tecnico profesional,Presencial,Ciencias de la educacion,4.0,2.0,2024,1.0,0.0,1.0,Desertor
16.0,3.26,0.0,7.53,60.0,Mujer,Soltero,Urbana,Valle del Cauca,Universitario,Bachillerato,Privado,Universitario,Distancia tradicional,"Ingenieria, arquitectura, urbanismo y afines",11.0,5.0,2021,1.0,0.0,1.0,Graduado
18.0,3.64,4.0,3.11,58.0,Hombre,Soltero,Urbana,Sucre,Bachillerato,Primaria,Publico,Universitario,Virtual,"Economia, administracion, contaduria y afines",2.0,4.0,2025,0.0,0.0,0.0,En curso
18.0,3.43,0.0,3.99,64.0,Mujer,Soltero,Urbana,Bogotá D.C.,Posgrado,Bachillerato,Publico,Universitario,Virtual,Ciencias de la educacion,10.0,1.0,2024,1.0,0.0,1.0,Desertor
15.0,3.54,0.0,1.13,50.0,Hombre,Soltero,Urbana,Antioquia,Universitario,Bachillerato,Publico,Universitario,Presencial,"Economia, administracion, contaduria y afines",4.0,3.0,2024,0.0,0.0,1.0,En curso
20.0,3.31,0.0,4.41,66.0,Hombre,Soltero,Urbana,Sucre,Bachillerato,Ninguno,Publico,Universitario,Presencial,Ciencias de la salud,12.0,2.0,2023,0.0,0.0,0.0,Graduado
19.0,4.06,1.0,3.83,94.0,Mujer,Union libre,Urbana,Magdalena,Universitario,Universitario,Publico,Universitario,Virtual,Ciencias sociales y humanas,3.0,1.0,2023,0.0,0.0,0.0,En curso
16.0,2.57,1.0,6.16,47.0,Hombre,Union libre,Rural,Valle del Cauca,Ninguno,Bachillerato,Privado,Tecnologico,Virtual,"Ingenieria, arquitectura, urbanismo y afines",10.0,3.0,2023,0.0,0.0,0.0,Desertor
15.0,3.16,0.0,9.43,67.0,Mujer,Soltero,Urbana,Antioquia,Primaria,Tecnico,Privado,Tecnologico,Presencial,Bellas artes,3.0,2.0,2023,0.0,0.0,0.0,En curso
18.0,2.75,6.0,14.39,39.0,Mujer,Otro,Urbana,Bolívar,Bachillerato,Bachillerato,Publico,Universitario,Presencial,"Economia, administracion, contaduria y afines",9.0,1.0,2022,0.0,0.0,0.0,Desertor
19.0,3.89,0.0,13.41,82.0,Hombre,Soltero,Urbana,Risaralda,Universitario,Tecnico,Publico,Universitario,Distancia tradicional,"Economia, administracion, contaduria y afines",4.0,1.0,2024,0.0,1.0,1.0,Desertor
25.0,3.83,1.0,5.65,70.0,Hombre,Union libre,Urbana,Sucre,Primaria,Tecnico,Publico,Tecnologico,Distancia tradicional,Ciencias sociales y humanas,3.0,2.0,2025,1.0,0.0,0.0,En curso
21.0,3.15,1.0,5.84,35.0,Mujer,Soltero,Urbana,Antioquia,Universitario,Primaria,Publico,Universitario,Presencial,"Economia, administracion, contaduria y afines",4.0,3.0,2025,0.0,0.0,1.0,Desertor
18.0,3.44,2.0,10.91,51.0,Mujer,Union libre,Urbana,Nariño,Primaria,Primaria,Privado,Universitario,Presencial,Ciencias sociales y humanas,8.0,1.0,2022,1.0,0.0,0.0,Desertor
20.0,3.08,2.0,3.59,55.0,Hombre,Casado,Urbana,Sucre,Bachillerato,Tecnico,Privado,Tecnologico,Virtual,"Ingenieria, arquitectura, urbanismo y afines",8.0,1.0,2021,0.0,0.0,0.0,Desertor
18.0,2.84,2.0,12.61,43.0,Mujer,Soltero,Urbana,Santander,Ninguno,Bachillerato,Privado,Universitario,Presencial,"Ingenieria, arquitectura, urbanismo y afines",2.0,1.0,2024,0.0,0.0,0.0,En curso
24.0,4.13,0.0,8.6,79.0,Mujer,Soltero,Rural,Nariño,Primaria,Universitario,Privado,Universitario,Presencial,Ciencias sociales y humanas,8.0,1.0,2025,0.0,0.0,0.0,En curso
21.0,3.17,2.0,7.15,47.0,Mujer,Soltero,Rural,Huila,Ninguno,Primaria,Privado,Universitario,Presencial,"Economia, administracion, contaduria y afines",9.0,2.0,2022,1.0,0.0,1.0,Desertor
16.0,2.59,1.0,6.4,49.0,Hombre,Union libre,Rural,Bolívar,Bachillerato,Bachillerato,Privado,Tecnologico,Distancia tradicional,"Economia, administracion, contaduria y afines",12.0,4.0,2021,1.0,0.0,0.0,Graduado
19.0,4.46,0.0,9.01,92.0,Hombre,Soltero,Urbana,Quindío,Primaria,Universitario,Publico,Tecnologico,Presencial,Matematicas y ciencias naturales,4.0,1.0,2022,0.0,0.0,0.0,En curso
15.0,4.69,0.0,10.45,83.0,Hombre,Soltero,Urbana,Santander,Primaria,Bachillerato,Privado,Universitario,Virtual,Ciencias sociales y humanas,11.0,5.0,2025,1.0,0.0,0.0,En curso
19.0,3.5,0.0,3.18,67.0,Mujer,Soltero,Rural,Bogotá D.C.,Universitario,Bachillerato,Privado,Universitario,Presencial,Ciencias de la salud,2.0,3.0,2022,1.0,0.0,0.0,En curso
18.0,3.21,0.0,25.55,54.0,Mujer,Soltero,Urbana,Antioquia,Posgrado,Bachillerato,Privado,Universitario,Presencial,Ciencias sociales y humanas,6.0,4.0,2023,0.0,0.0,0.0,En curso
24.0,3.79,0.0,3.84,63.0,Hombre,Soltero,Rural,Valle del Cauca,Bachillerato,Primaria,Privado,Universitario,Presencial,Ciencias sociales y humanas,3.0,2.0,2025,0.0,1.0,0.0,En curso
18.0,3.32,2.0,5.47,77.0,Hombre,Soltero,Urbana,Bogotá D.C.,Primaria,Tecnico,Privado,Universitario,Presencial,Ciencias sociales y humanas,10.0,4.0,2024,0.0,1.0,1.0,Graduado
24.0,3.08,1.0,3.58,24.0,Mujer,Soltero,Rural,Atlántico,Tecnico,Tecnico,Publico,Universitario,Presencial,"Economia, administracion, contaduria y afines",6.0,2.0,2023,0.0,0.0,0.0,En curso
16.0,4.11,1.0,13.31,90.0,Hombre,Soltero,Urbana,Valle del Cauca,Primaria,Bachillerato,Privado,Universitario,Presencial,"Economia, administracion, contaduria y afines",5.0,6.0,2021,0.0,0.0,0.0,En curso
22.0,3.41,2.0,5.35,59.0,Mujer,Soltero,Urbana,Córdoba,Primaria,Primaria,Privado,Tecnologico,Presencial,Ciencias de la salud,1.0,3.0,2023,1.0,0.0,0.0,En curso
19.0,2.84,2.0,10.22,45.0,Hombre,Union libre,Urbana,Santander,Primaria,Primaria,Privado,Tecnico profesional,Presencial,"Ingenieria, arquitectura, urbanismo y afines",9.0,3.0,2024,1.0,0.0,1.0,Desertor
17.0,3.82,1.0,16.09,51.0,Mujer,Soltero,Urbana,Cundinamarca,Bachillerato,Ninguno,Privado,Universitario,Presencial,"Economia, administracion, contaduria y afines",2.0,1.0,2021,0.0,0.0,0.0,En curso
22.0,3.76,0.0,9.74,61.0,Hombre,Soltero,Rural,Casanare,Primaria,Bachillerato,Publico,Universitario,Presencial,"Ingenieria, arquitectura, urbanismo y afines",4.0,2.0,2024,1.0,0.0,0.0,En curso
22.0,2.9,0.0,12.52,48.0,Mujer,Soltero,Urbana,Bogotá D.C.,Primaria,Bachillerato,Privado,Tecnico profesional,Presencial,Bellas artes,9.0,1.0,2022,0.0,0.0,0.0,Desertor
17.0,4.03,1.0,24.9,59.0,Hombre,Soltero,Urbana,Casanare,Bachillerato,Tecnico,Publico,Universitario,Virtual,"Ingenieria, arquitectura, urbanismo y afines",10.0,3.0,2024,0.0,0.0,1.0,Graduado
18.0,4.09,1.0,32.07,70.0,Hombre,Soltero,Urbana,Quindío,Primaria,Universitario,Publico,Universitario,Presencial,Ciencias de la salud,6.0,3.0,2025,1.0,0.0,0.0,En curso
25.0,3.56,0.0,52.8,86.0,Hombre,Soltero,Rural,Cundinamarca,Primaria,Bachillerato,Publico,Universitario,Presencial,"Economia, administracion, contaduria y afines",6.0,4.0,2023,1.0,1.0,0.0,En curso
27.0,3.05,1.0,21.8,39.0,Hombre,Union libre,Urbana,Sucre,Bachillerato,Primaria,Publico,Universitario,Presencial,"Economia, administracion, contaduria y afines",3.0,2.0,2023,0.0,0.0,0.0,Desertor
21.0,3.21,3.0,5.51,72.0,Mujer,Soltero,Urbana,Boyacá,Primaria,Universitario,Privado,Universitario,Presencial,Ciencias de la educacion,2.0,3.0,2024,1.0,0.0,1.0,En curso
19.0,3.23,2.0,8.42,54.0,Hombre,Union libre,Urbana,Valle del Cauca,Universitario,Bachillerato,Privado,Universitario,Presencial,Bellas artes,9.0,3.0,2025,1.0,0.0,0.0,En curso
16.0,3.23,2.0,3.39,67.0,Mujer,Soltero,Urbana,Antioquia,Universitario,Universitario,Publico,Universitario,Presencial,Ciencias de la salud,5.0,2.0,2022,1.0,0.0,0.0,Desertor
18.0,3.49,1.0,25.86,63.0,Hombre,Soltero,Urbana,Meta,Primaria,Bachillerato,Privado,Tecnico profesional,Presencial,"Agronomia, veterinaria y afines",11.0,3.0,2022,0.0,0.0,0.0,Graduado
17.0,3.8,0.0,19.65,47.0,Hombre,Soltero,Urbana,Bolívar,Primaria,Posgrado,Publico,Universitario,Presencial,Ciencias sociales y humanas,7.0,3.0,2022,1.0,0.0,0.0,En curso
20.0,3.72,1.0,4.76,57.0,Mujer,Soltero,Urbana,Antioquia,Bachillerato,Tecnico,Privado,Universitario,Presencial,"Ingenieria, arquitectura, urbanismo y afines",1.0,3.0,2025,0.0,0.0,0.0,En curso
19.0,4.47,0.0,15.17,83.0,Mujer,Soltero,Urbana,Cauca,Tecnico,Posgrado,Privado,Universitario,Virtual,Ciencias de la educacion,9.0,4.0,2021,0.0,1.0,0.0,En curso
17.0,3.39,2.0,1.97,47.0,Mujer,Soltero,Urbana,Bogotá D.C.,Primaria,Bachillerato,Privado,Tecnico profesional,Presencial,Ciencias sociales y humanas,4.0,5.0,2022,0.0,0.0,0.0,Graduado
21.0,4.35,0.0,4.13,100.0,Mujer,Soltero,Urbana,Caldas,Primaria,Bachillerato,Publico,Tecnologico,Distancia tradicional,"Ingenieria, arquitectura, urbanismo y afines",1.0,2.0,2022,0.0,0.0,0.0,En curso
19.0,3.37,0.0,4.53,50.0,Mujer,Soltero,Urbana,Antioquia,Universitario,Primaria,Privado,Tecnologico,Virtual,Ciencias de la educacion,4.0,1.0,2023,0.0,0.0,1.0,En curso
16.0,3.02,0.0,9.08,36.0,Hombre,Union libre,Urbana,Córdoba,Bachillerato,Bachillerato,Privado,Universitario,Distancia tradicional,"Ingenieria, arquitectura, urbanismo y afines",4.0,1.0,2022,1.0,1.0,0.0,Desertor
21.0,3.77,0.0,5.66,67.0,Hombre,Union libre,Urbana,Valle del Cauca,Bachillerato,Primaria,Publico,Universitario,Presencial,"Economia, administracion, contaduria y afines",11.0,3.0,2024,1.0,0.0,0.0,Graduado
15.0,2.95,3.0,2.07,29.0,Mujer,Union libre,Rural,Tolima,Bachillerato,Bachillerato,Privado,Universitario,Presencial,"Economia, administracion, contaduria y afines",3.0,1.0,2021,0.0,0.0,0.0,En curso
19.0,2.86,0.0,15.55,63.0,Hombre,Casado,Urbana,Antioquia,Primaria,Bachillerato,Publico,Universitario,Presencial,"Agronomia, veterinaria y afines",6.0,3.0,2025,0.0,0.0,1.0,Desertor
21.0,3.3,0.0,40.72,47.0,Mujer,Soltero,Rural,Bogotá D.C.,Primaria,Primaria,Privado,Universitario,Virtual,"Economia, administracion, contaduria y afines",4.0,2.0,2025,1.0,0.0,0.0,En curso
16.0,3.55,1.0,2.09,82.0,Hombre,Soltero,Urbana,Valle del Cauca,Universitario,Ninguno,Privado,Universitario,Distancia tradicional,Ciencias de la educacion,4.0,4.0,2023,0.0,1.0,0.0,En curso
19.0,3.95,0.0,6.64,53.0,Mujer,Soltero,Urbana,Antioquia,Bachillerato,Bachillerato,Privado,Universitario,Presencial,Ciencias sociales y humanas,6.0,4.0,2025,1.0,0.0,0.0,Desertor
15.0,4.31,0.0,2.56,77.0,Hombre,Casado,Urbana,Bogotá D.C.,Bachillerato,Universitario,Privado,Tecnologico,Presencial,Ciencias de la educacion,5.0,4.0,2022,0.0,0.0,0.0,Graduado
17.0,3.93,1.0,13.43,59.0,Mujer,Union libre,Urbana,La Guajira,Primaria,Primaria,Privado,Universitario,Presencial,"Agronomia, veterinaria y afines",7.0,1.0,2021,0.0,1.0,0.0,En curso
24.0,4.25,0.0,15.62,61.0,Hombre,Soltero,Urbana,Cundinamarca,Bachillerato,Primaria,Publico,Tecnologico,Presencial,Ciencias de la educacion,1.0,2.0,2024,1.0,0.0,0.0,Desertor
22.0,3.23,1.0,3.33,63.0,Hombre,Soltero,Urbana,Norte de Santander,Primaria,Primaria,Privado,Tecnologico,Presencial,Ciencias sociales y humanas,3.0,3.0,2023,0.0,0.0,0.0,En curso
22.0,4.65,0.0,2.81,51.0,Mujer,Soltero,Urbana,Bogotá D.C.,Primaria,Primaria,Privado,Universitario,Presencial,"Agronomia, veterinaria y afines",11.0,2.0,2025,0.0,0.0,0.0,Graduado
20.0,3.6,2.0,1.58,37.0,Mujer,Soltero,Rural,Valle del Cauca,Primaria,Bachillerato,Publico,Universitario,Distancia tradicional,"Economia, administracion, contaduria y afines",3.0,1.0,2023,1.0,0.0,0.0,En curso
25.0,1.61,2.0,10.85,12.0,Hombre,Union libre,Urbana,Atlántico,Universitario,Primaria,Publico,Universitario,Distancia tradicional,Ciencias de la salud,7.0,3.0,2025,0.0,0.0,0.0,Desertor
22.0,3.56,1.0,18.65,26.0,Mujer,Soltero,Urbana,Magdalena,Universitario,Tecnico,Privado,Universitario,Presencial,Ciencias sociales y humanas,9.0,1.0,2022,0.0,0.0,0.0,Graduado
18.0,3.62,1.0,5.63,48.0,Hombre,Soltero,Urbana,Meta,Universitario,Tecnico,Publico,Universitario,Presencial,Ciencias de la educacion,6.0,3.0,2025,1.0,0.0,1.0,En curso
16.0,4.13,1.0,7.83,65.0,Hombre,Soltero,Urbana,Huila,Ninguno,Primaria,Privado,Tecnico profesional,Distancia tradicional,"Economia, administracion, contaduria y afines",5.0,3.0,2025,0.0,0.0,1.0,Graduado
20.0,4.83,0.0,3.35,81.0,Mujer,Soltero,Urbana,Atlántico,Primaria,Universitario,Privado,Tecnologico,Presencial,"Economia, administracion, contaduria y afines",8.0,3.0,2021,1.0,0.0,0.0,Graduado
21.0,3.77,2.0,20.38,87.0,Mujer,Soltero,Urbana,Cauca,Primaria,Tecnico,Privado,Tecnologico,Presencial,Ciencias sociales y humanas,2.0,2.0,2022,0.0,1.0,0.0,En curso
24.0,2.29,2.0,9.22,37.0,Hombre,Soltero,Urbana,Atlántico,Primaria,Tecnico,Publico,Universitario,Virtual,Ciencias de la educacion,8.0,4.0,2024,0.0,0.0,0.0,En curso
18.0,3.61,0.0,9.95,58.0,Mujer,Union libre,Rural,Cauca,Bachillerato,Tecnico,Privado,Tecnologico,Presencial,Ciencias de la salud,8.0,2.0,2021,1.0,0.0,0.0,Graduado
18.0,2.31,3.0,9.44,29.0,Hombre,Soltero,Urbana,Bogotá D.C.,Universitario,Primaria,Privado,Tecnico profesional,Presencial,Ciencias de la educacion,2.0,2.0,2024,1.0,1.0,0.0,Desertor
22.0,3.86,0.0,16.79,65.0,Mujer,Soltero,Rural,Antioquia,Primaria,Tecnico,Privado,Universitario,Presencial,Ciencias sociales y humanas,12.0,1.0,2025,0.0,1.0,1.0,Graduado
15.0,3.64,0.0,11.97,68.0,Hombre,Soltero,Rural,Bogotá D.C.,Tecnico,Ninguno,Publico,Tecnologico,Presencial,"Ingenieria, arquitectura, urbanismo y afines",3.0,2.0,2023,0.0,1.0,1.0,En curso
20.0,3.68,1.0,2.58,72.0,Hombre,Soltero,Urbana,Valle del Cauca,Ninguno,Primaria,Privado,Universitario,Presencial,"Ingenieria, arquitectura, urbanismo y afines",3.0,5.0,2023,0.0,0.0,0.0,Desertor
21.0,5.0,0.0,7.55,100.0,Mujer,Soltero,Urbana,Atlántico,Tecnico,Bachillerato,Publico,Tecnologico,Distancia tradicional,"Ingenieria, arquitectura, urbanismo y afines",7.0,3.0,2023,0.0,0.0,1.0,Graduado
24.0,3.5,0.0,23.96,72.0,Mujer,Union libre,Urbana,Antioquia,Tecnico,Bachillerato,Publico,Universitario,Presencial,Ciencias de la salud,2.0,1.0,2024,1.0,0.0,0.0,En curso
21.0,3.9,1.0,5.03,65.0,Hombre,Soltero,Urbana,Santander,Ninguno,Universitario,Privado,Universitario,Presencial,Ciencias sociales y humanas,11.0,2.0,2025,1.0,0.0,1.0,Graduado
15.0,3.75,1.0,3.53,56.0,Hombre,Soltero,Urbana,Bogotá D.C.,Tecnico,Bachillerato,Publico,Tecnologico,Presencial,Ciencias sociales y humanas,7.0,2.0,2023,1.0,0.0,0.0,En curso
21.0,5.0,0.0,0.79,100.0,Mujer,Union libre,Urbana,Risaralda,Bachillerato,Universitario,Privado,Universitario,Presencial,Ciencias sociales y humanas,7.0,3.0,2025,0.0,0.0,1.0,En curso
17.0,1.9,1.0,24.64,41.0,Mujer,Soltero,Rural,Antioquia,Primaria,Bachillerato,Privado,Universitario,Presencial,"Economia, administracion, contaduria y afines",10.0,1.0,2024,1.0,0.0,0.0,Desertor
18.0,4.41,0.0,5.41,68.0,Hombre,Soltero,Urbana,Putumayo,Ninguno,Bachillerato,Privado,Universitario,Presencial,"Ingenieria, arquitectura, urbanismo y afines",8.0,5.0,2022,0.0,1.0,0.0,En curso
26.0,2.92,1.0,9.39,36.0,Mujer,Soltero,Urbana,Cauca,Bachillerato,Primaria,Publico,Tecnologico,Presencial,Ciencias de la salud,5.0,2.0,2024,0.0,0.0,0.0,En curso
20.0,4.03,1.0,10.02,65.0,Mujer,Soltero,Rural,Cauca,Bachillerato,Bachillerato,Publico,Universitario,Presencial,Ciencias sociales y humanas,9.0,3.0,2022,0.0,1.0,0.0,En curso
15.0,4.24,0.0,34.17,100.0,Hombre,Soltero,Rural,Quindío,Primaria,Universitario,Privado,Tecnologico,Virtual,"Agronomia, veterinaria y afines",7.0,3.0,2023,0.0,0.0,0.0,Graduado
15.0,3.51,3.0,7.63,64.0,Mujer,Soltero,Urbana,Bogotá D.C.,Bachillerato,Ninguno,Privado,Tecnico profesional,Presencial,Ciencias de la salud,11.0,3.0,2025,0.0,0.0,0.0,Desertor
19.0,1.9,1.0,20.98,25.0,Hombre,Soltero,Urbana,Atlántico,Ninguno,Primaria,Privado,Tecnologico,Distancia tradicional,"Ingenieria, arquitectura, urbanismo y afines",11.0,3.0,2025,0.0,0.0,0.0,Desertor
22.0,2.41,3.0,27.79,22.0,Mujer,Soltero,Urbana,Bogotá D.C.,Primaria,Universitario,Privado,Universitario,Distancia tradicional,"Economia, administracion, contaduria y afines",12.0,2.0,2025,0.0,0.0,0.0,Desertor
16.0,3.02,1.0,1.79,64.0,Hombre,Casado,Urbana,Atlántico,Bachillerato,Universitario,Privado,Universitario,Virtual,"Ingenieria, arquitectura, urbanismo y afines",10.0,3.0,2025,1.0,0.0,0.0,En curso
27.0,3.43,1.0,9.97,62.0,Mujer,Soltero,Urbana,Bogotá D.C.,Universitario,Bachillerato,Publico,Universitario,Virtual,Ciencias de la educacion,10.0,3.0,2022,0.0,0.0,0.0,Graduado
17.0,3.21,0.0,1.76,60.0,Hombre,Soltero,Urbana,Bogotá D.C.,Primaria,Primaria,Privado,Tecnologico,Presencial,"Ingenieria, arquitectura, urbanismo y afines",7.0,3.0,2021,0.0,0.0,0.0,Graduado
23.0,4.06,2.0,4.11,65.0,Hombre,Soltero,Urbana,Sucre,Bachillerato,Primaria,Privado,Universitario,Presencial,"Economia, administracion, contaduria y afines",5.0,3.0,2023,0.0,0.0,0.0,En curso
22.0,3.9,2.0,11.35,68.0,Hombre,Soltero,Rural,Meta,Tecnico,Ninguno,Privado,Tecnologico,Presencial,"Ingenieria, arquitectura, urbanismo y afines",2.0,1.0,2025,0.0,1.0,1.0,Desertor
22.0,4.13,0.0,10.6,94.0,Mujer,Soltero,Urbana,Risaralda,Primaria,Ninguno,Privado,Universitario,Presencial,"Ingenieria, arquitectura, urbanismo y afines",9.0,3.0,2023,0.0,0.0,0.0,En curso
21.0,3.21,1.0,0.48,49.0,Mujer,Soltero,Urbana,Antioquia,Bachillerato,Bachillerato,Publico,Universitario,Presencial,"Ingenieria, arquitectura, urbanismo y afines",5.0,1.0,2022,0.0,0.0,1.0,En curso
17.0,3.79,1.0,6.31,51.0,Mujer,Soltero,Rural,Risaralda,Bachillerato,Bachillerato,Publico,Universitario,Presencial,"Economia, administracion, contaduria y afines",9.0,1.0,2024,1.0,1.0,0.0,Graduado
15.0,2.74,0.0,7.85,45.0,Mujer,Soltero,Rural,Valle del Cauca,Ninguno,Bachillerato,Privado,Universitario,Virtual,"Economia, administracion, contaduria y afines",1.0,3.0,2024,0.0,0.0,0.0,En curso
19.0,3.83,0.0,0.57,69.0,Hombre,Soltero,Urbana,Magdalena,Bachillerato,Primaria,Privado,Tecnico profesional,Presencial,Ciencias sociales y humanas,3.0,1.0,2024,0.0,0.0,0.0,En curso
22.0,3.57,2.0,1.92,79.0,Hombre,Soltero,Urbana,Atlántico,Ninguno,Tecnico,Privado,Tecnologico,Presencial,"Ingenieria, arquitectura, urbanismo y afines",9.0,2.0,2023,1.0,0.0,1.0,Graduado
15.0,3.34,1.0,6.28,58.0,Hombre,Soltero,Urbana,Bogotá D.C.,Universitario,Universitario,Publico,Universitario,Virtual,"Economia, administracion, contaduria y afines",3.0,2.0,2022,0.0,0.0,0.0,En curso
21.0,2.74,0.0,16.55,42.0,Mujer,Soltero,Rural,Cauca,Primaria,Primaria,Privado,Universitario,Virtual,"Economia, administracion, contaduria y afines",7.0,2.0,2025,1.0,1.0,0.0,Graduado
24.0,3.03,2.0,4.08,67.0,Mujer,Union libre,Urbana,Risaralda,Bachillerato,Tecnico,Privado,Tecnologico,Distancia tradicional,"Ingenieria, arquitectura, urbanismo y afines",8.0,3.0,2024,0.0,0.0,0.0,Graduado
19.0,2.94,4.0,17.33,42.0,Hombre,Union libre,Rural,Valle del Cauca,Bachillerato,Tecnico,Privado,Tecnologico,Virtual,Ciencias sociales y humanas,6.0,2.0,2023,0.0,0.0,0.0,Desertor
16.0,3.95,0.0,5.69,57.0,Hombre,Soltero,Urbana,Antioquia,Primaria,Posgrado,Publico,Tecnologico,Presencial,"Economia, administracion, contaduria y afines",9.0,2.0,2025,1.0,0.0,0.0,Graduado
24.0,3.11,0.0,6.98,43.0,Mujer,Soltero,Urbana,Chocó,Universitario,Universitario,Privado,Universitario,Presencial,"Ingenieria, arquitectura, urbanismo y afines",9.0,1.0,2023,0.0,0.0,0.0,Desertor
19.0,2.48,2.0,7.43,24.0,Hombre,Soltero,Urbana,Boyacá,Universitario,Primaria,Publico,Universitario,Distancia tradicional,Ciencias de la salud,10.0,2.0,2022,0.0,0.0,0.0,Desertor
15.0,3.88,1.0,4.69,69.0,Mujer,Soltero,Urbana,Antioquia,Primaria,Tecnico,Publico,Tecnologico,Presencial,"Ingenieria, arquitectura, urbanismo y afines",5.0,2.0,2025,1.0,1.0,0.0,Graduado
24.0,4.1,0.0,4.61,82.0,Hombre,Soltero,Urbana,Huila,Bachillerato,Bachillerato,Publico,Tecnico profesional,Presencial,"Economia, administracion, contaduria y afines",8.0,3.0,2024,1.0,0.0,1.0,Graduado
24.0,4.12,2.0,15.84,87.0,Hombre,Casado,Urbana,Antioquia,Primaria,Posgrado,Privado,Universitario,Presencial,Ciencias de la salud,9.0,2.0,2021,0.0,1.0,1.0,En curso
21.0,3.84,0.0,4.65,75.0,Mujer,Soltero,Urbana,Nariño,Primaria,Primaria,Publico,Universitario,Presencial,Ciencias de la salud,10.0,3.0,2023,0.0,0.0,1.0,Graduado
16.0,3.7,1.0,10.24,54.0,Mujer,Union libre,Urbana,Santander,Bachillerato,Universitario,Publico,Universitario,Presencial,"Economia, administracion, contaduria y afines",11.0,3.0,2023,1.0,0.0,1.0,Graduado
19.0,3.1,2.0,41.87,52.0,Mujer,Union libre,Urbana,Nariño,Universitario,Bachillerato,Publico,Universitario,Presencial,Ciencias de la salud,11.0,2.0,2024,1.0,0.0,0.0,Graduado
15.0,3.79,0.0,8.75,78.0,Hombre,Soltero,Urbana,Quindío,Tecnico,Bachillerato,Privado,Tecnologico,Presencial,Ciencias sociales y humanas,3.0,3.0,2024,0.0,1.0,0.0,En curso
24.0,3.67,2.0,40.08,62.0,Mujer,Soltero,Urbana,Magdalena,Universitario,Primaria,Privado,Universitario,Presencial,"Economia, administracion, contaduria y afines",5.0,2.0,2025,0.0,0.0,0.0,En curso
16.0,3.19,2.0,12.03,74.0,Mujer,Soltero,Urbana,Bogotá D.C.,Primaria,Bachillerato,Publico,Universitario,Presencial,"Economia, administracion, contaduria y afines",3.0,2.0,2022,0.0,0.0,0.0,En curso
19.0,3.48,1.0,6.02,90.0,Mujer,Soltero,Rural,Bogotá D.C.,Primaria,Bachillerato,Publico,Tecnologico,Distancia tradicional,"Ingenieria, arquitectura, urbanismo y afines",10.0,2.0,2025,1.0,0.0,0.0,Graduado
18.0,2.86,2.0,16.82,64.0,Mujer,Otro,Urbana,Huila,Bachillerato,Ninguno,Publico,Universitario,Presencial,"Economia, administracion, contaduria y afines",2.0,3.0,2022,0.0,1.0,0.0,En curso
21.0,4.14,0.0,4.67,60.0,Hombre,Soltero,Rural,Antioquia,Primaria,Bachillerato,Publico,Tecnico profesional,Presencial,"Economia, administracion, contaduria y afines",5.0,4.0,2022,0.0,1.0,0.0,Graduado
17.0,3.46,3.0,21.87,77.0,Hombre,Soltero,Urbana,Valle del Cauca,Primaria,Posgrado,Privado,Tecnologico,Presencial,Ciencias de la educacion,3.0,3.0,2023,0.0,1.0,0.0,En curso
18.0,2.34,1.0,8.26,33.0,Mujer,Soltero,Rural,Bogotá D.C.,Primaria,Primaria,Privado,Tecnologico,Presencial,Ciencias de la salud,2.0,4.0,2022,0.0,1.0,0.0,Desertor
21.0,3.14,0.0,5.25,76.0,Hombre,Union libre,Urbana,Magdalena,Bachillerato,Posgrado,Publico,Tecnologico,Presencial,Ciencias sociales y humanas,11.0,4.0,2023,1.0,0.0,0.0,Graduado
18.0,2.75,2.0,3.37,58.0,Mujer,Soltero,Rural,Bogotá D.C.,Universitario,Tecnico,Publico,Tecnologico,Presencial,"Ingenieria, arquitectura, urbanismo y afines",7.0,3.0,2024,0.0,0.0,0.0,Desertor
22.0,2.96,2.0,13.85,43.0,Mujer,Soltero,Urbana,Valle del Cauca,Primaria,Primaria,Privado,Universitario,Distancia tradicional,"Economia, administracion, contaduria y afines",7.0,1.0,2023,1.0,0.0,0.0,Desertor
15.0,3.22,0.0,8.72,73.0,Mujer,Soltero,Urbana,Cundinamarca,Primaria,Primaria,Privado,Tecnologico,Presencial,Ciencias de la salud,9.0,1.0,2023,0.0,0.0,0.0,Desertor
17.0,3.82,1.0,5.12,54.0,Hombre,Soltero,Urbana,Huila,Bachillerato,Bachillerato,Publico,Universitario,Presencial,"Ingenieria, arquitectura, urbanismo y afines",11.0,2.0,2024,0.0,0.0,1.0,Graduado
19.0,4.78,0.0,29.45,93.0,Hombre,Soltero,Urbana,Quindío,Bachillerato,Bachillerato,Publico,Universitario,Presencial,"Economia, administracion, contaduria y afines",1.0,4.0,2022,0.0,0.0,0.0,En curso
23.0,3.04,2.0,6.15,49.0,Mujer,Soltero,Rural,Cundinamarca,Posgrado,Bachillerato,Publico,Universitario,Presencial,Ciencias sociales y humanas,4.0,2.0,2023,1.0,0.0,0.0,En curso
18.0,3.66,1.0,10.14,72.0,Mujer,Casado,Rural,Córdoba,Bachillerato,Universitario,Publico,Universitario,Distancia tradicional,"Economia, administracion, contaduria y afines",1.0,1.0,2025,1.0,0.0,1.0,En curso
24.0,3.2,3.0,29.64,53.0,Hombre,Soltero,Urbana,Cundinamarca,Bachillerato,Primaria,Publico,Universitario,Presencial,"Ingenieria, arquitectura, urbanismo y afines",1.0,3.0,2025,1.0,0.0,0.0,Desertor
23.0,3.56,1.0,14.55,66.0,Mujer,Union libre,Urbana,Cundinamarca,Bachillerato,Tecnico,Publico,Tecnologico,Presencial,"Economia, administracion, contaduria y afines",4.0,2.0,2024,0.0,1.0,0.0,En curso
19.0,2.9,3.0,17.73,53.0,Mujer,Soltero,Urbana,Bogotá D.C.,Bachillerato,Primaria,Privado,Universitario,Virtual,"Ingenieria, arquitectura, urbanismo y afines",7.0,2.0,2022,1.0,1.0,0.0,En curso
24.0,3.21,0.0,3.03,52.0,Hombre,Soltero,Rural,Bogotá D.C.,Primaria,Bachillerato,Publico,Universitario,Presencial,"Ingenieria, arquitectura, urbanismo y afines",9.0,1.0,2023,0.0,0.0,1.0,Graduado
21.0,2.95,1.0,4.26,54.0,Mujer,Soltero,Urbana,Antioquia,Bachillerato,Bachillerato,Publico,Tecnico profesional,Virtual,"Economia, administracion, contaduria y afines",4.0,4.0,2025,1.0,1.0,0.0,Desertor
20.0,3.61,2.0,9.68,52.0,Mujer,Soltero,Urbana,Córdoba,Bachillerato,Posgrado,Publico,Tecnologico,Virtual,Ciencias sociales y humanas,7.0,5.0,2023,0.0,0.0,0.0,Graduado
16.0,4.68,0.0,5.39,74.0,Hombre,Soltero,Urbana,Caquetá,Bachillerato,Bachillerato,Publico,Universitario,Presencial,"Ingenieria, arquitectura, urbanismo y afines",9.0,1.0,2023,1.0,0.0,0.0,En curso
17.0,2.72,4.0,10.46,44.0,Hombre,Soltero,Rural,Nariño,Primaria,Bachillerato,Publico,Universitario,Distancia tradicional,"Economia, administracion, contaduria y afines",9.0,2.0,2025,0.0,0.0,0.0,Desertor
19.0,3.21,1.0,6.17,68.0,Mujer,Soltero,Urbana,Valle del Cauca,Tecnico,Universitario,Privado,Universitario,Presencial,"Ingenieria, arquitectura, urbanismo y afines",6.0,3.0,2021,1.0,1.0,0.0,En curso
18.0,3.46,1.0,3.64,48.0,Hombre,Soltero,Urbana,Valle del Cauca,Primaria,Bachillerato,Privado,Tecnologico,Distancia tradicional,Matematicas y ciencias naturales,10.0,3.0,2025,0.0,0.0,0.0,Desertor
25.0,4.72,0.0,18.9,69.0,Mujer,Soltero,Urbana,Valle del Cauca,Tecnico,Bachillerato,Privado,Universitario,Virtual,"Ingenieria, arquitectura, urbanismo y afines",7.0,3.0,2021,0.0,1.0,1.0,En curso
25.0,3.03,0.0,11.45,59.0,Hombre,Soltero,Urbana,Bogotá D.C.,Bachillerato,Bachillerato,Privado,Universitario,Virtual,"Agronomia, veterinaria y afines",2.0,3.0,2024,0.0,0.0,0.0,Desertor
15.0,3.08,1.0,17.58,39.0,Hombre,Soltero,Rural,Magdalena,Primaria,Primaria,Publico,Universitario,Presencial,"Ingenieria, arquitectura, urbanismo y afines",5.0,3.0,2022,0.0,1.0,0.0,En curso
23.0,4.55,0.0,15.07,54.0,Mujer,Soltero,Urbana,Magdalena,Bachillerato,Tecnico,Publico,Tecnico profesional,Distancia tradicional,Ciencias de la salud,2.0,3.0,2024,0.0,0.0,0.0,En curso
19.0,3.28,0.0,4.85,43.0,Mujer,Union libre,Rural,Cauca,Universitario,Universitario,Privado,Universitario,Distancia tradicional,"Ingenieria, arquitectura, urbanismo y afines",2.0,3.0,2024,1.0,0.0,0.0,Desertor
23.0,2.7,0.0,35.09,53.0,Hombre,Soltero,Urbana,Cundinamarca,Tecnico,Posgrado,Privado,Universitario,Distancia tradicional,"Economia, administracion, contaduria y afines",7.0,1.0,2025,1.0,0.0,0.0,Desertor
26.0,2.68,4.0,2.72,46.0,Hombre,Soltero,Urbana,Bogotá D.C.,Bachillerato,Bachillerato,Publico,Universitario,Presencial,"Ingenieria, arquitectura, urbanismo y afines",3.0,2.0,2024,0.0,0.0,1.0,En curso
15.0,4.35,0.0,1.0,81.0,Mujer,Soltero,Urbana,Tolima,Ninguno,Ninguno,Publico,Tecnico profesional,Virtual,Matematicas y ciencias naturales,1.0,2.0,2021,0.0,0.0,0.0,En curso
21.0,2.94,2.0,4.44,62.0,Mujer,Soltero,Urbana,Bogotá D.C.,Primaria,Primaria,Publico,Universitario,Presencial,"Economia, administracion, contaduria y afines",5.0,3.0,2025,0.0,0.0,1.0,En curso
19.0,3.43,3.0,4.69,44.0,Hombre,Soltero,Urbana,Córdoba,Primaria,Bachillerato,Publico,Tecnologico,Presencial,"Ingenieria, arquitectura, urbanismo y afines",1.0,6.0,2023,0.0,1.0,0.0,En curso
23.0,3.77,0.0,8.98,65.0,Mujer,Casado,Urbana,Nariño,Bachillerato,Bachillerato,Publico,Tecnologico,Presencial,Ciencias de la educacion,12.0,4.0,2024,1.0,0.0,0.0,Graduado
20.0,3.93,2.0,9.72,68.0,Mujer,Soltero,Urbana,Antioquia,Bachillerato,Primaria,Privado,Universitario,Virtual,"Ingenieria, arquitectura, urbanismo y afines",11.0,1.0,2023,0.0,0.0,0.0,Graduado
20.0,3.64,0.0,0.89,60.0,Hombre,Soltero,Urbana,Bogotá D.C.,Primaria,Bachillerato,Publico,Universitario,Presencial,Ciencias de la educacion,1.0,2.0,2022,1.0,1.0,0.0,En curso
22.0,3.52,0.0,15.6,83.0,Hombre,Soltero,Urbana,Cauca,Tecnico,Bachillerato,Privado,Universitario,Distancia tradicional,"Ingenieria, arquitectura, urbanismo y afines",11.0,2.0,2024,0.0,1.0,0.0,Graduado
19.0,2.36,2.0,3.01,34.0,Mujer,Soltero,Urbana,Valle del Cauca,Tecnico,Tecnico,Privado,Universitario,Presencial,Ciencias sociales y humanas,1.0,2.0,2022,0.0,1.0,0.0,Desertor
19.0,2.5,0.0,1.5,45.0,Hombre,Union libre,Urbana,Nariño,Bachillerato,Tecnico,Publico,Tecnologico,Virtual,"Ingenieria, arquitectura, urbanismo y afines",2.0,2.0,2023,1.0,0.0,0.0,Desertor
20.0,4.15,1.0,5.47,50.0,Hombre,Soltero,Urbana,Risaralda,Tecnico,Bachillerato,Publico,Universitario,Presencial,"Ingenieria, arquitectura, urbanismo y afines",2.0,3.0,2025,1.0,1.0,0.0,En curso
19.0,3.76,0.0,8.91,58.0,Mujer,Soltero,Urbana,Santander,Bachillerato,Bachillerato,Publico,Tecnologico,Virtual,"Economia, administracion, contaduria y afines",1.0,1.0,2022,0.0,0.0,0.0,En curso
18.0,3.54,1.0,1.5,48.0,Mujer,Soltero,Urbana,Tolima,Bachillerato,Tecnico,Privado,Universitario,Presencial,Ciencias sociales y humanas,12.0,3.0,2025,0.0,0.0,0.0,Graduado
25.0,2.6,2.0,5.73,38.0,Mujer,Soltero,Urbana,Norte de Santander,Ninguno,Ninguno,Privado,Universitario,Virtual,Ciencias sociales y humanas,1.0,3.0,2023,1.0,0.0,0.0,Desertor
25.0,3.91,0.0,13.23,61.0,Hombre,Soltero,Urbana,Risaralda,Primaria,Tecnico,Privado,Universitario,Distancia tradicional,Ciencias de la educacion,7.0,3.0,2021,1.0,1.0,0.0,En curso
22.0,2.54,0.0,2.25,28.0,Mujer,Soltero,Urbana,Córdoba,Bachillerato,Tecnico,Privado,Tecnologico,Presencial,"Ingenieria, arquitectura, urbanismo y afines",8.0,3.0,2023,1.0,0.0,0.0,Desertor
20.0,3.59,1.0,9.82,63.0,Hombre,Soltero,Urbana,La Guajira,Primaria,Primaria,Publico,Universitario,Distancia tradicional,"Agronomia, veterinaria y afines",11.0,1.0,2024,0.0,1.0,1.0,Desertor
22.0,4.12,1.0,6.6,49.0,Mujer,Soltero,Rural,Nariño,Universitario,Bachillerato,Privado,Tecnologico,Presencial,"Economia, administracion, contaduria y afines",11.0,1.0,2022,1.0,1.0,1.0,Graduado
21.0,3.59,1.0,39.01,41.0,Mujer,Soltero,Urbana,Antioquia,Primaria,Bachillerato,Publico,Universitario,Presencial,Ciencias de la educacion,10.0,1.0,2022,1.0,0.0,0.0,Graduado
21.0,3.24,1.0,7.71,58.0,Mujer,Soltero,Urbana,Antioquia,Bachillerato,Universitario,Privado,Universitario,Presencial,"Economia, administracion, contaduria y afines",9.0,3.0,2025,1.0,0.0,1.0,En curso
15.0,2.75,3.0,5.13,37.0,Mujer,Soltero,Urbana,Santander,Primaria,Bachillerato,Publico,Universitario,Presencial,"Agronomia, veterinaria y afines",6.0,1.0,2024,1.0,0.0,0.0,Desertor
17.0,4.73,0.0,11.82,79.0,Hombre,Soltero,Urbana,Arauca,Tecnico,Primaria,Privado,Tecnologico,Presencial,"Ingenieria, arquitectura, urbanismo y afines",4.0,4.0,2023,0.0,0.0,0.0,Graduado
25.0,3.31,0.0,2.91,44.0,Mujer,Casado,Urbana,Bogotá D.C.,Tecnico,Primaria,Privado,Tecnologico,Presencial,"Ingenieria, arquitectura, urbanismo y afines",11.0,2.0,2021,0.0,1.0,0.0,Desertor
20.0,3.95,1.0,5.95,75.0,Mujer,Union libre,Urbana,Cauca,Primaria,Universitario,Publico,Universitario,Presencial,Bellas artes,10.0,4.0,2024,1.0,1.0,0.0,Graduado
18.0,3.32,3.0,5.02,58.0,Hombre,Union libre,Urbana,Norte de Santander,Tecnico,Primaria,Privado,Universitario,Presencial,Ciencias de la salud,2.0,4.0,2024,0.0,0.0,0.0,En curso
19.0,2.78,3.0,16.85,36.0,Mujer,Soltero,Urbana,Meta,Primaria,Bachillerato,Privado,Universitario,Presencial,Bellas artes,11.0,2.0,2022,1.0,0.0,0.0,Graduado
25.0,3.48,0.0,10.42,44.0,Mujer,Soltero,Urbana,Huila,Primaria,Bachillerato,Publico,Tecnico profesional,Presencial,"Ingenieria, arquitectura, urbanismo y afines",2.0,3.0,2023,1.0,0.0,0.0,En curso
15.0,2.72,3.0,40.52,49.0,Hombre,Soltero,Urbana,Antioquia,Posgrado,Tecnico,Privado,Tecnico profesional,Presencial,Matematicas y ciencias naturales,1.0,1.0,2021,0.0,0.0,1.0,Desertor
23.0,2.41,3.0,1.71,30.0,Hombre,Soltero,Urbana,Magdalena,Bachillerato,Bachillerato,Privado,Universitario,Presencial,"Ingenieria, arquitectura, urbanismo y afines",5.0,2.0,2023,1.0,1.0,0.0,Desertor
18.0,3.97,0.0,3.97,62.0,Mujer,Soltero,Urbana,Risaralda,Primaria,Bachillerato,Privado,Universitario,Virtual,"Ingenieria, arquitectura, urbanismo y afines",10.0,4.0,2025,0.0,0.0,0.0,En curso
24.0,3.65,1.0,10.19,46.0,Hombre,Soltero,Urbana,Valle del Cauca,Bachillerato,Universitario,Publico,Universitario,Virtual,"Economia, administracion, contaduria y afines",9.0,4.0,2025,1.0,0.0,0.0,En curso
18.0,3.82,1.0,17.76,50.0,Hombre,Casado,Urbana,Bolívar,Primaria,Universitario,Privado,Universitario,Presencial,"Economia, administracion, contaduria y afines",10.0,1.0,2022,0.0,1.0,0.0,Graduado
24.0,4.69,0.0,8.52,68.0,Mujer,Casado,Urbana,Nariño,Primaria,Tecnico,Publico,Universitario,Distancia tradicional,"Economia, administracion, contaduria y afines",4.0,3.0,2021,0.0,0.0,0.0,En curso
20.0,3.75,0.0,16.95,78.0,Hombre,Soltero,Urbana,Chocó,Primaria,Tecnico,Privado,Tecnico profesional,Presencial,Ciencias de la educacion,6.0,3.0,2025,0.0,0.0,0.0,Graduado
22.0,3.39,0.0,1.03,82.0,Mujer,Casado,Urbana,Atlántico,Universitario,Universitario,Publico,Universitario,Virtual,Ciencias de la educacion,5.0,3.0,2023,0.0,1.0,0.0,En curso
16.0,4.34,0.0,25.19,73.0,Hombre,Soltero,Rural,Valle del Cauca,Universitario,Universitario,Privado,Universitario,Presencial,Ciencias de la educacion,3.0,2.0,2025,0.0,0.0,1.0,En curso
19.0,4.04,1.0,2.18,66.0,Mujer,Soltero,Urbana,Cesar,Bachillerato,Bachillerato,Privado,Universitario,Distancia tradicional,Ciencias sociales y humanas,8.0,2.0,2023,0.0,0.0,0.0,En curso
16.0,3.28,0.0,2.55,31.0,Mujer,Union libre,Urbana,Antioquia,Universitario,Primaria,Privado,Universitario,Presencial,"Economia, administracion, contaduria y afines",12.0,5.0,2025,0.0,0.0,0.0,Graduado
21.0,3.2,0.0,0.6,40.0,Hombre,Soltero,Urbana,Córdoba,Bachillerato,Primaria,Privado,Universitario,Presencial,"Economia, administracion, contaduria y afines",1.0,1.0,2024,0.0,0.0,0.0,En curso
22.0,3.24,1.0,6.19,62.0,Mujer,Soltero,Rural,Nariño,Bachillerato,Primaria,Privado,Universitario,Presencial,"Economia, administracion, contaduria y afines",6.0,2.0,2023,0.0,0.0,0.0,En curso
18.0,3.74,2.0,1.95,53.0,Hombre,Union libre,Urbana,Cundinamarca,Tecnico,Ninguno,Privado,Tecnologico,Presencial,"Agronomia, veterinaria y afines",12.0,4.0,2023,0.0,0.0,0.0,Graduado
15.0,3.85,1.0,2.62,80.0,Hombre,Soltero,Urbana,Tolima,Bachillerato,Tecnico,Publico,Tecnologico,Presencial,Ciencias de la salud,10.0,4.0,2022,0.0,1.0,1.0,Graduado
17.0,2.65,1.0,68.91,24.0,Hombre,Soltero,Urbana,Cundinamarca,Primaria,Tecnico,Privado,Tecnologico,Presencial,"Economia, administracion, contaduria y afines",1.0,4.0,2023,1.0,0.0,0.0,Desertor
17.0,3.02,1.0,0.77,70.0,Mujer,Soltero,Urbana,Antioquia,Tecnico,Primaria,Publico,Universitario,Distancia tradicional,"Economia, administracion, contaduria y afines",1.0,3.0,2025,0.0,1.0,0.0,En curso
24.0,3.06,0.0,9.11,36.0,Hombre,Union libre,Urbana,Cundinamarca,Bachillerato,Primaria,Publico,Universitario,Virtual,Ciencias sociales y humanas,4.0,6.0,2022,1.0,0.0,0.0,En curso
17.0,3.68,2.0,26.61,61.0,Hombre,Soltero,Urbana,Córdoba,Tecnico,Primaria,Publico,Tecnologico,Presencial,"Ingenieria, arquitectura, urbanismo y afines",7.0,3.0,2023,0.0,0.0,0.0,Graduado
22.0,5.0,0.0,4.44,100.0,Mujer,Union libre,Urbana,Sucre,Bachillerato,Bachillerato,Publico,Universitario,Presencial,"Ingenieria, arquitectura, urbanismo y afines",6.0,2.0,2023,1.0,0.0,1.0,En curso
22.0,3.93,1.0,4.81,90.0,Hombre,Soltero,Urbana,Santander,Bachillerato,Bachillerato,Privado,Universitario,Presencial,"Ingenieria, arquitectura, urbanismo y afines",2.0,3.0,2021,1.0,0.0,1.0,En curso
15.0,3.63,2.0,2.89,63.0,Mujer,Soltero,Urbana,Antioquia,Bachillerato,Bachillerato,Privado,Universitario,Distancia tradicional,"Economia, administracion, contaduria y afines",6.0,2.0,2022,0.0,0.0,0.0,En curso
15.0,3.94,2.0,81.89,80.0,Hombre,Soltero,Urbana,Risaralda,Primaria,Tecnico,Publico,Universitario,Presencial,"Economia, administracion, contaduria y afines",6.0,5.0,2022,0.0,0.0,0.0,En curso
18.0,3.75,2.0,46.28,98.0,Mujer,Soltero,Urbana,Cauca,Ninguno,Bachillerato,Privado,Tecnologico,Presencial,Ciencias sociales y humanas,4.0,3.0,2023,0.0,0.0,0.0,Graduado
22.0,3.43,2.0,0.65,75.0,Mujer,Soltero,Urbana,Bolívar,Bachillerato,Universitario,Publico,Tecnico profesional,Virtual,"Ingenieria, arquitectura, urbanismo y afines",3.0,2.0,2025,1.0,0.0,0.0,Graduado
19.0,2.9,1.0,2.8,59.0,Hombre,Soltero,Rural,Huila,Bachillerato,Bachillerato,Privado,Universitario,Presencial,Ciencias sociales y humanas,2.0,2.0,2024,0.0,0.0,1.0,En curso
15.0,3.4,0.0,10.41,52.0,Hombre,Soltero,Urbana,Bogotá D.C.,Primaria,Primaria,Publico,Universitario,Distancia tradicional,"Ingenieria, arquitectura, urbanismo y afines",4.0,5.0,2024,0.0,0.0,0.0,En curso
15.0,3.06,2.0,7.45,57.0,Mujer,Soltero,Urbana,Atlántico,Primaria,Primaria,Publico,Universitario,Distancia tradicional,"Economia, administracion, contaduria y afines",1.0,2.0,2024,0.0,0.0,1.0,En curso
18.0,2.2,1.0,6.75,22.0,Hombre,Soltero,Rural,Cauca,Primaria,Bachillerato,Privado,Universitario,Distancia tradicional,"Ingenieria, arquitectura, urbanismo y afines",6.0,3.0,2022,0.0,0.0,0.0,Desertor
26.0,3.38,0.0,5.14,72.0,Mujer,Union libre,Urbana,Tolima,Primaria,Ninguno,Publico,Universitario,Presencial,"Economia, administracion, contaduria y afines",3.0,4.0,2021,1.0,0.0,1.0,En curso
19.0,2.77,2.0,2.98,37.0,Mujer,Otro,Rural,Bogotá D.C.,Bachillerato,Bachillerato,Publico,Tecnologico,Presencial,"Ingenieria, arquitectura, urbanismo y afines",11.0,1.0,2025,1.0,0.0,0.0,Desertor
16.0,3.6,1.0,1.56,70.0,Hombre,Union libre,Urbana,Córdoba,Universitario,Universitario,Publico,Tecnico profesional,Presencial,"Agronomia, veterinaria y afines",11.0,4.0,2023,0.0,1.0,1.0,Graduado
21.0,2.63,1.0,7.04,37.0,Mujer,Soltero,Urbana,Atlántico,Bachillerato,Primaria,Publico,Tecnologico,Distancia tradicional,Ciencias de la salud,7.0,2.0,2024,0.0,0.0,0.0,Graduado
24.0,3.39,2.0,8.32,53.0,Mujer,Soltero,Urbana,Tolima,Posgrado,Primaria,Privado,Tecnologico,Presencial,Bellas artes,4.0,3.0,2022,1.0,0.0,1.0,En curso
17.0,3.36,0.0,3.93,52.0,Hombre,Soltero,Urbana,Cauca,Primaria,Primaria,Privado,Universitario,Distancia tradicional,Ciencias de la educacion,5.0,2.0,2023,1.0,0.0,0.0,Desertor
17.0,4.4,0.0,8.46,84.0,Hombre,Soltero,Urbana,Bogotá D.C.,Universitario,Ninguno,Publico,Tecnologico,Presencial,"Economia, administracion, contaduria y afines",6.0,2.0,2023,1.0,0.0,0.0,Graduado
21.0,2.67,1.0,7.37,63.0,Mujer,Casado,Rural,Caldas,Bachillerato,Bachillerato,Privado,Universitario,Distancia tradicional,Ciencias de la educacion,7.0,2.0,2025,0.0,0.0,0.0,En curso
15.0,3.55,0.0,9.82,55.0,Mujer,Soltero,Urbana,Bogotá D.C.,Primaria,Bachillerato,Privado,Universitario,Presencial,"Ingenieria, arquitectura, urbanismo y afines",1.0,2.0,2025,0.0,0.0,0.0,En curso
17.0,3.07,3.0,9.62,27.0,Mujer,Casado,Urbana,Antioquia,Bachillerato,Bachillerato,Privado,Universitario,Presencial,Matematicas y ciencias naturales,9.0,3.0,2025,0.0,0.0,1.0,En curso
17.0,3.89,3.0,15.23,86.0,Mujer,Union libre,Urbana,Córdoba,Primaria,Primaria,Privado,Universitario,Presencial,"Ingenieria, arquitectura, urbanismo y afines",1.0,2.0,2021,1.0,0.0,0.0,En curso
19.0,4.73,0.0,2.67,88.0,Mujer,Soltero,Urbana,Atlántico,Primaria,Universitario,Publico,Universitario,Virtual,Ciencias de la salud,5.0,2.0,2024,1.0,1.0,0.0,En curso
20.0,3.16,1.0,2.76,54.0,Hombre,Soltero,Urbana,Valle del Cauca,Universitario,Tecnico,Privado,Universitario,Presencial,"Ingenieria, arquitectura, urbanismo y afines",12.0,2.0,2025,1.0,0.0,0.0,Graduado
21.0,2.19,3.0,7.06,31.0,Mujer,Soltero,Rural,Bogotá D.C.,Bachillerato,Tecnico,Publico,Universitario,Presencial,"Ingenieria, arquitectura, urbanismo y afines",12.0,3.0,2021,0.0,0.0,0.0,Desertor
15.0,4.36,1.0,5.7,69.0,Mujer,Soltero,Urbana,Bogotá D.C.,Universitario,Tecnico,Privado,Universitario,Virtual,Ciencias de la salud,2.0,3.0,2024,0.0,0.0,0.0,En curso
19.0,3.23,2.0,34.04,76.0,Mujer,Soltero,Urbana,Santander,Primaria,Primaria,Privado,Universitario,Presencial,Ciencias de la salud,11.0,1.0,2024,0.0,0.0,1.0,Desertor
22.0,1.63,5.0,1.65,28.0,Hombre,Soltero,Rural,Quindío,Primaria,Primaria,Publico,Tecnologico,Presencial,"Ingenieria, arquitectura, urbanismo y afines",10.0,2.0,2021,0.0,0.0,0.0,Desertor
21.0,4.2,1.0,8.95,76.0,Hombre,Soltero,Rural,Valle del Cauca,Ninguno,Bachillerato,Privado,Tecnologico,Presencial,Ciencias de la salud,7.0,2.0,2025,0.0,0.0,0.0,Graduado
20.0,4.0,1.0,21.48,88.0,Hombre,Union libre,Urbana,Nariño,Tecnico,Bachillerato,Privado,Universitario,Presencial,Matematicas y ciencias naturales,8.0,1.0,2022,1.0,1.0,0.0,Graduado
16.0,4.08,0.0,1.7,82.0,Hombre,Soltero,Rural,Valle del Cauca,Bachillerato,Primaria,Publico,Universitario,Presencial,"Economia, administracion, contaduria y afines",2.0,1.0,2025,0.0,0.0,0.0,En curso
18.0,2.53,2.0,8.13,19.0,Hombre,Casado,Urbana,Valle del Cauca,Bachillerato,Primaria,Privado,Universitario,Presencial,"Economia, administracion, contaduria y afines",4.0,3.0,2025,0.0,1.0,1.0,Desertor
22.0,2.03,1.0,7.96,18.0,Mujer,Union libre,Urbana,Bogotá D.C.,Bachillerato,Primaria,Publico,Universitario,Presencial,Ciencias sociales y humanas,4.0,1.0,2023,0.0,0.0,0.0,Desertor
16.0,3.04,0.0,8.84,35.0,Mujer,Soltero,Rural,Antioquia,Universitario,Primaria,Privado,Universitario,Virtual,Ciencias sociales y humanas,3.0,1.0,2021,0.0,1.0,1.0,En curso
22.0,3.47,0.0,22.91,66.0,Mujer,Soltero,Urbana,Bogotá D.C.,Primaria,Primaria,Publico,Tecnologico,Distancia tradicional,Ciencias de la salud,1.0,3.0,2025,0.0,1.0,0.0,En curso
18.0,3.63,0.0,22.0,84.0,Hombre,Casado,Urbana,Norte de Santander,Bachillerato,Primaria,Privado,Universitario,Presencial,"Economia, administracion, contaduria y afines",8.0,5.0,2025,0.0,1.0,0.0,En curso
25.0,4.06,4.0,2.72,40.0,Mujer,Casado,Urbana,Antioquia,Tecnico,Universitario,Publico,Universitario,Presencial,"Ingenieria, arquitectura, urbanismo y afines",3.0,2.0,2022,0.0,0.0,1.0,En curso
15.0,2.89,2.0,6.48,65.0,Mujer,Union libre,Urbana,Huila,Bachillerato,Bachillerato,Privado,Universitario,Presencial,"Ingenieria, arquitectura, urbanismo y afines",3.0,3.0,2023,1.0,0.0,0.0,En curso
17.0,3.42,1.0,6.07,62.0,Hombre,Casado,Urbana,Antioquia,Tecnico,Universitario,Publico,Universitario,Presencial,"Economia, administracion, contaduria y afines",12.0,1.0,2024,0.0,0.0,1.0,Graduado
17.0,2.71,2.0,8.76,50.0,Mujer,Union libre,Urbana,La Guajira,Bachillerato,Primaria,Privado,Tecnico profesional,Presencial,"Economia, administracion, contaduria y afines",3.0,2.0,2024,1.0,0.0,1.0,En curso
17.0,2.38,3.0,5.6,51.0,Mujer,Soltero,Urbana,Antioquia,Tecnico,Ninguno,Publico,Universitario,Presencial,"Ingenieria, arquitectura, urbanismo y afines",4.0,4.0,2023,1.0,0.0,0.0,Desertor
21.0,2.4,3.0,6.09,38.0,Mujer,Soltero,Urbana,La Guajira,Primaria,Primaria,Publico,Tecnico profesional,Presencial,Ciencias sociales y humanas,4.0,2.0,2022,0.0,0.0,0.0,Desertor
19.0,3.73,1.0,6.65,57.0,Mujer,Soltero,Urbana,Bolívar,Primaria,Tecnico,Privado,Tecnico profesional,Virtual,Ciencias sociales y humanas,1.0,2.0,2023,0.0,0.0,0.0,Desertor
19.0,2.3,2.0,4.06,20.0,Mujer,Soltero,Urbana,Nariño,Primaria,Bachillerato,Publico,Universitario,Presencial,Ciencias sociales y humanas,2.0,2.0,2023,0.0,0.0,0.0,Desertor
19.0,2.65,2.0,2.13,39.0,Mujer,Soltero,Urbana,Quindío,Tecnico,Universitario,Publico,Universitario,Presencial,"Economia, administracion, contaduria y afines",10.0,1.0,2023,0.0,0.0,0.0,Desertor
17.0,2.54,2.0,1.99,41.0,Mujer,Soltero,Urbana,Antioquia,Primaria,Bachillerato,Privado,Universitario,Presencial,Matematicas y ciencias naturales,4.0,2.0,2024,0.0,1.0,0.0,Desertor
18.0,2.93,2.0,2.4,56.0,Mujer,Casado,Urbana,Meta,Tecnico,Primaria,Privado,Universitario,Presencial,"Economia, administracion, contaduria y afines",6.0,1.0,2021,0.0,0.0,0.0,En curso
18.0,3.38,1.0,10.87,66.0,Hombre,Soltero,Urbana,Bogotá D.C.,Universitario,Tecnico,Privado,Tecnologico,Distancia tradicional,Ciencias de la educacion,9.0,3.0,2023,0.0,1.0,1.0,Graduado
18.0,4.68,0.0,4.03,89.0,Hombre,Soltero,Urbana,Casanare,Bachillerato,Primaria,Publico,Universitario,Presencial,Matematicas y ciencias naturales,2.0,3.0,2023,1.0,0.0,0.0,En curso
22.0,3.69,1.0,1.26,59.0,Mujer,Soltero,Urbana,Bolívar,Bachillerato,Primaria,Publico,Universitario,Virtual,"Ingenieria, arquitectura, urbanismo y afines",11.0,1.0,2024,1.0,0.0,0.0,Graduado
17.0,3.27,1.0,11.96,46.0,Mujer,Soltero,Urbana,Valle del Cauca,Bachillerato,Primaria,Publico,Tecnologico,Presencial,"Economia, administracion, contaduria y afines",1.0,3.0,2025,0.0,0.0,0.0,En curso
22.0,4.36,0.0,6.33,53.0,Mujer,Casado,Urbana,Atlántico,Universitario,Primaria,Publico,Tecnico profesional,Presencial,"Economia, administracion, contaduria y afines",10.0,2.0,2023,0.0,0.0,0.0,Graduado
21.0,3.33,3.0,15.98,50.0,Mujer,Soltero,Rural,Tolima,Primaria,Primaria,Publico,Universitario,Presencial,"Ingenieria, arquitectura, urbanismo y afines",9.0,2.0,2024,0.0,0.0,0.0,Desertor
23.0,2.46,3.0,8.33,47.0,Mujer,Soltero,Urbana,Tolima,Bachillerato,Bachillerato,Publico,Universitario,Presencial,"Ingenieria, arquitectura, urbanismo y afines",9.0,3.0,2021,0.0,0.0,0.0,Graduado
21.0,3.97,1.0,6.27,74.0,Mujer,Soltero,Urbana,Bogotá D.C.,Bachillerato,Primaria,Publico,Universitario,Presencial,"Economia, administracion, contaduria y afines",4.0,1.0,2021,1.0,0.0,0.0,Desertor
16.0,3.7,2.0,5.03,51.0,Hombre,Union libre,Urbana,Meta,Primaria,Tecnico,Privado,Universitario,Distancia tradicional,"Ingenieria, arquitectura, urbanismo y afines",8.0,1.0,2021,1.0,0.0,0.0,En curso
23.0,2.28,3.0,4.37,35.0,Mujer,Soltero,Urbana,Valle del Cauca,Primaria,Bachillerato,Publico,Universitario,Virtual,"Economia, administracion, contaduria y afines",11.0,2.0,2023,1.0,0.0,0.0,Desertor
19.0,4.13,0.0,0.71,83.0,Mujer,Soltero,Urbana,Valle del Cauca,Posgrado,Primaria,Privado,Universitario,Presencial,"Economia, administracion, contaduria y afines",4.0,2.0,2024,1.0,0.0,1.0,En curso
20.0,3.59,0.0,5.47,79.0,Mujer,Soltero,Urbana,Antioquia,Primaria,Universitario,Publico,Universitario,Presencial,"Economia, administracion, contaduria y afines",8.0,3.0,2024,0.0,0.0,0.0,En curso
22.0,4.62,0.0,8.72,74.0,Mujer,Soltero,Rural,Antioquia,Bachillerato,Universitario,Privado,Universitario,Presencial,"Ingenieria, arquitectura, urbanismo y afines",8.0,3.0,2025,0.0,0.0,1.0,En curso
19.0,2.76,0.0,2.28,45.0,Mujer,Casado,Urbana,Atlántico,Primaria,Primaria,Privado,Universitario,Presencial,Ciencias sociales y humanas,8.0,2.0,2022,0.0,0.0,0.0,En curso
15.0,3.33,2.0,7.1,60.0,Hombre,Union libre,Urbana,Tolima,Tecnico,Posgrado,Publico,Tecnologico,Virtual,"Ingenieria, arquitectura, urbanismo y afines",1.0,4.0,2023,1.0,0.0,0.0,En curso
17.0,4.38,0.0,20.26,86.0,Mujer,Soltero,Rural,Bogotá D.C.,Primaria,Bachillerato,Publico,Tecnico profesional,Virtual,Ciencias sociales y humanas,6.0,4.0,2024,0.0,0.0,0.0,Graduado
28.0,3.24,1.0,27.08,51.0,Mujer,Soltero,Urbana,Antioquia,Primaria,Posgrado,Publico,Universitario,Virtual,"Economia, administracion, contaduria y afines",8.0,5.0,2022,0.0,0.0,0.0,En curso
16.0,3.03,0.0,10.12,47.0,Mujer,Union libre,Urbana,Valle del Cauca,Primaria,Ninguno,Privado,Tecnologico,Presencial,Ciencias sociales y humanas,6.0,2.0,2024,0.0,0.0,0.0,Graduado
20.0,4.12,0.0,1.75,92.0,Mujer,Union libre,Urbana,Bogotá D.C.,Tecnico,Bachillerato,Privado,Universitario,Presencial,Ciencias de la salud,5.0,1.0,2024,0.0,0.0,0.0,En curso
17.0,3.33,1.0,4.16,76.0,Hombre,Soltero,Urbana,Boyacá,Universitario,Bachillerato,Publico,Tecnologico,Presencial,Ciencias de la salud,3.0,4.0,2025,0.0,0.0,1.0,En curso
17.0,2.98,3.0,13.01,46.0,Mujer,Soltero,Rural,Boyacá,Primaria,Bachillerato,Privado,Tecnico profesional,Presencial,"Ingenieria, arquitectura, urbanismo y afines",2.0,4.0,2023,0.0,0.0,0.0,Desertor
16.0,3.18,3.0,3.64,37.0,Mujer,Union libre,Rural,Bogotá D.C.,Primaria,Ninguno,Publico,Tecnologico,Virtual,"Ingenieria, arquitectura, urbanismo y afines",8.0,2.0,2022,0.0,0.0,0.0,Desertor
17.0,3.17,1.0,9.6,34.0,Mujer,Soltero,Urbana,Antioquia,Tecnico,Bachillerato,Privado,Universitario,Presencial,"Economia, administracion, contaduria y afines",4.0,4.0,2023,0.0,0.0,0.0,En curso
23.0,3.63,0.0,8.49,67.0,Hombre,Soltero,Urbana,Magdalena,Universitario,Tecnico,Privado,Universitario,Presencial,Matematicas y ciencias naturales,12.0,4.0,2022,0.0,0.0,1.0,Graduado
18.0,4.88,0.0,7.6,65.0,Mujer,Soltero,Urbana,Valle del Cauca,Bachillerato,Tecnico,Publico,Tecnologico,Distancia tradicional,Ciencias sociales y humanas,6.0,3.0,2025,0.0,0.0,0.0,Graduado
20.0,3.3,0.0,3.13,69.0,Mujer,Soltero,Urbana,Cesar,Bachillerato,Bachillerato,Privado,Universitario,Presencial,Ciencias sociales y humanas,5.0,3.0,2022,0.0,0.0,0.0,En curso
19.0,4.39,0.0,12.78,99.0,Hombre,Soltero,Urbana,Meta,Bachillerato,Primaria,Publico,Universitario,Presencial,"Ingenieria, arquitectura, urbanismo y afines",2.0,3.0,2024,1.0,0.0,0.0,En curso
17.0,2.81,2.0,6.98,52.0,Mujer,Soltero,Urbana,Nariño,Bachillerato,Primaria,Publico,Universitario,Presencial,Ciencias de la salud,3.0,2.0,2024,1.0,0.0,0.0,En curso
18.0,2.6,3.0,5.91,50.0,Hombre,Soltero,Urbana,Cundinamarca,Universitario,Universitario,Publico,Tecnologico,Presencial,Ciencias de la educacion,9.0,4.0,2021,0.0,1.0,0.0,Graduado
21.0,2.7,3.0,5.51,27.0,Mujer,Soltero,Urbana,Norte de Santander,Primaria,Primaria,Publico,Universitario,Presencial,Ciencias de la educacion,6.0,2.0,2024,1.0,0.0,0.0,Desertor
17.0,3.29,1.0,1.64,66.0,Mujer,Union libre,Urbana,Magdalena,Universitario,Primaria,Publico,Tecnico profesional,Distancia tradicional,Ciencias sociales y humanas,7.0,2.0,2025,0.0,1.0,0.0,Graduado
23.0,2.84,2.0,26.71,31.0,Mujer,Soltero,Urbana,Bogotá D.C.,Primaria,Bachillerato,Privado,Universitario,Presencial,Bellas artes,10.0,2.0,2022,0.0,0.0,0.0,Desertor
19.0,4.36,0.0,17.54,73.0,Hombre,Union libre,Urbana,Valle del Cauca,Bachillerato,Primaria,Publico,Universitario,Presencial,"Ingenieria, arquitectura, urbanismo y afines",10.0,3.0,2022,1.0,0.0,0.0,Desertor
16.0,3.3,4.0,4.32,52.0,Mujer,Casado,Rural,Tolima,Primaria,Primaria,Privado,Universitario,Distancia tradicional,"Ingenieria, arquitectura, urbanismo y afines",2.0,3.0,2025,0.0,0.0,0.0,En curso
17.0,3.26,1.0,4.01,65.0,Hombre,Union libre,Urbana,Boyacá,Primaria,Bachillerato,Privado,Universitario,Presencial,"Economia, administracion, contaduria y afines",11.0,2.0,2021,0.0,0.0,0.0,Graduado
19.0,3.36,2.0,4.58,47.0,Hombre,Casado,Urbana,Antioquia,Bachillerato,Primaria,Privado,Universitario,Presencial,"Ingenieria, arquitectura, urbanismo y afines",6.0,3.0,2023,0.0,0.0,1.0,En curso
25.0,4.1,0.0,9.01,64.0,Hombre,Soltero,Urbana,Antioquia,Bachillerato,Bachillerato,Privado,Universitario,Presencial,Ciencias de la educacion,3.0,1.0,2021,1.0,0.0,0.0,Desertor
22.0,2.55,1.0,1.88,35.0,Mujer,Soltero,Urbana,Valle del Cauca,Bachillerato,Primaria,Publico,Tecnico profesional,Presencial,Ciencias sociales y humanas,2.0,2.0,2022,0.0,0.0,1.0,En curso
26.0,2.9,2.0,21.78,54.0,Hombre,Soltero,Urbana,Caldas,Ninguno,Primaria,Privado,Universitario,Presencial,"Ingenieria, arquitectura, urbanismo y afines",1.0,3.0,2023,0.0,0.0,0.0,Desertor
22.0,2.22,3.0,2.58,38.0,Hombre,Otro,Urbana,Antioquia,Bachillerato,Bachillerato,Privado,Tecnologico,Distancia tradicional,Ciencias de la salud,12.0,2.0,2021,0.0,0.0,0.0,Desertor
18.0,4.5,0.0,15.6,90.0,Mujer,Soltero,Urbana,Bogotá D.C.,Primaria,Tecnico,Privado,Universitario,Presencial,"Ingenieria, arquitectura, urbanismo y afines",6.0,3.0,2023,0.0,0.0,0.0,En curso
21.0,2.99,0.0,10.69,46.0,Hombre,Soltero,Urbana,Valle del Cauca,Bachillerato,Ninguno,Publico,Universitario,Distancia tradicional,Ciencias de la educacion,11.0,2.0,2021,1.0,0.0,0.0,Graduado
19.0,3.7,0.0,10.02,71.0,Hombre,Casado,Urbana,Tolima,Primaria,Bachillerato,Publico,Tecnico profesional,Distancia tradicional,Ciencias sociales y humanas,5.0,1.0,2024,0.0,0.0,0.0,Desertor
23.0,3.55,0.0,4.69,47.0,Mujer,Soltero,Urbana,Atlántico,Primaria,Universitario,Privado,Tecnologico,Virtual,Bellas artes,5.0,2.0,2022,1.0,1.0,0.0,En curso
21.0,3.02,0.0,5.87,60.0,Mujer,Soltero,Urbana,Bogotá D.C.,Primaria,Primaria,Privado,Universitario,Presencial,"Economia, administracion, contaduria y afines",9.0,2.0,2024,0.0,0.0,0.0,En curso
15.0,3.63,0.0,7.98,44.0,Hombre,Casado,Urbana,Tolima,Universitario,Primaria,Publico,Universitario,Distancia tradicional,"Ingenieria, arquitectura, urbanismo y afines",10.0,2.0,2021,1.0,0.0,0.0,En curso
20.0,3.1,1.0,5.38,61.0,Hombre,Soltero,Urbana,Cundinamarca,Bachillerato,Universitario,Privado,Tecnico profesional,Virtual,"Economia, administracion, contaduria y afines",4.0,4.0,2024,0.0,0.0,0.0,Graduado
15.0,3.52,0.0,27.35,49.0,Mujer,Soltero,Urbana,Atlántico,Primaria,Primaria,Privado,Tecnologico,Presencial,Ciencias de la salud,1.0,1.0,2025,1.0,0.0,0.0,En curso
18.0,4.07,2.0,20.27,74.0,Mujer,Soltero,Rural,Cundinamarca,Primaria,Bachillerato,Publico,Universitario,Presencial,Ciencias de la salud,12.0,1.0,2024,1.0,0.0,0.0,Graduado
15.0,4.08,0.0,16.1,71.0,Hombre,Soltero,Urbana,Huila,Universitario,Tecnico,Privado,Tecnologico,Distancia tradicional,"Ingenieria, arquitectura, urbanismo y afines",4.0,3.0,2024,0.0,0.0,0.0,Desertor
20.0,4.38,1.0,12.69,89.0,Hombre,Soltero,Urbana,Chocó,Primaria,Bachillerato,Publico,Tecnologico,Presencial,"Ingenieria, arquitectura, urbanismo y afines",3.0,1.0,2025,0.0,0.0,0.0,En curso
22.0,3.87,1.0,1.98,72.0,Hombre,Soltero,Rural,Bolívar,Bachillerato,Ninguno,Publico,Universitario,Presencial,"Economia, administracion, contaduria y afines",12.0,3.0,2022,0.0,0.0,0.0,Graduado
24.0,3.09,2.0,4.7,53.0,Mujer,Soltero,Urbana,Cauca,Primaria,Posgrado,Publico,Universitario,Presencial,"Economia, administracion, contaduria y afines",5.0,1.0,2022,1.0,0.0,0.0,Desertor
18.0,3.09,0.0,11.69,50.0,Hombre,Soltero,Rural,Cesar,Bachillerato,Tecnico,Publico,Universitario,Presencial,"Ingenieria, arquitectura, urbanismo y afines",1.0,2.0,2025,0.0,0.0,0.0,Desertor
20.0,2.54,4.0,7.48,52.0,Mujer,Soltero,Urbana,Bolívar,Bachillerato,Universitario,Privado,Universitario,Presencial,"Ingenieria, arquitectura, urbanismo y afines",12.0,1.0,2023,0.0,0.0,0.0,Desertor
22.0,2.83,2.0,4.17,48.0,Mujer,Soltero,Rural,Boyacá,Primaria,Universitario,Privado,Universitario,Presencial,Ciencias de la salud,9.0,1.0,2024,1.0,1.0,0.0,Desertor
19.0,2.32,1.0,26.83,26.0,Hombre,Soltero,Urbana,Bogotá D.C.,Posgrado,Bachillerato,Publico,Universitario,Virtual,Ciencias de la educacion,10.0,2.0,2024,0.0,1.0,1.0,Desertor
20.0,3.19,3.0,10.45,60.0,Mujer,Soltero,Urbana,Valle del Cauca,Ninguno,Bachillerato,Publico,Universitario,Virtual,Ciencias sociales y humanas,12.0,2.0,2025,1.0,0.0,0.0,Graduado
19.0,3.62,0.0,5.21,77.0,Mujer,Soltero,Rural,Santander,Ninguno,Bachillerato,Privado,Universitario,Presencial,"Ingenieria, arquitectura, urbanismo y afines",12.0,1.0,2021,1.0,0.0,0.0,Graduado
17.0,3.07,1.0,7.01,35.0,Hombre,Soltero,Rural,Cesar,Bachillerato,Bachillerato,Privado,Tecnologico,Presencial,"Ingenieria, arquitectura, urbanismo y afines",9.0,2.0,2024,0.0,0.0,1.0,Graduado
20.0,3.89,1.0,6.31,73.0,Mujer,Soltero,Urbana,Antioquia,Universitario,Bachillerato,Publico,Universitario,Virtual,"Economia, administracion, contaduria y afines",7.0,2.0,2024,0.0,0.0,0.0,En curso
20.0,3.46,2.0,13.58,52.0,Hombre,Soltero,Urbana,Santander,Universitario,Bachillerato,Privado,Tecnologico,Presencial,"Ingenieria, arquitectura, urbanismo y afines",12.0,6.0,2023,0.0,0.0,0.0,Graduado
21.0,3.37,3.0,4.16,63.0,Mujer,Soltero,Urbana,Tolima,Ninguno,Tecnico,Publico,Tecnologico,Presencial,"Ingenieria, arquitectura, urbanismo y afines",1.0,2.0,2023,0.0,0.0,0.0,En curso
20.0,4.5,0.0,11.75,71.0,Hombre,Soltero,Urbana,Bogotá D.C.,Bachillerato,Primaria,Privado,Tecnologico,Presencial,Ciencias de la salud,6.0,3.0,2023,1.0,1.0,0.0,Graduado
18.0,3.41,0.0,3.93,74.0,Hombre,Union libre,Urbana,Caldas,Primaria,Primaria,Publico,Universitario,Presencial,Ciencias de la salud,1.0,3.0,2021,1.0,0.0,0.0,En curso
21.0,4.36,0.0,23.14,98.0,Hombre,Casado,Urbana,Boyacá,Ninguno,Bachillerato,Privado,Universitario,Presencial,Ciencias de la salud,7.0,2.0,2024,1.0,1.0,0.0,En curso
18.0,4.04,0.0,21.98,97.0,Mujer,Soltero,Urbana,Córdoba,Primaria,Primaria,Privado,Universitario,Virtual,"Agronomia, veterinaria y afines",7.0,2.0,2022,1.0,0.0,0.0,En curso
24.0,3.01,0.0,14.19,35.0,Mujer,Otro,Rural,Bolívar,Bachillerato,Bachillerato,Publico,Tecnologico,Presencial,"Economia, administracion, contaduria y afines",9.0,3.0,2023,0.0,0.0,0.0,Desertor
19.0,3.15,1.0,6.6,53.0,Mujer,Soltero,Urbana,Bolívar,Universitario,Primaria,Publico,Tecnico profesional,Virtual,Ciencias de la salud,1.0,3.0,2023,0.0,1.0,0.0,En curso
19.0,3.5,1.0,17.15,48.0,Hombre,Soltero,Rural,Cauca,Tecnico,Bachillerato,Privado,Tecnologico,Distancia tradicional,"Agronomia, veterinaria y afines",4.0,2.0,2025,0.0,0.0,0.0,En curso
19.0,4.15,0.0,11.23,73.0,Mujer,Soltero,Urbana,Valle del Cauca,Bachillerato,Primaria,Publico,Universitario,Distancia tradicional,"Economia, administracion, contaduria y afines",11.0,1.0,2025,0.0,0.0,0.0,Graduado
17.0,3.37,0.0,14.44,73.0,Hombre,Soltero,Rural,Antioquia,Bachillerato,Universitario,Publico,Universitario,Presencial,"Ingenieria, arquitectura, urbanismo y afines",6.0,2.0,2022,0.0,0.0,0.0,En curso
20.0,2.66,2.0,20.91,47.0,Mujer,Soltero,Urbana,Nariño,Tecnico,Bachillerato,Publico,Tecnologico,Presencial,"Ingenieria, arquitectura, urbanismo y afines",10.0,1.0,2023,0.0,0.0,0.0,Graduado
26.0,3.38,1.0,1.92,43.0,Hombre,Soltero,Urbana,Nariño,Primaria,Bachillerato,Publico,Tecnico profesional,Virtual,"Ingenieria, arquitectura, urbanismo y afines",3.0,5.0,2024,0.0,0.0,0.0,Graduado
22.0,2.47,3.0,14.67,25.0,Mujer,Casado,Urbana,Antioquia,Bachillerato,Primaria,Publico,Tecnologico,Presencial,"Agronomia, veterinaria y afines",11.0,5.0,2024,0.0,0.0,0.0,Desertor
18.0,2.82,2.0,1.44,30.0,Mujer,Soltero,Urbana,Valle del Cauca,Primaria,Tecnico,Privado,Universitario,Distancia tradicional,Ciencias de la salud,4.0,2.0,2022,0.0,0.0,1.0,En curso
18.0,1.77,4.0,7.34,26.0,Hombre,Casado,Urbana,Santander,Ninguno,Bachillerato,Publico,Universitario,Presencial,"Economia, administracion, contaduria y afines",9.0,1.0,2024,1.0,1.0,0.0,Desertor
20.0,2.31,3.0,1.43,37.0,Mujer,Soltero,Urbana,Atlántico,Bachillerato,Tecnico,Privado,Tecnologico,Presencial,"Ingenieria, arquitectura, urbanismo y afines",1.0,3.0,2023,1.0,1.0,0.0,Desertor
20.0,3.67,1.0,7.22,65.0,Hombre,Soltero,Urbana,Antioquia,Bachillerato,Universitario,Privado,Tecnico profesional,Presencial,Ciencias sociales y humanas,10.0,2.0,2025,1.0,0.0,0.0,Graduado
20.0,3.5,0.0,13.16,66.0,Mujer,Soltero,Rural,Bogotá D.C.,Primaria,Tecnico,Privado,Universitario,Presencial,Ciencias sociales y humanas,11.0,3.0,2023,0.0,0.0,0.0,Graduado
23.0,3.58,3.0,20.24,57.0,Hombre,Soltero,Urbana,Valle del Cauca,Primaria,Bachillerato,Privado,Universitario,Presencial,Ciencias sociales y humanas,3.0,3.0,2022,0.0,1.0,0.0,Desertor
16.0,4.49,0.0,8.02,87.0,Hombre,Soltero,Urbana,Bogotá D.C.,Universitario,Tecnico,Publico,Tecnologico,Presencial,"Economia, administracion, contaduria y afines",5.0,3.0,2024,0.0,0.0,0.0,Graduado
17.0,3.45,0.0,14.56,64.0,Mujer,Union libre,Urbana,Cundinamarca,Bachillerato,Primaria,Publico,Universitario,Presencial,"Economia, administracion, contaduria y afines",5.0,2.0,2025,1.0,0.0,0.0,En curso
16.0,2.99,0.0,21.11,66.0,Hombre,Soltero,Rural,Putumayo,Bachillerato,Primaria,Privado,Universitario,Virtual,"Ingenieria, arquitectura, urbanismo y afines",12.0,4.0,2024,1.0,0.0,0.0,Desertor
23.0,4.29,2.0,11.13,85.0,Mujer,Soltero,Urbana,Antioquia,Primaria,Primaria,Privado,Universitario,Presencial,"Agronomia, veterinaria y afines",9.0,3.0,2023,0.0,0.0,1.0,Desertor
16.0,3.17,1.0,3.96,53.0,Hombre,Soltero,Urbana,Bogotá D.C.,Primaria,Primaria,Privado,Tecnologico,Virtual,Ciencias de la salud,9.0,2.0,2025,1.0,0.0,1.0,Graduado
20.0,4.73,0.0,19.91,90.0,Hombre,Union libre,Urbana,Valle del Cauca,Bachillerato,Universitario,Privado,Universitario,Presencial,"Economia, administracion, contaduria y afines",9.0,3.0,2024,0.0,0.0,0.0,En curso
23.0,3.32,1.0,1.82,61.0,Hombre,Soltero,Urbana,Valle del Cauca,Tecnico,Primaria,Privado,Tecnico profesional,Virtual,Bellas artes,4.0,2.0,2022,0.0,0.0,0.0,Desertor
17.0,3.74,0.0,2.8,65.0,Mujer,Soltero,Urbana,Valle del Cauca,Primaria,Bachillerato,Publico,Tecnologico,Virtual,"Ingenieria, arquitectura, urbanismo y afines",12.0,1.0,2025,1.0,0.0,0.0,Graduado
21.0,4.06,1.0,5.88,50.0,Hombre,Soltero,Urbana,Bogotá D.C.,Bachillerato,Tecnico,Publico,Tecnico profesional,Presencial,"Ingenieria, arquitectura, urbanismo y afines",2.0,4.0,2023,1.0,1.0,0.0,En curso
18.0,2.5,6.0,4.44,45.0,Mujer,Soltero,Urbana,La Guajira,Bachillerato,Bachillerato,Privado,Universitario,Virtual,Ciencias sociales y humanas,5.0,3.0,2023,0.0,0.0,0.0,Desertor
20.0,3.39,0.0,7.52,52.0,Hombre,Soltero,Urbana,Magdalena,Bachillerato,Ninguno,Publico,Tecnico profesional,Presencial,"Ingenieria, arquitectura, urbanismo y afines",10.0,3.0,2022,0.0,0.0,0.0,Graduado
25.0,2.42,2.0,8.98,40.0,Mujer,Soltero,Urbana,Antioquia,Ninguno,Universitario,Publico,Tecnologico,Presencial,"Economia, administracion, contaduria y afines",1.0,3.0,2025,1.0,0.0,0.0,Desertor
23.0,2.97,2.0,2.84,60.0,Mujer,Otro,Urbana,Bogotá D.C.,Bachillerato,Primaria,Publico,Universitario,Presencial,"Ingenieria, arquitectura, urbanismo y afines",1.0,3.0,2025,0.0,0.0,0.0,En curso
18.0,3.17,1.0,3.41,44.0,Mujer,Union libre,Urbana,Atlántico,Bachillerato,Primaria,Publico,Universitario,Presencial,"Ingenieria, arquitectura, urbanismo y afines",2.0,5.0,2022,1.0,0.0,0.0,En curso
19.0,3.95,0.0,5.0,42.0,Hombre,Soltero,Rural,Huila,Primaria,Bachillerato,Publico,Universitario,Presencial,"Economia, administracion, contaduria y afines",4.0,2.0,2024,0.0,0.0,0.0,En curso
22.0,3.22,3.0,22.51,51.0,Mujer,Soltero,Urbana,Antioquia,Tecnico,Bachillerato,Publico,Universitario,Presencial,Ciencias sociales y humanas,11.0,2.0,2022,1.0,0.0,1.0,Desertor
19.0,2.6,1.0,4.42,36.0,Mujer,Soltero,Rural,Bogotá D.C.,Universitario,Bachillerato,Publico,Universitario,Virtual,"Economia, administracion, contaduria y afines",12.0,3.0,2022,1.0,1.0,0.0,Desertor
24.0,3.42,1.0,10.74,63.0,Mujer,Soltero,Urbana,Cauca,Primaria,Universitario,Publico,Universitario,Virtual,Bellas artes,4.0,2.0,2024,0.0,0.0,0.0,En curso
18.0,3.12,0.0,6.09,69.0,Mujer,Soltero,Urbana,Caquetá,Bachillerato,Bachillerato,Privado,Tecnologico,Virtual,"Ingenieria, arquitectura, urbanismo y afines",5.0,6.0,2023,0.0,0.0,0.0,Graduado
18.0,4.7,0.0,7.83,91.0,Mujer,Soltero,Urbana,Valle del Cauca,Posgrado,Universitario,Publico,Universitario,Presencial,Ciencias de la educacion,4.0,3.0,2025,1.0,0.0,0.0,En curso
18.0,3.48,1.0,6.53,72.0,Hombre,Soltero,Urbana,Bogotá D.C.,Primaria,Bachillerato,Publico,Universitario,Presencial,Ciencias de la salud,3.0,2.0,2023,1.0,0.0,0.0,En curso
17.0,3.87,0.0,1.3,90.0,Hombre,Soltero,Urbana,Magdalena,Primaria,Universitario,Publico,Universitario,Distancia tradicional,Ciencias de la educacion,5.0,2.0,2021,0.0,0.0,0.0,En curso
20.0,2.02,3.0,1.25,42.0,Mujer,Soltero,Urbana,Cauca,Posgrado,Universitario,Publico,Universitario,Presencial,"Economia, administracion, contaduria y afines",2.0,4.0,2022,1.0,0.0,0.0,En curso
18.0,3.18,1.0,17.18,69.0,Mujer,Union libre,Urbana,Antioquia,Bachillerato,Bachillerato,Privado,Universitario,Presencial,Matematicas y ciencias naturales,2.0,5.0,2023,0.0,1.0,0.0,En curso
15.0,3.22,0.0,1.38,48.0,Hombre,Soltero,Urbana,Chocó,Primaria,Primaria,Privado,Tecnologico,Presencial,"Ingenieria, arquitectura, urbanismo y afines",8.0,4.0,2022,0.0,0.0,0.0,Desertor
18.0,5.0,0.0,21.88,83.0,Mujer,Soltero,Urbana,Valle del Cauca,Universitario,Primaria,Privado,Universitario,Presencial,"Economia, administracion, contaduria y afines",6.0,2.0,2024,1.0,1.0,1.0,En curso
23.0,4.01,1.0,9.26,59.0,Mujer,Soltero,Urbana,Santander,Tecnico,Primaria,Privado,Tecnico profesional,Virtual,"Economia, administracion, contaduria y afines",2.0,3.0,2023,0.0,1.0,1.0,Graduado
16.0,3.58,1.0,8.94,55.0,Hombre,Soltero,Urbana,Santander,Bachillerato,Ninguno,Privado,Tecnologico,Presencial,"Economia, administracion, contaduria y afines",1.0,3.0,2025,0.0,0.0,1.0,En curso
26.0,2.6,4.0,15.01,28.0,Hombre,Soltero,Urbana,Huila,Posgrado,Bachillerato,Publico,Tecnologico,Presencial,"Agronomia, veterinaria y afines",10.0,2.0,2022,0.0,0.0,0.0,Desertor
19.0,3.2,4.0,0.47,56.0,Mujer,Soltero,Urbana,Valle del Cauca,Primaria,Bachillerato,Privado,Universitario,Presencial,Matematicas y ciencias naturales,3.0,4.0,2021,0.0,0.0,0.0,En curso
20.0,2.33,1.0,42.99,27.0,Hombre,Soltero,Urbana,Valle del Cauca,Universitario,Primaria,Privado,Tecnologico,Presencial,"Ingenieria, arquitectura, urbanismo y afines",4.0,2.0,2023,0.0,1.0,0.0,Desertor
16.0,3.54,0.0,5.23,69.0,Hombre,Union libre,Urbana,Córdoba,Primaria,Primaria,Publico,Universitario,Distancia tradicional,Ciencias de la educacion,8.0,5.0,2023,0.0,1.0,0.0,En curso
18.0,3.61,1.0,5.88,57.0,Mujer,Union libre,Urbana,Valle del Cauca,Universitario,Bachillerato,Publico,Tecnico profesional,Presencial,"Agronomia, veterinaria y afines",12.0,5.0,2024,1.0,0.0,0.0,Graduado
21.0,2.56,3.0,11.04,29.0,Mujer,Casado,Urbana,Cundinamarca,Ninguno,Primaria,Privado,Universitario,Distancia tradicional,"Economia, administracion, contaduria y afines",12.0,2.0,2023,1.0,0.0,0.0,Desertor
20.0,2.87,1.0,9.45,39.0,Mujer,Soltero,Rural,Córdoba,Primaria,Universitario,Publico,Tecnico profesional,Presencial,"Economia, administracion, contaduria y afines",5.0,2.0,2025,0.0,0.0,0.0,Graduado
15.0,3.51,2.0,11.32,64.0,Mujer,Casado,Urbana,Cundinamarca,Tecnico,Primaria,Publico,Tecnologico,Presencial,"Economia, administracion, contaduria y afines",11.0,2.0,2023,0.0,0.0,1.0,Desertor
21.0,4.88,0.0,18.15,83.0,Mujer,Soltero,Urbana,Bolívar,Universitario,Bachillerato,Publico,Tecnico profesional,Presencial,Ciencias de la educacion,11.0,3.0,2021,0.0,0.0,0.0,Graduado
19.0,3.25,2.0,4.44,52.0,Mujer,Soltero,Urbana,Antioquia,Primaria,Tecnico,Privado,Universitario,Presencial,Ciencias sociales y humanas,9.0,2.0,2024,1.0,0.0,0.0,Graduado
24.0,2.52,1.0,1.56,48.0,Mujer,Soltero,Rural,Nariño,Tecnico,Primaria,Privado,Universitario,Distancia tradicional,Bellas artes,3.0,4.0,2022,0.0,0.0,1.0,En curso
19.0,3.3,0.0,9.16,48.0,Mujer,Soltero,Urbana,Antioquia,Primaria,Universitario,Privado,Universitario,Distancia tradicional,Ciencias de la educacion,12.0,3.0,2023,0.0,1.0,1.0,Graduado
22.0,3.41,1.0,0.75,55.0,Mujer,Soltero,Urbana,Norte de Santander,Universitario,Ninguno,Privado,Universitario,Distancia tradicional,"Ingenieria, arquitectura, urbanismo y afines",11.0,2.0,2024,1.0,0.0,0.0,Graduado
19.0,3.56,0.0,16.41,61.0,Hombre,Soltero,Rural,Caldas,Primaria,Primaria,Privado,Universitario,Presencial,"Economia, administracion, contaduria y afines",7.0,2.0,2024,1.0,0.0,0.0,En curso
22.0,4.06,2.0,8.84,58.0,Mujer,Soltero,Urbana,Antioquia,Bachillerato,Bachillerato,Publico,Universitario,Presencial,Ciencias sociales y humanas,12.0,4.0,2023,0.0,0.0,0.0,Graduado
19.0,4.41,0.0,2.67,85.0,Hombre,Soltero,Urbana,Valle del Cauca,Bachillerato,Universitario,Publico,Tecnologico,Presencial,"Economia, administracion, contaduria y afines",3.0,1.0,2021,0.0,0.0,0.0,En curso
24.0,3.67,0.0,8.78,67.0,Hombre,Union libre,Rural,Antioquia,Bachillerato,Universitario,Publico,Universitario,Presencial,"Ingenieria, arquitectura, urbanismo y afines",11.0,2.0,2024,1.0,0.0,0.0,Graduado
17.0,3.53,0.0,21.52,59.0,Mujer,Soltero,Urbana,Tolima,Primaria,Bachillerato,Privado,Universitario,Distancia tradicional,Ciencias de la salud,10.0,3.0,2024,1.0,0.0,1.0,Graduado
19.0,3.96,0.0,1.87,50.0,Hombre,Soltero,Urbana,Boyacá,Tecnico,Primaria,Publico,Tecnologico,Presencial,"Economia, administracion, contaduria y afines",9.0,2.0,2025,1.0,0.0,0.0,Graduado
20.0,4.14,0.0,240.09,75.0,Mujer,Soltero,Urbana,Atlántico,Primaria,Primaria,Privado,Universitario,Presencial,Ciencias de la salud,9.0,3.0,2025,1.0,1.0,1.0,Graduado
23.0,4.2,0.0,4.66,76.0,Hombre,Soltero,Urbana,Cauca,Bachillerato,Bachillerato,Publico,Universitario,Distancia tradicional,Ciencias de la educacion,6.0,2.0,2023,1.0,0.0,0.0,En curso
18.0,2.79,2.0,18.98,46.0,Mujer,Soltero,Urbana,Córdoba,Tecnico,Primaria,Publico,Universitario,Presencial,"Ingenieria, arquitectura, urbanismo y afines",4.0,2.0,2024,0.0,0.0,0.0,Desertor
23.0,2.99,1.0,15.06,51.0,Mujer,Soltero,Urbana,Valle del Cauca,Universitario,Universitario,Publico,Universitario,Presencial,Ciencias de la educacion,8.0,2.0,2024,1.0,0.0,0.0,En curso
17.0,4.61,0.0,3.96,88.0,Mujer,Soltero,Rural,Bogotá D.C.,Primaria,Bachillerato,Privado,Universitario,Presencial,"Ingenieria, arquitectura, urbanismo y afines",6.0,4.0,2021,1.0,0.0,1.0,En curso
23.0,2.51,2.0,8.2,63.0,Mujer,Soltero,Urbana,Santander,Bachillerato,Primaria,Privado,Tecnico profesional,Presencial,Ciencias de la educacion,3.0,2.0,2025,0.0,0.0,1.0,Desertor
17.0,2.89,0.0,6.18,37.0,Mujer,Soltero,Urbana,Bogotá D.C.,Bachillerato,Primaria,Publico,Universitario,Presencial,"Ingenieria, arquitectura, urbanismo y afines",9.0,2.0,2021,0.0,0.0,1.0,Desertor
16.0,2.92,0.0,18.18,41.0,Hombre,Soltero,Urbana,Cesar,Primaria,Primaria,Publico,Universitario,Distancia tradicional,Matematicas y ciencias naturales,2.0,2.0,2024,0.0,1.0,1.0,En curso
22.0,2.85,2.0,2.94,62.0,Hombre,Soltero,Urbana,Bogotá D.C.,Ninguno,Primaria,Privado,Tecnologico,Presencial,Ciencias de la salud,3.0,1.0,2022,1.0,0.0,1.0,Desertor
20.0,3.59,1.0,17.85,67.0,Hombre,Soltero,Rural,Bogotá D.C.,Bachillerato,Primaria,Privado,Universitario,Presencial,"Ingenieria, arquitectura, urbanismo y afines",10.0,4.0,2025,0.0,0.0,1.0,Graduado
20.0,3.74,2.0,7.27,56.0,Mujer,Soltero,Urbana,Cundinamarca,Universitario,Universitario,Privado,Universitario,Distancia tradicional,"Ingenieria, arquitectura, urbanismo y afines",8.0,2.0,2025,0.0,0.0,0.0,Desertor
24.0,3.17,0.0,10.09,61.0,Mujer,Soltero,Urbana,Cesar,Bachillerato,Primaria,Privado,Tecnologico,Presencial,Ciencias sociales y humanas,6.0,1.0,2024,0.0,0.0,0.0,Graduado
21.0,3.95,2.0,4.92,43.0,Hombre,Soltero,Urbana,Atlántico,Universitario,Universitario,Publico,Universitario,Virtual,"Economia, administracion, contaduria y afines",7.0,4.0,2024,1.0,0.0,0.0,En curso
23.0,4.03,0.0,10.72,76.0,Mujer,Soltero,Urbana,Bogotá D.C.,Bachillerato,Tecnico,Publico,Tecnologico,Presencial,"Agronomia, veterinaria y afines",7.0,4.0,2024,0.0,0.0,0.0,Graduado
20.0,3.89,1.0,27.26,44.0,Hombre,Soltero,Urbana,Antioquia,Universitario,Tecnico,Privado,Tecnico profesional,Presencial,Ciencias de la salud,10.0,3.0,2023,0.0,1.0,0.0,Graduado
18.0,3.3,0.0,15.55,70.0,Hombre,Casado,Urbana,Sucre,Ninguno,Bachillerato,Publico,Universitario,Virtual,"Ingenieria, arquitectura, urbanismo y afines",7.0,2.0,2021,1.0,0.0,0.0,Desertor
24.0,2.22,2.0,4.83,19.0,Mujer,Soltero,Urbana,Valle del Cauca,Ninguno,Bachillerato,Privado,Universitario,Presencial,Ciencias de la salud,2.0,4.0,2024,1.0,1.0,0.0,Desertor
21.0,3.39,1.0,10.12,59.0,Mujer,Soltero,Rural,Boyacá,Primaria,Primaria,Publico,Universitario,Presencial,"Ingenieria, arquitectura, urbanismo y afines",6.0,2.0,2022,0.0,0.0,0.0,En curso
20.0,3.72,2.0,2.17,62.0,Hombre,Soltero,Urbana,Cauca,Ninguno,Universitario,Publico,Universitario,Presencial,"Economia, administracion, contaduria y afines",2.0,1.0,2024,0.0,0.0,0.0,En curso
23.0,3.72,1.0,4.66,68.0,Hombre,Soltero,Urbana,Nariño,Ninguno,Bachillerato,Privado,Universitario,Distancia tradicional,Ciencias sociales y humanas,3.0,2.0,2023,0.0,0.0,0.0,En curso
19.0,3.99,2.0,5.21,71.0,Hombre,Soltero,Urbana,Boyacá,Primaria,Bachillerato,Privado,Universitario,Presencial,"Ingenieria, arquitectura, urbanismo y afines",3.0,2.0,2022,0.0,0.0,0.0,En curso
19.0,4.42,0.0,11.89,74.0,Mujer,Soltero,Urbana,Antioquia,Bachillerato,Primaria,Publico,Universitario,Distancia tradicional,"Economia, administracion, contaduria y afines",9.0,2.0,2022,0.0,0.0,0.0,En curso
15.0,4.59,0.0,23.33,66.0,Hombre,Soltero,Urbana,Magdalena,Tecnico,Bachillerato,Privado,Universitario,Presencial,Ciencias de la salud,11.0,2.0,2024,0.0,0.0,0.0,Graduado
16.0,4.02,1.0,7.45,83.0,Mujer,Soltero,Urbana,Bogotá D.C.,Primaria,Primaria,Publico,Universitario,Presencial,Ciencias de la educacion,7.0,5.0,2023,0.0,1.0,0.0,En curso
20.0,2.22,3.0,3.19,52.0,Mujer,Soltero,Urbana,Boyacá,Tecnico,Primaria,Privado,Tecnologico,Presencial,"Agronomia, veterinaria y afines",9.0,1.0,2024,0.0,0.0,0.0,Desertor
18.0,3.85,0.0,4.23,67.0,Mujer,Soltero,Urbana,Cauca,Primaria,Universitario,Privado,Universitario,Presencial,Ciencias de la educacion,12.0,1.0,2023,0.0,0.0,1.0,Desertor
18.0,2.8,2.0,5.35,57.0,Hombre,Soltero,Rural,Risaralda,Primaria,Primaria,Privado,Universitario,Presencial,"Ingenieria, arquitectura, urbanismo y afines",12.0,5.0,2022,0.0,0.0,0.0,Graduado
23.0,3.96,0.0,2.85,62.0,Hombre,Otro,Urbana,Bogotá D.C.,Universitario,Universitario,Publico,Universitario,Presencial,"Economia, administracion, contaduria y afines",4.0,3.0,2024,1.0,0.0,0.0,En curso
21.0,3.86,2.0,4.89,79.0,Hombre,Soltero,Urbana,Santander,Ninguno,Tecnico,Publico,Universitario,Presencial,"Ingenieria, arquitectura, urbanismo y afines",5.0,2.0,2023,0.0,1.0,0.0,En curso
15.0,3.27,1.0,12.5,63.0,Hombre,Soltero,Urbana,Sucre,Bachillerato,Bachillerato,Publico,Universitario,Presencial,"Economia, administracion, contaduria y afines",5.0,4.0,2022,0.0,0.0,0.0,En curso
24.0,2.4,1.0,20.53,45.0,Hombre,Casado,Urbana,Tolima,Bachillerato,Universitario,Privado,Tecnologico,Distancia tradicional,"Economia, administracion, contaduria y afines",10.0,2.0,2023,0.0,0.0,0.0,Desertor
22.0,3.6,1.0,1.68,37.0,Mujer,Soltero,Rural,Bogotá D.C.,Tecnico,Primaria,Privado,Universitario,Presencial,"Ingenieria, arquitectura, urbanismo y afines",9.0,2.0,2025,0.0,0.0,0.0,Desertor
25.0,4.16,0.0,41.71,75.0,Mujer,Union libre,Urbana,Valle del Cauca,Primaria,Primaria,Privado,Universitario,Presencial,Matematicas y ciencias naturales,6.0,1.0,2023,0.0,0.0,1.0,En curso
22.0,3.59,2.0,31.94,59.0,Hombre,Soltero,Urbana,Antioquia,Primaria,Tecnico,Publico,Tecnologico,Distancia tradicional,"Economia, administracion, contaduria y afines",11.0,2.0,2023,0.0,0.0,1.0,Desertor
21.0,4.42,0.0,9.08,100.0,Mujer,Soltero,Urbana,Norte de Santander,Bachillerato,Tecnico,Privado,Universitario,Distancia tradicional,Ciencias de la educacion,9.0,2.0,2024,0.0,0.0,0.0,En curso
19.0,3.52,2.0,3.06,69.0,Mujer,Soltero,Urbana,Valle del Cauca,Tecnico,Primaria,Privado,Universitario,Distancia tradicional,"Economia, administracion, contaduria y afines",4.0,4.0,2025,0.0,0.0,0.0,En curso
17.0,3.35,3.0,3.86,54.0,Mujer,Soltero,Urbana,Córdoba,Bachillerato,Bachillerato,Publico,Tecnologico,Presencial,"Economia, administracion, contaduria y afines",7.0,2.0,2023,1.0,0.0,0.0,Desertor
17.0,3.68,3.0,15.61,83.0,Hombre,Union libre,Urbana,Atlántico,Universitario,Primaria,Publico,Universitario,Virtual,"Economia, administracion, contaduria y afines",12.0,2.0,2024,0.0,0.0,0.0,Desertor
17.0,4.56,0.0,2.64,78.0,Hombre,Soltero,Urbana,Antioquia,Tecnico,Bachillerato,Privado,Tecnico profesional,Presencial,Matematicas y ciencias naturales,2.0,5.0,2024,0.0,0.0,1.0,En curso
22.0,2.88,1.0,3.52,59.0,Mujer,Soltero,Urbana,Bogotá D.C.,Bachillerato,Primaria,Privado,Universitario,Presencial,"Ingenieria, arquitectura, urbanismo y afines",3.0,2.0,2025,1.0,0.0,0.0,En curso
20.0,3.7,0.0,13.97,75.0,Hombre,Soltero,Urbana,Chocó,Primaria,Primaria,Publico,Tecnologico,Presencial,Ciencias de la educacion,1.0,3.0,2023,0.0,0.0,0.0,En curso
17.0,3.8,3.0,2.43,59.0,Hombre,Soltero,Urbana,Magdalena,Primaria,Bachillerato,Privado,Tecnologico,Presencial,Matematicas y ciencias naturales,10.0,3.0,2022,1.0,0.0,0.0,Graduado
21.0,3.63,2.0,3.09,63.0,Mujer,Soltero,Urbana,Magdalena,Universitario,Universitario,Privado,Universitario,Presencial,"Ingenieria, arquitectura, urbanismo y afines",10.0,3.0,2024,0.0,1.0,1.0,En curso
17.0,4.28,0.0,11.67,94.0,Hombre,Soltero,Urbana,Quindío,Bachillerato,Bachillerato,Privado,Universitario,Presencial,"Economia, administracion, contaduria y afines",8.0,3.0,2024,0.0,0.0,0.0,En curso
23.0,3.25,0.0,7.86,34.0,Mujer,Casado,Urbana,Huila,Primaria,Tecnico,Privado,Tecnico profesional,Presencial,"Economia, administracion, contaduria y afines",4.0,2.0,2021,0.0,0.0,0.0,En curso
20.0,4.5,0.0,8.81,69.0,Mujer,Soltero,Rural,Cundinamarca,Primaria,Posgrado,Privado,Universitario,Distancia tradicional,"Economia, administracion, contaduria y afines",7.0,2.0,2024,0.0,1.0,0.0,En curso
19.0,2.36,2.0,9.13,50.0,Mujer,Casado,Urbana,Tolima,Tecnico,Bachillerato,Publico,Universitario,Presencial,"Ingenieria, arquitectura, urbanismo y afines",6.0,3.0,2023,1.0,0.0,0.0,En curso
19.0,3.3,3.0,10.98,54.0,Mujer,Union libre,Urbana,La Guajira,Tecnico,Tecnico,Privado,Universitario,Distancia tradicional,Matematicas y ciencias naturales,9.0,3.0,2024,0.0,0.0,0.0,En curso
19.0,2.99,1.0,7.76,61.0,Hombre,Soltero,Urbana,Cauca,Bachillerato,Bachillerato,Privado,Universitario,Presencial,"Ingenieria, arquitectura, urbanismo y afines",4.0,2.0,2022,0.0,1.0,0.0,En curso
25.0,2.94,1.0,1.08,40.0,Hombre,Soltero,Urbana,Santander,Tecnico,Bachillerato,Publico,Universitario,Distancia tradicional,Ciencias sociales y humanas,1.0,3.0,2025,0.0,0.0,0.0,Desertor
16.0,3.85,0.0,10.98,66.0,Mujer,Soltero,Urbana,Cundinamarca,Tecnico,Tecnico,Publico,Universitario,Presencial,"Economia, administracion, contaduria y afines",2.0,3.0,2024,1.0,1.0,1.0,En curso
21.0,2.55,4.0,6.87,31.0,Hombre,Soltero,Urbana,Cauca,Primaria,Primaria,Privado,Universitario,Presencial,"Ingenieria, arquitectura, urbanismo y afines",1.0,2.0,2024,1.0,0.0,0.0,Desertor
18.0,2.77,0.0,0.87,39.0,Mujer,Soltero,Rural,Huila,Ninguno,Bachillerato,Publico,Universitario,Presencial,Matematicas y ciencias naturales,5.0,1.0,2023,1.0,1.0,0.0,Desertor
16.0,3.07,2.0,1.19,52.0,Hombre,Soltero,Rural,Antioquia,Primaria,Primaria,Publico,Universitario,Presencial,Ciencias de la educacion,7.0,2.0,2022,1.0,0.0,1.0,Desertor
15.0,3.2,2.0,6.07,62.0,Hombre,Soltero,Rural,Meta,Primaria,Universitario,Publico,Tecnico profesional,Presencial,"Ingenieria, arquitectura, urbanismo y afines",1.0,2.0,2022,1.0,0.0,0.0,Desertor
20.0,3.63,1.0,41.32,64.0,Hombre,Soltero,Rural,Atlántico,Primaria,Bachillerato,Privado,Universitario,Distancia tradicional,"Ingenieria, arquitectura, urbanismo y afines",2.0,3.0,2025,0.0,1.0,0.0,Desertor
20.0,3.55,1.0,1.76,62.0,Hombre,Soltero,Urbana,Valle del Cauca,Bachillerato,Bachillerato,Publico,Universitario,Presencial,Ciencias de la educacion,11.0,1.0,2022,0.0,0.0,1.0,Graduado
22.0,4.92,0.0,27.9,93.0,Mujer,Soltero,Urbana,La Guajira,Primaria,Bachillerato,Publico,Tecnologico,Presencial,"Economia, administracion, contaduria y afines",1.0,2.0,2023,0.0,0.0,0.0,En curso
18.0,2.26,2.0,26.14,34.0,Hombre,Soltero,Urbana,Casanare,Bachillerato,Bachillerato,Publico,Universitario,Presencial,"Economia, administracion, contaduria y afines",7.0,3.0,2025,0.0,0.0,1.0,Desertor
15.0,3.72,2.0,6.34,81.0,Mujer,Soltero,Rural,Córdoba,Universitario,Universitario,Publico,Universitario,Presencial,"Economia, administracion, contaduria y afines",7.0,2.0,2025,0.0,0.0,0.0,En curso
15.0,4.41,0.0,9.77,96.0,Hombre,Soltero,Rural,Cauca,Tecnico,Bachillerato,Privado,Tecnologico,Virtual,Ciencias de la salud,12.0,1.0,2022,1.0,0.0,1.0,Graduado
15.0,3.14,1.0,58.9,51.0,Mujer,Soltero,Rural,Sucre,Bachillerato,Bachillerato,Publico,Universitario,Presencial,"Economia, administracion, contaduria y afines",10.0,3.0,2025,0.0,0.0,0.0,Graduado
26.0,3.05,4.0,5.01,45.0,Mujer,Soltero,Urbana,Bogotá D.C.,Primaria,Bachillerato,Publico,Tecnico profesional,Presencial,"Economia, administracion, contaduria y afines",5.0,3.0,2022,0.0,0.0,0.0,Graduado
20.0,3.81,0.0,3.54,71.0,Hombre,Casado,Urbana,Antioquia,Bachillerato,Bachillerato,Privado,Universitario,Presencial,"Ingenieria, arquitectura, urbanismo y afines",1.0,2.0,2024,0.0,0.0,0.0,En curso
24.0,4.13,1.0,4.74,58.0,Mujer,Casado,Urbana,Antioquia,Primaria,Primaria,Privado,Tecnico profesional,Presencial,Ciencias de la educacion,12.0,3.0,2023,0.0,0.0,0.0,Graduado
19.0,3.35,1.0,3.8,50.0,Hombre,Soltero,Urbana,Bolívar,Primaria,Universitario,Privado,Universitario,Virtual,"Agronomia, veterinaria y afines",12.0,4.0,2023,0.0,0.0,0.0,Graduado
15.0,2.96,3.0,3.11,58.0,Mujer,Soltero,Urbana,Cundinamarca,Tecnico,Ninguno,Privado,Universitario,Presencial,Ciencias de la salud,12.0,2.0,2025,1.0,0.0,0.0,Graduado
23.0,3.24,0.0,7.36,51.0,Mujer,Soltero,Urbana,Bogotá D.C.,Bachillerato,Universitario,Publico,Tecnologico,Presencial,"Economia, administracion, contaduria y afines",9.0,2.0,2023,1.0,1.0,0.0,Graduado
16.0,3.79,0.0,3.79,46.0,Mujer,Soltero,Urbana,Atlántico,Bachillerato,Universitario,Privado,Universitario,Presencial,Ciencias de la educacion,11.0,2.0,2024,0.0,0.0,0.0,Graduado
19.0,2.93,0.0,2.17,37.0,Hombre,Soltero,Urbana,Bogotá D.C.,Tecnico,Primaria,Privado,Universitario,Virtual,Matematicas y ciencias naturales,12.0,4.0,2022,0.0,0.0,0.0,Graduado
15.0,2.7,1.0,11.46,49.0,Hombre,Soltero,Urbana,Bogotá D.C.,Bachillerato,Primaria,Publico,Tecnologico,Presencial,"Economia, administracion, contaduria y afines",9.0,2.0,2024,0.0,1.0,0.0,Desertor
18.0,3.38,0.0,28.45,47.0,Mujer,Soltero,Urbana,Valle del Cauca,Bachillerato,Universitario,Publico,Tecnologico,Virtual,"Economia, administracion, contaduria y afines",8.0,1.0,2023,0.0,0.0,0.0,Graduado
15.0,3.26,0.0,7.82,67.0,Hombre,Soltero,Urbana,Atlántico,Primaria,Bachillerato,Privado,Tecnologico,Virtual,Ciencias de la salud,10.0,3.0,2024,1.0,0.0,0.0,Graduado
22.0,3.66,0.0,12.47,77.0,Hombre,Soltero,Urbana,Cundinamarca,Tecnico,Bachillerato,Publico,Universitario,Presencial,"Ingenieria, arquitectura, urbanismo y afines",11.0,4.0,2024,0.0,1.0,0.0,Graduado
22.0,3.12,2.0,3.15,54.0,Hombre,Soltero,Urbana,Atlántico,Primaria,Tecnico,Privado,Universitario,Presencial,"Agronomia, veterinaria y afines",4.0,2.0,2024,0.0,1.0,0.0,En curso
20.0,4.1,0.0,4.2,61.0,Hombre,Soltero,Rural,Bogotá D.C.,Primaria,Primaria,Privado,Universitario,Presencial,Ciencias sociales y humanas,12.0,2.0,2023,0.0,1.0,0.0,Graduado
15.0,3.17,1.0,5.94,83.0,Mujer,Soltero,Urbana,Antioquia,Primaria,Bachillerato,Publico,Tecnologico,Presencial,"Economia, administracion, contaduria y afines",8.0,5.0,2025,0.0,1.0,0.0,Desertor
15.0,3.36,6.0,5.76,48.0,Hombre,Soltero,Urbana,Antioquia,Bachillerato,Bachillerato,Privado,Universitario,Presencial,"Ingenieria, arquitectura, urbanismo y afines",1.0,3.0,2025,0.0,0.0,0.0,Desertor
21.0,3.38,1.0,18.62,51.0,Hombre,Soltero,Urbana,Córdoba,Tecnico,Tecnico,Publico,Tecnologico,Distancia tradicional,"Ingenieria, arquitectura, urbanismo y afines",7.0,2.0,2023,0.0,0.0,0.0,Desertor
18.0,4.12,1.0,4.53,82.0,Hombre,Soltero,Urbana,Antioquia,Bachillerato,Primaria,Publico,Universitario,Virtual,"Economia, administracion, contaduria y afines",5.0,2.0,2024,1.0,1.0,0.0,En curso
15.0,3.55,3.0,12.53,51.0,Hombre,Union libre,Rural,Bogotá D.C.,Tecnico,Universitario,Publico,Universitario,Presencial,Matematicas y ciencias naturales,1.0,2.0,2022,1.0,0.0,0.0,Desertor
18.0,2.38,1.0,20.38,38.0,Hombre,Otro,Urbana,Valle del Cauca,Bachillerato,Primaria,Privado,Tecnologico,Virtual,"Economia, administracion, contaduria y afines",1.0,2.0,2024,1.0,0.0,0.0,En curso
18.0,3.38,4.0,3.95,54.0,Hombre,Soltero,Urbana,Atlántico,Bachillerato,Universitario,Publico,Universitario,Presencial,Ciencias de la educacion,2.0,5.0,2023,0.0,1.0,0.0,En curso
20.0,3.44,0.0,5.37,56.0,Hombre,Soltero,Urbana,Cundinamarca,Universitario,Posgrado,Privado,Tecnologico,Distancia tradicional,"Ingenieria, arquitectura, urbanismo y afines",9.0,4.0,2023,0.0,0.0,0.0,Graduado
15.0,3.0,0.0,8.16,44.0,Mujer,Soltero,Urbana,Valle del Cauca,Ninguno,Primaria,Publico,Universitario,Distancia tradicional,Ciencias sociales y humanas,9.0,5.0,2022,0.0,0.0,0.0,En curso
15.0,2.3,4.0,8.07,48.0,Mujer,Soltero,Urbana,Cundinamarca,Tecnico,Bachillerato,Privado,Universitario,Presencial,"Ingenieria, arquitectura, urbanismo y afines",4.0,3.0,2023,0.0,0.0,0.0,Desertor
22.0,3.57,1.0,8.45,66.0,Mujer,Soltero,Urbana,Cundinamarca,Tecnico,Primaria,Publico,Universitario,Presencial,Ciencias sociales y humanas,1.0,2.0,2022,0.0,0.0,0.0,Desertor
19.0,4.79,0.0,2.86,90.0,Mujer,Soltero,Urbana,Antioquia,Primaria,Tecnico,Privado,Universitario,Presencial,"Economia, administracion, contaduria y afines",7.0,4.0,2022,0.0,0.0,0.0,En curso
24.0,3.89,0.0,3.03,63.0,Mujer,Soltero,Urbana,Tolima,Bachillerato,Posgrado,Privado,Tecnologico,Presencial,Ciencias de la educacion,2.0,4.0,2022,0.0,0.0,0.0,En curso
25.0,4.29,1.0,49.28,72.0,Hombre,Soltero,Urbana,Santander,Bachillerato,Primaria,Privado,Universitario,Virtual,"Economia, administracion, contaduria y afines",4.0,2.0,2024,0.0,0.0,0.0,Desertor
15.0,3.95,1.0,4.74,58.0,Mujer,Soltero,Urbana,Santander,Bachillerato,Bachillerato,Publico,Universitario,Distancia tradicional,Matematicas y ciencias naturales,12.0,1.0,2022,0.0,0.0,0.0,Graduado
17.0,3.75,1.0,6.96,62.0,Mujer,Casado,Urbana,Antioquia,Bachillerato,Tecnico,Publico,Tecnologico,Distancia tradicional,Ciencias sociales y humanas,1.0,2.0,2025,0.0,0.0,0.0,Desertor
15.0,3.45,1.0,13.27,61.0,Mujer,Otro,Rural,Córdoba,Bachillerato,Primaria,Privado,Universitario,Presencial,Ciencias de la educacion,6.0,2.0,2023,0.0,0.0,1.0,En curso
17.0,2.78,3.0,27.33,44.0,Mujer,Soltero,Rural,Cundinamarca,Primaria,Bachillerato,Privado,Universitario,Presencial,Bellas artes,2.0,3.0,2023,1.0,0.0,0.0,Desertor
16.0,2.83,1.0,8.82,35.0,Mujer,Soltero,Urbana,Bogotá D.C.,Primaria,Bachillerato,Publico,Universitario,Presencial,"Ingenieria, arquitectura, urbanismo y afines",7.0,3.0,2024,1.0,0.0,0.0,En curso
20.0,2.05,1.0,11.0,30.0,Hombre,Soltero,Urbana,Sucre,Bachillerato,Primaria,Privado,Tecnico profesional,Presencial,Ciencias sociales y humanas,6.0,3.0,2021,0.0,0.0,0.0,Desertor
20.0,4.56,0.0,17.08,76.0,Mujer,Union libre,Urbana,Antioquia,Tecnico,Tecnico,Privado,Universitario,Presencial,Ciencias de la educacion,9.0,4.0,2022,0.0,1.0,0.0,Graduado
21.0,1.93,2.0,6.26,26.0,Hombre,Soltero,Urbana,Valle del Cauca,Primaria,Tecnico,Publico,Tecnologico,Presencial,"Ingenieria, arquitectura, urbanismo y afines",5.0,5.0,2024,1.0,0.0,0.0,Desertor
15.0,4.77,0.0,5.59,89.0,Mujer,Soltero,Rural,Antioquia,Bachillerato,Bachillerato,Privado,Universitario,Distancia tradicional,"Ingenieria, arquitectura, urbanismo y afines",3.0,2.0,2022,0.0,0.0,0.0,En curso
17.0,4.27,0.0,9.98,63.0,Mujer,Soltero,Rural,Magdalena,Universitario,Tecnico,Publico,Universitario,Virtual,"Ingenieria, arquitectura, urbanismo y afines",3.0,4.0,2024,1.0,0.0,0.0,En curso
18.0,4.13,1.0,16.6,85.0,Hombre,Union libre,Urbana,Tolima,Bachillerato,Bachillerato,Privado,Universitario,Presencial,Ciencias de la educacion,11.0,4.0,2022,0.0,1.0,0.0,Graduado
20.0,3.93,3.0,6.12,51.0,Mujer,Soltero,Rural,Meta,Primaria,Universitario,Privado,Universitario,Virtual,Ciencias de la salud,9.0,2.0,2025,1.0,0.0,1.0,En curso
20.0,2.8,2.0,31.98,52.0,Mujer,Soltero,Rural,Atlántico,Bachillerato,Bachillerato,Publico,Tecnologico,Presencial,Ciencias sociales y humanas,4.0,4.0,2022,0.0,0.0,0.0,En curso
15.0,4.08,0.0,23.68,64.0,Hombre,Soltero,Rural,Bogotá D.C.,Tecnico,Primaria,Publico,Universitario,Virtual,"Economia, administracion, contaduria y afines",11.0,3.0,2021,1.0,1.0,0.0,Desertor
20.0,3.22,1.0,11.57,82.0,Hombre,Soltero,Urbana,Valle del Cauca,Primaria,Bachillerato,Privado,Universitario,Presencial,"Ingenieria, arquitectura, urbanismo y afines",8.0,2.0,2025,0.0,0.0,0.0,Desertor
19.0,3.13,1.0,8.66,72.0,Hombre,Soltero,Urbana,Bogotá D.C.,Bachillerato,Universitario,Privado,Universitario,Distancia tradicional,Ciencias sociales y humanas,2.0,2.0,2024,0.0,0.0,0.0,En curso
16.0,3.45,1.0,2.42,54.0,Mujer,Soltero,Urbana,Córdoba,Primaria,Universitario,Privado,Universitario,Virtual,"Economia, administracion, contaduria y afines",1.0,3.0,2024,0.0,1.0,0.0,En curso
15.0,3.0,2.0,7.52,57.0,Hombre,Soltero,Rural,Atlántico,Universitario,Primaria,Privado,Universitario,Presencial,"Ingenieria, arquitectura, urbanismo y afines",11.0,1.0,2023,0.0,0.0,0.0,Graduado
23.0,2.71,2.0,2.96,31.0,Mujer,Soltero,Urbana,Bogotá D.C.,Primaria,Primaria,Publico,Universitario,Presencial,"Ingenieria, arquitectura, urbanismo y afines",5.0,4.0,2024,1.0,0.0,0.0,En curso
21.0,3.12,0.0,10.44,63.0,Mujer,Soltero,Urbana,Valle del Cauca,Ninguno,Bachillerato,Privado,Universitario,Presencial,"Economia, administracion, contaduria y afines",1.0,5.0,2021,1.0,1.0,1.0,En curso
20.0,2.75,2.0,6.37,40.0,Mujer,Soltero,Rural,Atlántico,Primaria,Universitario,Privado,Universitario,Presencial,"Economia, administracion, contaduria y afines",1.0,4.0,2024,0.0,1.0,0.0,En curso
22.0,3.45,1.0,12.88,64.0,Hombre,Union libre,Rural,Cundinamarca,Ninguno,Bachillerato,Publico,Tecnologico,Presencial,"Economia, administracion, contaduria y afines",4.0,2.0,2022,0.0,0.0,0.0,Desertor
20.0,2.69,3.0,6.13,40.0,Hombre,Soltero,Urbana,Valle del Cauca,Primaria,Bachillerato,Privado,Universitario,Presencial,"Economia, administracion, contaduria y afines",5.0,2.0,2023,0.0,1.0,0.0,En curso
21.0,3.47,2.0,3.59,63.0,Hombre,Otro,Urbana,Antioquia,Bachillerato,Universitario,Publico,Tecnologico,Presencial,"Economia, administracion, contaduria y afines",8.0,3.0,2024,0.0,0.0,0.0,Graduado
18.0,4.13,0.0,7.62,90.0,Hombre,Union libre,Urbana,Cundinamarca,Primaria,Tecnico,Privado,Tecnico profesional,Distancia tradicional,"Economia, administracion, contaduria y afines",7.0,1.0,2022,0.0,0.0,1.0,Graduado
21.0,3.09,0.0,3.49,22.0,Mujer,Soltero,Rural,Risaralda,Primaria,Ninguno,Privado,Tecnologico,Distancia tradicional,"Ingenieria, arquitectura, urbanismo y afines",6.0,5.0,2023,1.0,0.0,1.0,Graduado
17.0,4.2,0.0,8.95,65.0,Hombre,Soltero,Urbana,Tolima,Bachillerato,Primaria,Privado,Tecnologico,Presencial,"Economia, administracion, contaduria y afines",8.0,2.0,2024,0.0,0.0,0.0,Graduado
21.0,3.03,1.0,8.54,39.0,Hombre,Soltero,Urbana,Tolima,Tecnico,Primaria,Privado,Universitario,Distancia tradicional,"Ingenieria, arquitectura, urbanismo y afines",8.0,3.0,2023,0.0,0.0,1.0,En curso
19.0,3.74,2.0,5.08,77.0,Mujer,Soltero,Urbana,Antioquia,Primaria,Bachillerato,Publico,Tecnologico,Presencial,"Ingenieria, arquitectura, urbanismo y afines",4.0,1.0,2022,0.0,1.0,0.0,En curso
28.0,3.38,1.0,9.07,64.0,Mujer,Soltero,Urbana,Norte de Santander,Bachillerato,Universitario,Publico,Universitario,Distancia tradicional,Ciencias sociales y humanas,8.0,4.0,2023,0.0,0.0,0.0,En curso
21.0,4.64,0.0,10.34,67.0,Mujer,Soltero,Urbana,Valle del Cauca,Bachillerato,Bachillerato,Privado,Tecnico profesional,Distancia tradicional,Bellas artes,3.0,6.0,2025,1.0,1.0,0.0,Graduado
24.0,3.78,0.0,3.97,75.0,Mujer,Casado,Rural,La Guajira,Bachillerato,Primaria,Privado,Tecnologico,Presencial,"Ingenieria, arquitectura, urbanismo y afines",9.0,2.0,2025,0.0,0.0,0.0,Graduado
19.0,3.73,1.0,1.28,98.0,Hombre,Otro,Urbana,Sucre,Universitario,Bachillerato,Publico,Universitario,Distancia tradicional,"Ingenieria, arquitectura, urbanismo y afines",6.0,2.0,2024,1.0,0.0,1.0,En curso
25.0,3.67,0.0,3.17,81.0,Hombre,Union libre,Urbana,Cauca,Primaria,Bachillerato,Privado,Universitario,Presencial,"Ingenieria, arquitectura, urbanismo y afines",11.0,2.0,2024,0.0,1.0,0.0,Desertor
20.0,4.23,0.0,7.83,60.0,Hombre,Soltero,Urbana,Bolívar,Bachillerato,Ninguno,Privado,Universitario,Virtual,Ciencias de la educacion,5.0,3.0,2022,0.0,0.0,1.0,En curso
16.0,3.62,4.0,4.32,73.0,Hombre,Soltero,Urbana,Santander,Primaria,Primaria,Publico,Tecnologico,Presencial,Ciencias sociales y humanas,1.0,4.0,2024,1.0,0.0,0.0,En curso
21.0,3.27,2.0,8.37,54.0,Hombre,Soltero,Rural,Tolima,Primaria,Ninguno,Publico,Tecnologico,Distancia tradicional,"Economia, administracion, contaduria y afines",11.0,2.0,2023,1.0,1.0,0.0,Graduado
17.0,3.52,0.0,24.42,53.0,Hombre,Union libre,Urbana,Antioquia,Primaria,Primaria,Privado,Universitario,Presencial,"Ingenieria, arquitectura, urbanismo y afines",4.0,3.0,2025,1.0,0.0,0.0,En curso
15.0,3.49,0.0,15.14,54.0,Hombre,Soltero,Urbana,Bolívar,Universitario,Universitario,Privado,Tecnologico,Presencial,"Agronomia, veterinaria y afines",8.0,3.0,2024,0.0,0.0,0.0,Graduado
21.0,4.72,0.0,13.49,72.0,Mujer,Soltero,Urbana,Bogotá D.C.,Primaria,Primaria,Publico,Universitario,Virtual,Ciencias de la salud,5.0,3.0,2022,0.0,0.0,1.0,En curso
17.0,3.69,2.0,2.6,68.0,Mujer,Soltero,Rural,Antioquia,Tecnico,Bachillerato,Publico,Universitario,Presencial,Ciencias sociales y humanas,7.0,2.0,2025,1.0,0.0,0.0,En curso
20.0,3.64,0.0,15.54,82.0,Hombre,Soltero,Urbana,Atlántico,Bachillerato,Posgrado,Publico,Tecnico profesional,Presencial,Ciencias sociales y humanas,2.0,2.0,2023,0.0,0.0,0.0,En curso
17.0,3.1,2.0,3.52,74.0,Hombre,Soltero,Urbana,Atlántico,Primaria,Ninguno,Publico,Tecnologico,Presencial,Matematicas y ciencias naturales,10.0,2.0,2025,1.0,0.0,0.0,Graduado
19.0,2.56,1.0,12.77,20.0,Hombre,Soltero,Urbana,Nariño,Universitario,Tecnico,Publico,Tecnologico,Presencial,"Ingenieria, arquitectura, urbanismo y afines",10.0,3.0,2023,0.0,0.0,0.0,Desertor
17.0,3.93,1.0,1.91,76.0,Mujer,Soltero,Urbana,Chocó,Tecnico,Bachillerato,Publico,Universitario,Presencial,"Economia, administracion, contaduria y afines",11.0,2.0,2025,1.0,0.0,0.0,Graduado
18.0,4.32,0.0,18.69,80.0,Mujer,Union libre,Rural,Bogotá D.C.,Primaria,Primaria,Privado,Universitario,Virtual,"Economia, administracion, contaduria y afines",2.0,4.0,2023,0.0,0.0,0.0,En curso
15.0,3.39,1.0,1.31,65.0,Mujer,Casado,Urbana,Valle del Cauca,Bachillerato,Bachillerato,Privado,Tecnico profesional,Presencial,Bellas artes,5.0,3.0,2024,0.0,0.0,0.0,En curso
18.0,4.37,0.0,3.67,53.0,Mujer,Soltero,Urbana,Norte de Santander,Universitario,Bachillerato,Publico,Universitario,Presencial,"Ingenieria, arquitectura, urbanismo y afines",7.0,4.0,2023,0.0,0.0,0.0,En curso
20.0,3.6,1.0,3.96,75.0,Mujer,Soltero,Rural,Sucre,Ninguno,Primaria,Publico,Universitario,Presencial,"Ingenieria, arquitectura, urbanismo y afines",3.0,3.0,2023,0.0,0.0,1.0,En curso
19.0,3.88,0.0,12.0,71.0,Hombre,Casado,Urbana,Bogotá D.C.,Primaria,Bachillerato,Publico,Tecnologico,Presencial,"Economia, administracion, contaduria y afines",7.0,2.0,2025,0.0,0.0,0.0,Graduado
19.0,2.05,1.0,36.52,36.0,Mujer,Soltero,Urbana,Cundinamarca,Bachillerato,Bachillerato,Privado,Universitario,Presencial,"Economia, administracion, contaduria y afines",6.0,3.0,2025,0.0,0.0,0.0,Desertor
15.0,3.06,1.0,2.33,76.0,Mujer,Soltero,Rural,Bogotá D.C.,Bachillerato,Primaria,Publico,Tecnico profesional,Presencial,"Economia, administracion, contaduria y afines",7.0,2.0,2021,0.0,0.0,0.0,Graduado
19.0,3.49,2.0,11.26,61.0,Mujer,Soltero,Urbana,Atlántico,Tecnico,Bachillerato,Publico,Universitario,Presencial,"Economia, administracion, contaduria y afines",3.0,2.0,2022,1.0,0.0,0.0,Desertor
15.0,3.54,0.0,5.1,48.0,Hombre,Soltero,Urbana,Santander,Ninguno,Tecnico,Publico,Universitario,Distancia tradicional,"Economia, administracion, contaduria y afines",12.0,2.0,2021,1.0,0.0,0.0,Graduado
22.0,3.69,2.0,38.88,38.0,Hombre,Soltero,Urbana,Meta,Tecnico,Bachillerato,Privado,Tecnico profesional,Distancia tradicional,Ciencias sociales y humanas,1.0,3.0,2022,1.0,0.0,0.0,Desertor
17.0,3.76,1.0,2.95,60.0,Mujer,Soltero,Urbana,Bogotá D.C.,Tecnico,Universitario,Privado,Tecnico profesional,Presencial,"Economia, administracion, contaduria y afines",3.0,2.0,2022,0.0,0.0,0.0,En curso
24.0,3.94,0.0,2.01,67.0,Hombre,Soltero,Urbana,Antioquia,Primaria,Universitario,Publico,Universitario,Presencial,Ciencias de la salud,6.0,6.0,2024,0.0,0.0,0.0,En curso
16.0,2.88,1.0,16.26,55.0,Hombre,Otro,Urbana,Valle del Cauca,Primaria,Bachillerato,Publico,Tecnologico,Presencial,Matematicas y ciencias naturales,8.0,2.0,2024,0.0,0.0,0.0,Desertor
15.0,3.51,0.0,34.58,49.0,Hombre,Soltero,Rural,Antioquia,Primaria,Universitario,Privado,Universitario,Presencial,"Economia, administracion, contaduria y afines",3.0,5.0,2025,1.0,0.0,1.0,En curso
19.0,3.11,0.0,16.89,64.0,Hombre,Soltero,Urbana,Magdalena,Bachillerato,Primaria,Publico,Tecnico profesional,Presencial,"Ingenieria, arquitectura, urbanismo y afines",4.0,4.0,2023,0.0,0.0,0.0,Graduado
19.0,2.08,1.0,11.55,22.0,Mujer,Otro,Urbana,Antioquia,Bachillerato,Tecnico,Privado,Tecnologico,Virtual,Ciencias sociales y humanas,3.0,3.0,2025,0.0,0.0,0.0,En curso
20.0,2.15,3.0,15.31,28.0,Mujer,Soltero,Urbana,Santander,Bachillerato,Bachillerato,Privado,Tecnico profesional,Presencial,"Ingenieria, arquitectura, urbanismo y afines",3.0,3.0,2021,1.0,0.0,0.0,Desertor
21.0,2.91,4.0,8.78,63.0,Mujer,Soltero,Urbana,Chocó,Bachillerato,Bachillerato,Privado,Universitario,Presencial,Matematicas y ciencias naturales,8.0,4.0,2022,0.0,1.0,0.0,En curso
24.0,4.18,0.0,25.26,80.0,Hombre,Union libre,Urbana,Chocó,Bachillerato,Bachillerato,Publico,Universitario,Presencial,"Economia, administracion, contaduria y afines",10.0,1.0,2023,1.0,0.0,0.0,En curso
21.0,4.26,1.0,1.35,100.0,Hombre,Soltero,Urbana,Bogotá D.C.,Primaria,Bachillerato,Privado,Universitario,Presencial,Ciencias sociales y humanas,7.0,2.0,2023,0.0,1.0,0.0,En curso
20.0,4.23,0.0,8.23,62.0,Mujer,Soltero,Rural,Nariño,Universitario,Tecnico,Privado,Universitario,Presencial,"Economia, administracion, contaduria y afines",2.0,3.0,2022,0.0,0.0,0.0,En curso
17.0,3.55,0.0,18.52,13.0,Mujer,Soltero,Rural,Valle del Cauca,Bachillerato,Primaria,Publico,Tecnologico,Virtual,"Ingenieria, arquitectura, urbanismo y afines",10.0,1.0,2023,1.0,0.0,0.0,Graduado
17.0,3.8,1.0,7.52,67.0,Hombre,Union libre,Urbana,Santander,Universitario,Primaria,Publico,Tecnico profesional,Presencial,Ciencias sociales y humanas,1.0,3.0,2024,0.0,1.0,0.0,En curso
23.0,2.63,3.0,1.48,42.0,Mujer,Soltero,Urbana,Valle del Cauca,Bachillerato,Bachillerato,Privado,Universitario,Presencial,Ciencias de la educacion,12.0,1.0,2025,0.0,0.0,0.0,Graduado
15.0,2.39,2.0,5.23,32.0,Hombre,Soltero,Urbana,Quindío,Primaria,Bachillerato,Privado,Tecnico profesional,Distancia tradicional,"Economia, administracion, contaduria y afines",7.0,3.0,2024,1.0,1.0,0.0,Desertor
26.0,4.62,1.0,6.84,81.0,Mujer,Soltero,Rural,Sucre,Universitario,Tecnico,Publico,Tecnologico,Distancia tradicional,"Ingenieria, arquitectura, urbanismo y afines",1.0,2.0,2023,0.0,0.0,0.0,En curso
23.0,1.99,2.0,22.67,42.0,Mujer,Soltero,Rural,Atlántico,Bachillerato,Bachillerato,Publico,Universitario,Distancia tradicional,Ciencias de la salud,4.0,4.0,2025,1.0,1.0,0.0,Desertor
22.0,3.86,1.0,22.03,59.0,Hombre,Soltero,Urbana,Valle del Cauca,Tecnico,Primaria,Publico,Universitario,Presencial,Ciencias sociales y humanas,11.0,3.0,2025,0.0,1.0,0.0,Graduado
18.0,4.81,0.0,4.7,76.0,Hombre,Soltero,Urbana,Antioquia,Primaria,Bachillerato,Publico,Tecnologico,Presencial,"Ingenieria, arquitectura, urbanismo y afines",4.0,1.0,2025,0.0,0.0,0.0,En curso
17.0,4.27,0.0,0.69,99.0,Mujer,Soltero,Urbana,Bogotá D.C.,Primaria,Tecnico,Privado,Universitario,Presencial,Ciencias de la educacion,10.0,3.0,2023,0.0,0.0,1.0,Graduado
22.0,3.27,1.0,9.0,61.0,Mujer,Soltero,Urbana,Quindío,Universitario,Tecnico,Privado,Tecnologico,Presencial,"Economia, administracion, contaduria y afines",1.0,1.0,2023,0.0,1.0,0.0,En curso
15.0,3.2,0.0,10.96,30.0,Hombre,Soltero,Rural,La Guajira,Primaria,Universitario,Privado,Universitario,Distancia tradicional,"Agronomia, veterinaria y afines",4.0,2.0,2024,0.0,0.0,0.0,En curso
17.0,4.17,0.0,3.86,54.0,Mujer,Soltero,Urbana,Valle del Cauca,Bachillerato,Tecnico,Publico,Universitario,Virtual,"Economia, administracion, contaduria y afines",11.0,3.0,2025,1.0,0.0,0.0,Desertor
19.0,3.21,2.0,3.52,72.0,Hombre,Soltero,Urbana,Casanare,Primaria,Bachillerato,Privado,Tecnico profesional,Presencial,"Economia, administracion, contaduria y afines",9.0,3.0,2024,1.0,0.0,0.0,Graduado
17.0,4.56,0.0,5.03,74.0,Hombre,Soltero,Urbana,Santander,Primaria,Bachillerato,Privado,Universitario,Virtual,"Economia, administracion, contaduria y afines",12.0,3.0,2025,1.0,0.0,0.0,Graduado
26.0,2.83,1.0,0.53,46.0,Hombre,Casado,Urbana,Antioquia,Tecnico,Ninguno,Privado,Tecnico profesional,Presencial,Ciencias de la educacion,9.0,1.0,2024,1.0,1.0,0.0,Desertor
19.0,4.19,0.0,8.39,76.0,Hombre,Soltero,Urbana,Córdoba,Primaria,Primaria,Privado,Universitario,Distancia tradicional,"Ingenieria, arquitectura, urbanismo y afines",7.0,3.0,2024,0.0,0.0,1.0,En curso
21.0,3.38,0.0,2.58,31.0,Hombre,Soltero,Urbana,Valle del Cauca,Bachillerato,Bachillerato,Privado,Universitario,Virtual,"Ingenieria, arquitectura, urbanismo y afines",6.0,3.0,2022,1.0,0.0,0.0,En curso
18.0,4.29,1.0,12.11,73.0,Mujer,Soltero,Urbana,Antioquia,Tecnico,Bachillerato,Privado,Universitario,Virtual,Ciencias de la educacion,10.0,1.0,2023,0.0,0.0,0.0,Graduado
22.0,3.51,2.0,1.83,53.0,Hombre,Soltero,Urbana,Bolívar,Primaria,Bachillerato,Publico,Tecnologico,Distancia tradicional,Ciencias sociales y humanas,7.0,4.0,2023,0.0,0.0,0.0,Graduado
16.0,4.2,0.0,5.93,80.0,Mujer,Soltero,Urbana,Meta,Universitario,Bachillerato,Privado,Universitario,Presencial,"Economia, administracion, contaduria y afines",9.0,3.0,2025,0.0,0.0,0.0,En curso
20.0,2.43,1.0,20.46,40.0,Mujer,Soltero,Urbana,Bogotá D.C.,Primaria,Universitario,Privado,Universitario,Presencial,"Ingenieria, arquitectura, urbanismo y afines",4.0,3.0,2025,1.0,0.0,1.0,En curso
21.0,3.63,2.0,2.35,55.0,Hombre,Soltero,Urbana,Bogotá D.C.,Primaria,Primaria,Publico,Universitario,Presencial,"Ingenieria, arquitectura, urbanismo y afines",1.0,6.0,2023,1.0,1.0,1.0,En curso
18.0,3.01,1.0,20.15,56.0,Mujer,Soltero,Rural,Risaralda,Tecnico,Primaria,Publico,Universitario,Presencial,"Ingenieria, arquitectura, urbanismo y afines",5.0,2.0,2023,1.0,0.0,0.0,En curso
18.0,3.62,0.0,8.57,56.0,Hombre,Soltero,Rural,Risaralda,Bachillerato,Tecnico,Publico,Universitario,Presencial,"Ingenieria, arquitectura, urbanismo y afines",12.0,2.0,2025,1.0,0.0,0.0,Graduado
22.0,3.96,0.0,2.84,61.0,Mujer,Casado,Urbana,Magdalena,Universitario,Ninguno,Publico,Universitario,Presencial,Matematicas y ciencias naturales,6.0,4.0,2025,1.0,0.0,0.0,En curso
20.0,3.91,0.0,3.47,51.0,Mujer,Soltero,Urbana,Cauca,Bachillerato,Bachillerato,Privado,Tecnologico,Presencial,Ciencias sociales y humanas,5.0,5.0,2024,1.0,1.0,0.0,Graduado
21.0,4.15,0.0,25.43,89.0,Mujer,Union libre,Urbana,Atlántico,Tecnico,Bachillerato,Privado,Tecnologico,Presencial,"Ingenieria, arquitectura, urbanismo y afines",5.0,4.0,2024,0.0,0.0,0.0,En curso
15.0,3.58,2.0,8.88,38.0,Mujer,Union libre,Urbana,Boyacá,Primaria,Primaria,Privado,Tecnologico,Presencial,Ciencias de la salud,6.0,3.0,2022,0.0,0.0,0.0,Graduado
21.0,3.33,0.0,4.44,48.0,Mujer,Soltero,Urbana,Cundinamarca,Tecnico,Primaria,Privado,Universitario,Presencial,"Ingenieria, arquitectura, urbanismo y afines",12.0,3.0,2023,0.0,0.0,0.0,Desertor
19.0,4.47,0.0,27.09,72.0,Hombre,Soltero,Rural,Magdalena,Primaria,Bachillerato,Publico,Tecnologico,Presencial,"Ingenieria, arquitectura, urbanismo y afines",3.0,3.0,2024,0.0,1.0,0.0,En curso
15.0,2.73,1.0,4.65,46.0,Hombre,Casado,Urbana,Meta,Primaria,Bachillerato,Publico,Universitario,Presencial,Ciencias sociales y humanas,6.0,3.0,2022,1.0,0.0,0.0,En curso
20.0,2.56,3.0,36.8,38.0,Hombre,Soltero,Urbana,Santander,Universitario,Primaria,Publico,Universitario,Presencial,"Agronomia, veterinaria y afines",5.0,4.0,2021,0.0,0.0,1.0,Desertor
17.0,3.55,1.0,3.82,57.0,Mujer,Soltero,Rural,Tolima,Bachillerato,Tecnico,Privado,Universitario,Presencial,"Ingenieria, arquitectura, urbanismo y afines",9.0,3.0,2024,0.0,0.0,0.0,En curso
18.0,3.32,2.0,13.75,66.0,Hombre,Casado,Urbana,Bogotá D.C.,Ninguno,Primaria,Privado,Universitario,Distancia tradicional,"Ingenieria, arquitectura, urbanismo y afines",11.0,1.0,2022,0.0,0.0,0.0,Desertor
23.0,3.9,0.0,23.79,47.0,Mujer,Casado,Urbana,Bogotá D.C.,Primaria,Tecnico,Publico,Universitario,Presencial,"Ingenieria, arquitectura, urbanismo y afines",7.0,1.0,2022,0.0,0.0,0.0,En curso
22.0,3.41,0.0,17.88,49.0,Mujer,Soltero,Urbana,Bogotá D.C.,Primaria,Ninguno,Privado,Tecnologico,Presencial,"Economia, administracion, contaduria y afines",10.0,4.0,2023,0.0,1.0,0.0,Graduado
22.0,3.79,1.0,0.8,70.0,Mujer,Soltero,Urbana,Caldas,Bachillerato,Bachillerato,Publico,Tecnologico,Presencial,"Ingenieria, arquitectura, urbanismo y afines",6.0,3.0,2021,1.0,0.0,0.0,Graduado
23.0,4.02,1.0,3.28,83.0,Mujer,Union libre,Urbana,Bogotá D.C.,Ninguno,Bachillerato,Privado,Tecnico profesional,Presencial,Ciencias de la educacion,12.0,2.0,2022,0.0,0.0,1.0,Graduado
19.0,3.02,2.0,162.16,45.0,Mujer,Soltero,Urbana,Atlántico,Primaria,Bachillerato,Privado,Universitario,Presencial,"Ingenieria, arquitectura, urbanismo y afines",6.0,2.0,2024,0.0,0.0,1.0,Desertor
20.0,3.4,0.0,18.35,67.0,Hombre,Soltero,Urbana,Antioquia,Tecnico,Bachillerato,Publico,Tecnico profesional,Presencial,Ciencias sociales y humanas,10.0,2.0,2025,0.0,1.0,0.0,Desertor
19.0,3.86,0.0,12.91,64.0,Hombre,Soltero,Urbana,Atlántico,Tecnico,Ninguno,Privado,Universitario,Presencial,"Economia, administracion, contaduria y afines",8.0,4.0,2023,0.0,0.0,0.0,En curso
21.0,3.85,1.0,4.85,87.0,Hombre,Soltero,Rural,Santander,Posgrado,Tecnico,Publico,Universitario,Presencial,"Economia, administracion, contaduria y afines",4.0,2.0,2022,0.0,0.0,0.0,En curso
19.0,4.13,0.0,38.93,80.0,Hombre,Casado,Urbana,Valle del Cauca,Bachillerato,Primaria,Privado,Universitario,Presencial,Ciencias de la educacion,3.0,3.0,2024,1.0,0.0,0.0,En curso
21.0,2.7,0.0,15.15,47.0,Hombre,Soltero,Urbana,Córdoba,Bachillerato,Tecnico,Publico,Tecnologico,Distancia tradicional,Ciencias de la salud,6.0,2.0,2023,0.0,0.0,0.0,En curso
17.0,3.44,1.0,14.16,40.0,Mujer,Soltero,Rural,Bogotá D.C.,Bachillerato,Bachillerato,Publico,Universitario,Presencial,Ciencias de la salud,6.0,3.0,2023,1.0,0.0,0.0,En curso
23.0,3.37,1.0,22.43,65.0,Mujer,Soltero,Urbana,Bogotá D.C.,Primaria,Bachillerato,Publico,Tecnico profesional,Presencial,Ciencias sociales y humanas,10.0,2.0,2023,0.0,0.0,0.0,Graduado
19.0,3.65,0.0,3.58,58.0,Mujer,Union libre,Urbana,Bogotá D.C.,Primaria,Bachillerato,Publico,Tecnologico,Distancia tradicional,Ciencias sociales y humanas,3.0,2.0,2023,1.0,0.0,0.0,En curso
19.0,3.69,2.0,6.62,77.0,Hombre,Union libre,Rural,Cundinamarca,Tecnico,Universitario,Privado,Tecnico profesional,Presencial,"Ingenieria, arquitectura, urbanismo y afines",6.0,4.0,2024,0.0,0.0,0.0,Graduado
20.0,3.7,0.0,5.35,70.0,Hombre,Soltero,Urbana,Bolívar,Primaria,Ninguno,Publico,Universitario,Presencial,"Economia, administracion, contaduria y afines",3.0,2.0,2024,0.0,0.0,0.0,En curso
18.0,4.11,1.0,8.04,74.0,Hombre,Soltero,Urbana,Cundinamarca,Primaria,Bachillerato,Privado,Tecnologico,Presencial,"Ingenieria, arquitectura, urbanismo y afines",8.0,3.0,2022,0.0,1.0,1.0,Graduado
17.0,2.45,2.0,3.7,30.0,Hombre,Soltero,Urbana,Magdalena,Tecnico,Bachillerato,Privado,Universitario,Distancia tradicional,Bellas artes,10.0,1.0,2025,0.0,1.0,0.0,Graduado
18.0,3.35,1.0,9.09,38.0,Mujer,Soltero,Rural,Bogotá D.C.,Primaria,Bachillerato,Publico,Universitario,Presencial,"Economia, administracion, contaduria y afines",6.0,3.0,2025,0.0,0.0,0.0,Desertor
15.0,4.69,0.0,4.26,58.0,Mujer,Soltero,Urbana,Santander,Primaria,Universitario,Publico,Universitario,Presencial,"Ingenieria, arquitectura, urbanismo y afines",1.0,1.0,2021,0.0,1.0,0.0,En curso
20.0,3.27,1.0,3.91,34.0,Hombre,Soltero,Urbana,Valle del Cauca,Primaria,Universitario,Privado,Universitario,Distancia tradicional,"Economia, administracion, contaduria y afines",6.0,2.0,2023,0.0,0.0,0.0,Desertor
22.0,2.57,1.0,1.33,32.0,Mujer,Soltero,Urbana,Boyacá,Primaria,Bachillerato,Publico,Universitario,Presencial,"Economia, administracion, contaduria y afines",8.0,1.0,2024,1.0,0.0,0.0,En curso
21.0,3.84,2.0,12.17,82.0,Mujer,Union libre,Urbana,Antioquia,Bachillerato,Tecnico,Privado,Tecnologico,Presencial,Ciencias de la salud,12.0,1.0,2025,1.0,0.0,0.0,Desertor
22.0,2.74,1.0,1.13,38.0,Hombre,Soltero,Rural,Bogotá D.C.,Bachillerato,Bachillerato,Publico,Universitario,Distancia tradicional,Ciencias de la educacion,5.0,3.0,2022,1.0,0.0,1.0,Desertor
19.0,3.07,0.0,26.59,49.0,Hombre,Soltero,Urbana,Risaralda,Bachillerato,Bachillerato,Privado,Universitario,Presencial,Ciencias sociales y humanas,2.0,3.0,2024,0.0,0.0,0.0,Desertor
17.0,3.65,1.0,13.12,49.0,Mujer,Soltero,Urbana,Santander,Universitario,Universitario,Publico,Universitario,Presencial,"Economia, administracion, contaduria y afines",6.0,1.0,2024,1.0,0.0,1.0,En curso
16.0,3.19,0.0,5.4,44.0,Hombre,Soltero,Urbana,Bogotá D.C.,Primaria,Posgrado,Publico,Universitario,Presencial,"Ingenieria, arquitectura, urbanismo y afines",3.0,1.0,2025,1.0,0.0,0.0,En curso
21.0,3.67,0.0,4.79,64.0,Mujer,Union libre,Urbana,Risaralda,Primaria,Bachillerato,Publico,Tecnologico,Presencial,"Economia, administracion, contaduria y afines",3.0,1.0,2024,0.0,0.0,0.0,En curso
17.0,3.79,0.0,2.91,78.0,Hombre,Union libre,Urbana,Córdoba,Bachillerato,Primaria,Privado,Tecnologico,Presencial,"Economia, administracion, contaduria y afines",4.0,2.0,2023,0.0,0.0,0.0,En curso
22.0,3.88,0.0,17.18,63.0,Mujer,Soltero,Urbana,Bogotá D.C.,Bachillerato,Primaria,Publico,Tecnico profesional,Presencial,Ciencias de la educacion,2.0,5.0,2024,0.0,0.0,0.0,En curso
21.0,3.31,2.0,2.09,69.0,Hombre,Union libre,Urbana,Córdoba,Primaria,Primaria,Publico,Universitario,Presencial,"Economia, administracion, contaduria y afines",10.0,2.0,2025,0.0,1.0,0.0,Graduado
27.0,2.48,1.0,4.23,45.0,Mujer,Otro,Urbana,Valle del Cauca,Bachillerato,Tecnico,Publico,Universitario,Presencial,"Ingenieria, arquitectura, urbanismo y afines",1.0,4.0,2021,1.0,0.0,1.0,En curso
16.0,4.57,1.0,4.28,83.0,Hombre,Soltero,Urbana,Bolívar,Universitario,Primaria,Privado,Universitario,Presencial,Ciencias sociales y humanas,7.0,3.0,2023,0.0,0.0,0.0,Graduado
25.0,4.65,1.0,5.84,86.0,Mujer,Soltero,Rural,Santander,Universitario,Bachillerato,Privado,Universitario,Distancia tradicional,"Ingenieria, arquitectura, urbanismo y afines",1.0,3.0,2023,0.0,0.0,0.0,En curso
21.0,3.75,1.0,5.98,67.0,Hombre,Soltero,Urbana,Valle del Cauca,Tecnico,Ninguno,Publico,Universitario,Presencial,"Economia, administracion, contaduria y afines",9.0,4.0,2023,0.0,0.0,0.0,Desertor
18.0,3.22,0.0,8.46,53.0,Hombre,Soltero,Rural,Magdalena,Ninguno,Bachillerato,Publico,Universitario,Distancia tradicional,"Ingenieria, arquitectura, urbanismo y afines",6.0,4.0,2024,0.0,0.0,1.0,Desertor
27.0,3.21,1.0,13.48,37.0,Mujer,Soltero,Rural,Sucre,Ninguno,Bachillerato,Publico,Tecnico profesional,Presencial,"Ingenieria, arquitectura, urbanismo y afines",10.0,2.0,2025,1.0,1.0,0.0,Graduado
26.0,4.14,1.0,18.59,86.0,Hombre,Soltero,Rural,Valle del Cauca,Primaria,Primaria,Privado,Universitario,Presencial,"Ingenieria, arquitectura, urbanismo y afines",7.0,2.0,2022,1.0,0.0,0.0,En curso
20.0,3.34,1.0,11.6,51.0,Hombre,Soltero,Rural,Bogotá D.C.,Primaria,Primaria,Publico,Tecnologico,Presencial,Bellas artes,7.0,2.0,2024,1.0,0.0,0.0,Graduado
22.0,4.17,0.0,0.71,71.0,Hombre,Casado,Urbana,Atlántico,Tecnico,Bachillerato,Privado,Tecnologico,Distancia tradicional,Ciencias sociales y humanas,5.0,5.0,2022,0.0,0.0,0.0,En curso
19.0,4.63,0.0,2.15,100.0,Mujer,Soltero,Urbana,Antioquia,Ninguno,Primaria,Privado,Universitario,Virtual,"Economia, administracion, contaduria y afines",11.0,6.0,2022,0.0,0.0,0.0,Graduado
19.0,3.97,1.0,1.21,81.0,Mujer,Soltero,Urbana,Meta,Universitario,Bachillerato,Publico,Universitario,Distancia tradicional,"Economia, administracion, contaduria y afines",12.0,2.0,2022,0.0,0.0,0.0,Graduado
23.0,3.27,0.0,2.31,71.0,Hombre,Soltero,Urbana,Meta,Bachillerato,Primaria,Privado,Universitario,Distancia tradicional,"Ingenieria, arquitectura, urbanismo y afines",12.0,3.0,2021,0.0,1.0,1.0,Graduado
16.0,3.55,1.0,21.17,34.0,Hombre,Soltero,Urbana,Boyacá,Tecnico,Bachillerato,Privado,Universitario,Presencial,"Ingenieria, arquitectura, urbanismo y afines",8.0,3.0,2022,0.0,0.0,0.0,En curso
15.0,2.31,1.0,3.15,29.0,Mujer,Soltero,Urbana,Bogotá D.C.,Universitario,Tecnico,Privado,Universitario,Presencial,Ciencias de la salud,12.0,2.0,2022,1.0,1.0,0.0,Desertor
22.0,3.31,1.0,4.53,44.0,Mujer,Soltero,Urbana,Cauca,Primaria,Universitario,Publico,Universitario,Presencial,"Economia, administracion, contaduria y afines",1.0,1.0,2023,1.0,0.0,0.0,Desertor
17.0,1.89,2.0,34.1,46.0,Hombre,Union libre,Urbana,Santander,Primaria,Posgrado,Publico,Tecnico profesional,Presencial,Bellas artes,8.0,3.0,2023,1.0,0.0,1.0,Graduado
19.0,3.65,1.0,6.56,52.0,Hombre,Soltero,Urbana,Nariño,Primaria,Bachillerato,Publico,Tecnico profesional,Presencial,"Economia, administracion, contaduria y afines",6.0,4.0,2025,0.0,0.0,0.0,Graduado
15.0,3.68,0.0,4.33,42.0,Hombre,Soltero,Urbana,Tolima,Tecnico,Primaria,Publico,Universitario,Presencial,"Ingenieria, arquitectura, urbanismo y afines",9.0,2.0,2025,1.0,0.0,0.0,En curso
23.0,3.93,0.0,8.08,74.0,Mujer,Soltero,Urbana,Cundinamarca,Tecnico,Bachillerato,Privado,Universitario,Presencial,"Ingenieria, arquitectura, urbanismo y afines",8.0,3.0,2022,1.0,0.0,0.0,En curso
17.0,4.13,2.0,7.53,78.0,Hombre,Soltero,Urbana,Bogotá D.C.,Primaria,Universitario,Privado,Universitario,Distancia tradicional,"Ingenieria, arquitectura, urbanismo y afines",6.0,1.0,2024,1.0,0.0,0.0,En curso
21.0,4.11,0.0,73.64,76.0,Mujer,Casado,Rural,Bogotá D.C.,Primaria,Primaria,Privado,Universitario,Presencial,Ciencias de la salud,7.0,4.0,2025,1.0,0.0,0.0,En curso
16.0,3.93,1.0,11.17,85.0,Hombre,Soltero,Urbana,Antioquia,Primaria,Tecnico,Publico,Tecnologico,Presencial,Ciencias sociales y humanas,10.0,1.0,2023,0.0,1.0,0.0,Graduado
23.0,4.37,0.0,7.53,57.0,Mujer,Soltero,Urbana,Magdalena,Primaria,Tecnico,Privado,Tecnologico,Presencial,"Economia, administracion, contaduria y afines",4.0,1.0,2024,0.0,0.0,0.0,Graduado
16.0,4.04,1.0,3.53,79.0,Mujer,Soltero,Urbana,Santander,Bachillerato,Universitario,Privado,Universitario,Distancia tradicional,"Economia, administracion, contaduria y afines",3.0,2.0,2023,0.0,0.0,0.0,En curso
17.0,2.76,2.0,6.06,44.0,Mujer,Soltero,Urbana,Cesar,Bachillerato,Tecnico,Publico,Universitario,Presencial,"Economia, administracion, contaduria y afines",9.0,5.0,2025,0.0,1.0,0.0,Graduado
25.0,2.31,3.0,15.66,39.0,Hombre,Soltero,Urbana,Valle del Cauca,Bachillerato,Ninguno,Publico,Tecnologico,Presencial,"Ingenieria, arquitectura, urbanismo y afines",10.0,2.0,2023,0.0,0.0,0.0,Desertor
19.0,3.32,2.0,3.44,29.0,Mujer,Soltero,Urbana,Valle del Cauca,Bachillerato,Bachillerato,Privado,Universitario,Presencial,"Economia, administracion, contaduria y afines",8.0,1.0,2024,1.0,0.0,0.0,Desertor
19.0,3.77,2.0,7.16,56.0,Mujer,Soltero,Urbana,La Guajira,Bachillerato,Universitario,Publico,Tecnologico,Presencial,"Economia, administracion, contaduria y afines",6.0,6.0,2023,1.0,0.0,0.0,Graduado
24.0,3.38,3.0,17.89,40.0,Mujer,Soltero,Urbana,Cauca,Bachillerato,Bachillerato,Publico,Universitario,Presencial,"Agronomia, veterinaria y afines",1.0,2.0,2022,0.0,1.0,0.0,En curso
19.0,3.13,0.0,13.06,46.0,Hombre,Soltero,Rural,Cundinamarca,Bachillerato,Posgrado,Publico,Tecnologico,Presencial,Ciencias de la salud,11.0,2.0,2025,0.0,0.0,0.0,Graduado
21.0,2.91,4.0,11.33,31.0,Mujer,Soltero,Urbana,Bogotá D.C.,Ninguno,Bachillerato,Privado,Tecnico profesional,Presencial,Ciencias sociales y humanas,6.0,5.0,2022,0.0,0.0,0.0,Desertor
21.0,4.13,4.0,6.6,72.0,Mujer,Soltero,Urbana,Tolima,Bachillerato,Tecnico,Publico,Universitario,Presencial,"Ingenieria, arquitectura, urbanismo y afines",7.0,2.0,2022,1.0,0.0,0.0,En curso
19.0,4.51,0.0,4.01,86.0,Mujer,Soltero,Rural,Atlántico,Primaria,Bachillerato,Privado,Universitario,Virtual,"Ingenieria, arquitectura, urbanismo y afines",1.0,3.0,2022,1.0,1.0,0.0,En curso
20.0,2.28,0.0,2.69,31.0,Hombre,Soltero,Urbana,Chocó,Bachillerato,Bachillerato,Publico,Universitario,Presencial,Ciencias de la educacion,4.0,3.0,2025,0.0,0.0,0.0,En curso
16.0,3.12,1.0,4.27,48.0,Hombre,Soltero,Rural,Risaralda,Bachillerato,Primaria,Privado,Universitario,Presencial,"Agronomia, veterinaria y afines",5.0,3.0,2024,0.0,1.0,0.0,En curso
20.0,3.79,0.0,10.99,99.0,Hombre,Soltero,Urbana,Magdalena,Tecnico,Bachillerato,Publico,Universitario,Presencial,Ciencias de la salud,11.0,5.0,2021,0.0,1.0,1.0,Graduado
15.0,3.41,0.0,5.68,36.0,Hombre,Soltero,Urbana,Atlántico,Universitario,Bachillerato,Privado,Universitario,Presencial,Bellas artes,12.0,2.0,2025,0.0,0.0,1.0,Graduado
24.0,3.97,0.0,42.8,58.0,Mujer,Soltero,Urbana,Santander,Bachillerato,Primaria,Privado,Universitario,Presencial,"Ingenieria, arquitectura, urbanismo y afines",4.0,1.0,2025,1.0,0.0,1.0,En curso
22.0,2.27,2.0,1.23,52.0,Mujer,Soltero,Urbana,Antioquia,Bachillerato,Bachillerato,Privado,Tecnologico,Presencial,Ciencias sociales y humanas,3.0,4.0,2021,1.0,0.0,1.0,En curso
21.0,3.3,3.0,2.13,48.0,Mujer,Soltero,Urbana,Antioquia,Primaria,Primaria,Privado,Universitario,Presencial,"Ingenieria, arquitectura, urbanismo y afines",1.0,4.0,2023,0.0,0.0,0.0,Desertor
18.0,3.22,2.0,92.95,66.0,Mujer,Union libre,Urbana,Bolívar,Bachillerato,Bachillerato,Publico,Universitario,Presencial,Ciencias de la salud,8.0,2.0,2022,0.0,0.0,0.0,En curso
22.0,3.26,0.0,3.45,79.0,Hombre,Soltero,Urbana,Sucre,Ninguno,Bachillerato,Publico,Universitario,Presencial,Ciencias sociales y humanas,6.0,3.0,2024,0.0,0.0,0.0,En curso
21.0,4.48,0.0,8.53,55.0,Hombre,Soltero,Rural,Bogotá D.C.,Bachillerato,Primaria,Privado,Universitario,Presencial,"Economia, administracion, contaduria y afines",12.0,3.0,2021,1.0,0.0,0.0,Desertor
20.0,4.06,0.0,49.06,76.0,Mujer,Otro,Urbana,Antioquia,Bachillerato,Primaria,Publico,Universitario,Presencial,Ciencias sociales y humanas,3.0,4.0,2023,0.0,0.0,1.0,En curso
22.0,3.75,1.0,12.2,62.0,Mujer,Casado,Rural,Antioquia,Universitario,Primaria,Privado,Tecnologico,Virtual,"Economia, administracion, contaduria y afines",2.0,3.0,2022,1.0,0.0,0.0,En curso
21.0,3.25,1.0,2.65,73.0,Mujer,Soltero,Urbana,Valle del Cauca,Bachillerato,Tecnico,Privado,Tecnico profesional,Presencial,"Economia, administracion, contaduria y afines",8.0,5.0,2023,0.0,0.0,0.0,Graduado
16.0,2.72,1.0,7.87,45.0,Mujer,Soltero,Urbana,Valle del Cauca,Bachillerato,Primaria,Privado,Universitario,Presencial,"Agronomia, veterinaria y afines",12.0,1.0,2021,0.0,0.0,0.0,Graduado
15.0,3.43,1.0,8.59,65.0,Hombre,Soltero,Rural,Antioquia,Primaria,Primaria,Publico,Universitario,Presencial,"Economia, administracion, contaduria y afines",11.0,1.0,2025,0.0,0.0,0.0,En curso
20.0,2.79,0.0,4.6,41.0,Hombre,Soltero,Urbana,Bogotá D.C.,Bachillerato,Tecnico,Privado,Tecnologico,Presencial,"Ingenieria, arquitectura, urbanismo y afines",10.0,2.0,2024,0.0,1.0,0.0,Graduado
22.0,4.1,0.0,18.99,85.0,Mujer,Soltero,Urbana,Caldas,Bachillerato,Primaria,Publico,Universitario,Presencial,Ciencias de la educacion,2.0,2.0,2025,1.0,0.0,0.0,En curso
20.0,3.81,0.0,5.47,64.0,Hombre,Soltero,Urbana,Boyacá,Ninguno,Tecnico,Privado,Tecnico profesional,Distancia tradicional,"Economia, administracion, contaduria y afines",11.0,2.0,2023,0.0,0.0,0.0,Graduado
15.0,2.75,2.0,6.46,35.0,Mujer,Soltero,Urbana,Valle del Cauca,Bachillerato,Tecnico,Publico,Universitario,Distancia tradicional,Ciencias de la educacion,12.0,1.0,2024,0.0,0.0,0.0,Desertor
24.0,5.0,0.0,3.6,70.0,Hombre,Soltero,Rural,Valle del Cauca,Primaria,Primaria,Publico,Tecnico profesional,Presencial,Bellas artes,4.0,2.0,2022,0.0,1.0,0.0,Graduado
23.0,3.11,0.0,9.98,47.0,Hombre,Casado,Urbana,Bogotá D.C.,Bachillerato,Universitario,Publico,Tecnologico,Presencial,Ciencias de la salud,6.0,1.0,2025,1.0,0.0,1.0,Desertor
20.0,3.85,1.0,10.75,62.0,Mujer,Soltero,Urbana,Tolima,Bachillerato,Bachillerato,Privado,Tecnologico,Presencial,"Economia, administracion, contaduria y afines",7.0,4.0,2022,1.0,0.0,0.0,Graduado
15.0,3.27,2.0,5.36,70.0,Hombre,Soltero,Urbana,Cundinamarca,Primaria,Primaria,Privado,Universitario,Virtual,"Ingenieria, arquitectura, urbanismo y afines",8.0,2.0,2024,1.0,1.0,0.0,En curso
20.0,2.41,1.0,13.12,29.0,Mujer,Soltero,Urbana,Bogotá D.C.,Universitario,Primaria,Privado,Universitario,Presencial,"Ingenieria, arquitectura, urbanismo y afines",8.0,2.0,2023,0.0,1.0,0.0,Desertor
23.0,3.5,2.0,14.3,60.0,Mujer,Soltero,Urbana,La Guajira,Primaria,Ninguno,Publico,Universitario,Presencial,Bellas artes,7.0,5.0,2023,0.0,1.0,0.0,En curso
22.0,3.3,0.0,10.55,48.0,Mujer,Soltero,Urbana,Antioquia,Tecnico,Posgrado,Privado,Universitario,Distancia tradicional,"Economia, administracion, contaduria y afines",5.0,3.0,2023,0.0,0.0,1.0,En curso
23.0,3.93,0.0,6.0,61.0,Mujer,Soltero,Urbana,Bogotá D.C.,Posgrado,Tecnico,Publico,Tecnologico,Distancia tradicional,Ciencias de la salud,8.0,4.0,2023,1.0,0.0,0.0,Graduado
20.0,4.37,0.0,7.02,78.0,Mujer,Soltero,Urbana,Antioquia,Bachillerato,Posgrado,Publico,Universitario,Presencial,"Economia, administracion, contaduria y afines",7.0,2.0,2022,0.0,0.0,0.0,En curso
20.0,3.7,1.0,9.52,74.0,Hombre,Soltero,Rural,Santander,Bachillerato,Tecnico,Publico,Universitario,Presencial,"Economia, administracion, contaduria y afines",11.0,2.0,2022,0.0,0.0,1.0,Graduado
19.0,3.78,2.0,7.48,72.0,Hombre,Soltero,Urbana,Cundinamarca,Bachillerato,Bachillerato,Privado,Universitario,Presencial,"Economia, administracion, contaduria y afines",2.0,3.0,2022,1.0,0.0,0.0,En curso
17.0,3.66,0.0,7.6,57.0,Mujer,Soltero,Urbana,Cundinamarca,Bachillerato,Bachillerato,Publico,Universitario,Presencial,Matematicas y ciencias naturales,4.0,2.0,2025,0.0,0.0,0.0,En curso
15.0,3.04,1.0,4.73,45.0,Hombre,Soltero,Urbana,Bogotá D.C.,Primaria,Primaria,Privado,Tecnologico,Presencial,Ciencias de la salud,9.0,3.0,2023,1.0,0.0,1.0,Graduado
22.0,3.74,1.0,11.24,60.0,Hombre,Soltero,Rural,Bogotá D.C.,Primaria,Primaria,Privado,Tecnologico,Distancia tradicional,"Ingenieria, arquitectura, urbanismo y afines",3.0,2.0,2024,0.0,0.0,0.0,En curso
18.0,1.42,4.0,6.62,6.0,Hombre,Soltero,Urbana,Caldas,Ninguno,Universitario,Publico,Tecnologico,Presencial,"Ingenieria, arquitectura, urbanismo y afines",9.0,2.0,2024,0.0,1.0,0.0,Desertor
18.0,3.95,1.0,24.53,48.0,Hombre,Union libre,Urbana,Bogotá D.C.,Bachillerato,Primaria,Privado,Universitario,Presencial,Ciencias de la educacion,2.0,3.0,2023,0.0,0.0,0.0,En curso
19.0,4.0,1.0,4.84,61.0,Mujer,Soltero,Urbana,Caldas,Primaria,Tecnico,Publico,Tecnico profesional,Distancia tradicional,"Economia, administracion, contaduria y afines",5.0,3.0,2022,1.0,0.0,0.0,Graduado
17.0,3.1,1.0,3.74,55.0,Mujer,Soltero,Urbana,Bogotá D.C.,Universitario,Tecnico,Publico,Tecnologico,Virtual,Ciencias de la educacion,10.0,1.0,2024,1.0,0.0,0.0,Graduado
19.0,4.59,0.0,11.2,61.0,Hombre,Casado,Urbana,Valle del Cauca,Primaria,Universitario,Privado,Universitario,Presencial,"Ingenieria, arquitectura, urbanismo y afines",6.0,3.0,2025,0.0,0.0,0.0,En curso
17.0,3.89,1.0,23.57,72.0,Hombre,Soltero,Urbana,Sucre,Bachillerato,Tecnico,Publico,Universitario,Presencial,"Economia, administracion, contaduria y afines",2.0,1.0,2021,0.0,0.0,0.0,En curso
19.0,3.03,1.0,1.73,50.0,Mujer,Soltero,Urbana,Antioquia,Primaria,Bachillerato,Privado,Universitario,Distancia tradicional,Ciencias de la educacion,1.0,6.0,2023,0.0,1.0,0.0,En curso
24.0,4.34,0.0,12.46,56.0,Hombre,Soltero,Urbana,Valle del Cauca,Primaria,Bachillerato,Privado,Tecnologico,Presencial,"Ingenieria, arquitectura, urbanismo y afines",5.0,2.0,2024,0.0,0.0,0.0,En curso
22.0,3.13,4.0,12.64,50.0,Mujer,Union libre,Urbana,Cauca,Universitario,Bachillerato,Privado,Tecnologico,Distancia tradicional,Bellas artes,5.0,2.0,2024,0.0,0.0,1.0,Desertor
15.0,3.81,0.0,3.33,85.0,Hombre,Union libre,Urbana,Caldas,Primaria,Primaria,Privado,Tecnico profesional,Distancia tradicional,"Economia, administracion, contaduria y afines",2.0,6.0,2021,1.0,0.0,0.0,En curso
24.0,3.84,1.0,38.6,73.0,Mujer,Soltero,Urbana,Sucre,Bachillerato,Bachillerato,Privado,Universitario,Distancia tradicional,Ciencias sociales y humanas,2.0,5.0,2022,0.0,1.0,0.0,En curso
23.0,3.67,0.0,22.46,68.0,Mujer,Union libre,Urbana,Chocó,Universitario,Bachillerato,Privado,Universitario,Virtual,"Ingenieria, arquitectura, urbanismo y afines",5.0,2.0,2023,0.0,0.0,0.0,Desertor
16.0,4.09,0.0,4.28,71.0,Hombre,Soltero,Urbana,Antioquia,Primaria,Bachillerato,Publico,Tecnologico,Presencial,Ciencias sociales y humanas,9.0,4.0,2021,0.0,0.0,0.0,Graduado
16.0,3.07,2.0,8.72,57.0,Hombre,Soltero,Urbana,Córdoba,Bachillerato,Bachillerato,Publico,Tecnico profesional,Presencial,"Economia, administracion, contaduria y afines",2.0,1.0,2023,1.0,0.0,0.0,En curso
19.0,3.1,1.0,7.09,34.0,Hombre,Soltero,Urbana,Bolívar,Ninguno,Tecnico,Privado,Tecnologico,Presencial,Ciencias de la salud,10.0,6.0,2021,0.0,0.0,0.0,Graduado
24.0,4.25,0.0,15.7,70.0,Mujer,Union libre,Urbana,Cauca,Bachillerato,Primaria,Publico,Tecnologico,Presencial,Ciencias sociales y humanas,5.0,2.0,2025,0.0,0.0,0.0,En curso
22.0,2.94,1.0,5.57,38.0,Hombre,Casado,Urbana,Casanare,Ninguno,Bachillerato,Privado,Universitario,Presencial,Ciencias sociales y humanas,6.0,2.0,2025,1.0,1.0,1.0,Desertor
15.0,3.98,0.0,7.65,71.0,Hombre,Soltero,Urbana,Nariño,Primaria,Tecnico,Privado,Universitario,Presencial,"Economia, administracion, contaduria y afines",3.0,2.0,2022,0.0,0.0,0.0,En curso
19.0,3.49,0.0,24.5,53.0,Mujer,Soltero,Urbana,Bogotá D.C.,Bachillerato,Bachillerato,Publico,Tecnico profesional,Distancia tradicional,"Ingenieria, arquitectura, urbanismo y afines",11.0,3.0,2022,0.0,0.0,0.0,Desertor
17.0,3.91,1.0,4.33,48.0,Hombre,Casado,Urbana,Antioquia,Primaria,Bachillerato,Publico,Universitario,Distancia tradicional,Ciencias sociales y humanas,7.0,1.0,2024,0.0,0.0,0.0,En curso
22.0,3.32,2.0,9.63,54.0,Hombre,Soltero,Urbana,Sucre,Bachillerato,Bachillerato,Privado,Tecnologico,Presencial,"Economia, administracion, contaduria y afines",1.0,3.0,2025,0.0,0.0,0.0,En curso
22.0,1.79,3.0,6.37,15.0,Hombre,Soltero,Urbana,Cundinamarca,Bachillerato,Bachillerato,Privado,Universitario,Distancia tradicional,"Ingenieria, arquitectura, urbanismo y afines",9.0,2.0,2023,1.0,0.0,0.0,Desertor
18.0,3.9,1.0,3.87,81.0,Hombre,Soltero,Urbana,Magdalena,Bachillerato,Posgrado,Privado,Universitario,Virtual,"Economia, administracion, contaduria y afines",6.0,3.0,2025,0.0,0.0,0.0,En curso
17.0,3.11,0.0,6.45,37.0,Mujer,Soltero,Urbana,Atlántico,Primaria,Universitario,Publico,Universitario,Presencial,"Economia, administracion, contaduria y afines",6.0,4.0,2024,0.0,1.0,1.0,En curso
20.0,4.34,0.0,15.45,46.0,Mujer,Soltero,Urbana,Cundinamarca,Universitario,Bachillerato,Privado,Universitario,Presencial,Ciencias de la salud,10.0,3.0,2024,1.0,0.0,0.0,Graduado
19.0,4.23,0.0,6.99,75.0,Hombre,Soltero,Urbana,Cundinamarca,Universitario,Primaria,Publico,Universitario,Distancia tradicional,"Economia, administracion, contaduria y afines",2.0,3.0,2022,1.0,0.0,0.0,En curso
18.0,3.87,0.0,19.93,40.0,Hombre,Soltero,Urbana,Atlántico,Bachillerato,Primaria,Publico,Universitario,Presencial,"Ingenieria, arquitectura, urbanismo y afines",8.0,2.0,2022,0.0,0.0,0.0,En curso
22.0,3.24,1.0,8.25,68.0,Mujer,Soltero,Urbana,Sucre,Bachillerato,Tecnico,Publico,Universitario,Presencial,Matematicas y ciencias naturales,9.0,2.0,2022,1.0,0.0,0.0,En curso
21.0,3.8,0.0,16.75,68.0,Hombre,Soltero,Urbana,Antioquia,Bachillerato,Primaria,Publico,Tecnologico,Presencial,Ciencias de la educacion,8.0,2.0,2024,0.0,1.0,0.0,Graduado
22.0,3.1,3.0,3.71,46.0,Hombre,Soltero,Urbana,Norte de Santander,Universitario,Primaria,Privado,Universitario,Presencial,Ciencias sociales y humanas,3.0,2.0,2023,1.0,0.0,0.0,En curso
18.0,2.66,5.0,20.73,56.0,Mujer,Soltero,Urbana,Antioquia,Tecnico,Tecnico,Publico,Universitario,Virtual,Ciencias sociales y humanas,11.0,3.0,2021,0.0,0.0,1.0,Graduado
15.0,4.64,0.0,3.93,85.0,Hombre,Soltero,Rural,Meta,Primaria,Bachillerato,Privado,Universitario,Presencial,"Ingenieria, arquitectura, urbanismo y afines",12.0,6.0,2022,1.0,0.0,0.0,Graduado
21.0,3.65,2.0,6.69,56.0,Hombre,Soltero,Urbana,Antioquia,Tecnico,Bachillerato,Privado,Universitario,Distancia tradicional,"Economia, administracion, contaduria y afines",12.0,2.0,2025,0.0,0.0,0.0,Graduado
25.0,2.19,4.0,10.25,19.0,Hombre,Soltero,Urbana,Magdalena,Ninguno,Universitario,Publico,Universitario,Presencial,"Economia, administracion, contaduria y afines",5.0,2.0,2022,0.0,0.0,1.0,Desertor
17.0,4.13,1.0,1.8,72.0,Hombre,Soltero,Rural,Nariño,Primaria,Bachillerato,Publico,Tecnologico,Presencial,Ciencias de la salud,9.0,2.0,2023,1.0,0.0,1.0,Graduado
15.0,3.93,1.0,13.04,64.0,Mujer,Soltero,Urbana,Valle del Cauca,Ninguno,Primaria,Publico,Universitario,Distancia tradicional,"Economia, administracion, contaduria y afines",9.0,2.0,2023,0.0,0.0,0.0,Graduado
21.0,3.44,0.0,1.1,58.0,Mujer,Union libre,Rural,Huila,Bachillerato,Primaria,Privado,Universitario,Presencial,Bellas artes,7.0,4.0,2021,0.0,0.0,0.0,En curso
21.0,2.86,0.0,32.57,58.0,Hombre,Soltero,Urbana,Magdalena,Bachillerato,Bachillerato,Privado,Universitario,Presencial,"Ingenieria, arquitectura, urbanismo y afines",6.0,3.0,2025,1.0,0.0,0.0,En curso
19.0,3.21,1.0,16.89,29.0,Hombre,Union libre,Urbana,Santander,Tecnico,Posgrado,Privado,Universitario,Presencial,"Ingenieria, arquitectura, urbanismo y afines",12.0,1.0,2021,1.0,1.0,0.0,Desertor
15.0,3.68,1.0,4.43,75.0,Hombre,Soltero,Urbana,Cundinamarca,Bachillerato,Bachillerato,Privado,Tecnico profesional,Presencial,Ciencias de la salud,7.0,4.0,2023,1.0,1.0,0.0,Graduado
16.0,3.68,1.0,4.23,76.0,Hombre,Soltero,Urbana,Cundinamarca,Ninguno,Universitario,Publico,Tecnico profesional,Presencial,"Economia, administracion, contaduria y afines",3.0,2.0,2024,1.0,0.0,0.0,En curso
20.0,3.28,1.0,4.78,72.0,Hombre,Soltero,Urbana,Bolívar,Primaria,Bachillerato,Publico,Tecnologico,Distancia tradicional,Ciencias de la salud,12.0,4.0,2023,1.0,1.0,1.0,Graduado
26.0,4.67,0.0,26.6,91.0,Mujer,Soltero,Urbana,Bogotá D.C.,Primaria,Universitario,Publico,Tecnico profesional,Presencial,Ciencias sociales y humanas,3.0,3.0,2024,1.0,1.0,1.0,En curso
23.0,4.04,0.0,4.44,62.0,Mujer,Soltero,Rural,Valle del Cauca,Bachillerato,Posgrado,Privado,Tecnologico,Distancia tradicional,"Economia, administracion, contaduria y afines",9.0,3.0,2022,1.0,1.0,0.0,Graduado
18.0,3.44,1.0,11.59,71.0,Hombre,Soltero,Urbana,Quindío,Universitario,Primaria,Privado,Tecnologico,Distancia tradicional,Ciencias sociales y humanas,10.0,2.0,2024,0.0,0.0,0.0,Graduado
18.0,3.93,1.0,41.05,71.0,Hombre,Soltero,Urbana,Bogotá D.C.,Ninguno,Ninguno,Privado,Tecnologico,Presencial,"Ingenieria, arquitectura, urbanismo y afines",3.0,3.0,2023,0.0,0.0,0.0,En curso
18.0,3.86,1.0,9.8,65.0,Mujer,Casado,Urbana,Bolívar,Tecnico,Bachillerato,Privado,Universitario,Distancia tradicional,Ciencias sociales y humanas,1.0,4.0,2024,0.0,0.0,0.0,En curso
19.0,3.12,3.0,53.09,73.0,Mujer,Soltero,Urbana,Santander,Bachillerato,Posgrado,Publico,Universitario,Presencial,"Ingenieria, arquitectura, urbanismo y afines",11.0,2.0,2022,1.0,0.0,0.0,Graduado
19.0,2.22,5.0,14.05,28.0,Hombre,Soltero,Urbana,Bogotá D.C.,Bachillerato,Tecnico,Publico,Tecnologico,Virtual,Ciencias sociales y humanas,3.0,1.0,2021,0.0,0.0,0.0,Desertor
17.0,3.78,3.0,6.11,35.0,Mujer,Soltero,Urbana,Cauca,Universitario,Universitario,Privado,Tecnico profesional,Virtual,Ciencias sociales y humanas,6.0,3.0,2024,0.0,0.0,0.0,Graduado
18.0,4.58,0.0,3.9,79.0,Mujer,Soltero,Urbana,Bogotá D.C.,Bachillerato,Primaria,Privado,Universitario,Presencial,"Economia, administracion, contaduria y afines",3.0,3.0,2025,0.0,0.0,0.0,En curso
25.0,3.71,0.0,1.66,49.0,Mujer,Union libre,Urbana,Bolívar,Universitario,Bachillerato,Privado,Tecnologico,Presencial,"Ingenieria, arquitectura, urbanismo y afines",3.0,3.0,2025,1.0,0.0,1.0,En curso
18.0,3.3,0.0,20.76,48.0,Mujer,Soltero,Urbana,Tolima,Bachillerato,Ninguno,Publico,Tecnologico,Presencial,"Economia, administracion, contaduria y afines",3.0,3.0,2025,0.0,0.0,0.0,En curso
20.0,3.24,1.0,10.05,51.0,Mujer,Soltero,Urbana,Bogotá D.C.,Bachillerato,Tecnico,Privado,Tecnico profesional,Presencial,Bellas artes,9.0,3.0,2023,0.0,0.0,0.0,Graduado
20.0,3.79,2.0,16.0,97.0,Mujer,Union libre,Urbana,Nariño,Universitario,Primaria,Publico,Universitario,Virtual,"Economia, administracion, contaduria y afines",7.0,3.0,2023,1.0,1.0,0.0,En curso
21.0,3.86,2.0,16.09,70.0,Mujer,Union libre,Urbana,Huila,Ninguno,Tecnico,Publico,Tecnologico,Virtual,"Economia, administracion, contaduria y afines",4.0,1.0,2021,1.0,0.0,0.0,En curso
25.0,2.43,1.0,1.87,38.0,Hombre,Soltero,Rural,Caquetá,Primaria,Posgrado,Publico,Tecnologico,Presencial,Ciencias de la salud,9.0,4.0,2021,0.0,0.0,1.0,Desertor
15.0,3.19,1.0,7.44,47.0,Hombre,Soltero,Rural,Bogotá D.C.,Bachillerato,Bachillerato,Privado,Universitario,Presencial,"Economia, administracion, contaduria y afines",1.0,1.0,2023,1.0,0.0,0.0,Desertor
18.0,3.93,0.0,10.71,73.0,Mujer,Soltero,Rural,Córdoba,Universitario,Bachillerato,Privado,Universitario,Presencial,Bellas artes,1.0,2.0,2025,0.0,0.0,1.0,En curso
16.0,2.89,2.0,17.34,72.0,Hombre,Soltero,Urbana,Cauca,Universitario,Bachillerato,Publico,Universitario,Distancia tradicional,Bellas artes,1.0,2.0,2022,0.0,0.0,0.0,Desertor
18.0,2.83,3.0,14.92,28.0,Mujer,Soltero,Urbana,Bogotá D.C.,Bachillerato,Primaria,Publico,Universitario,Distancia tradicional,"Economia, administracion, contaduria y afines",1.0,4.0,2025,0.0,0.0,0.0,Desertor
17.0,3.96,1.0,2.48,52.0,Mujer,Union libre,Urbana,Cauca,Tecnico,Universitario,Publico,Tecnico profesional,Presencial,"Ingenieria, arquitectura, urbanismo y afines",11.0,2.0,2024,1.0,0.0,0.0,Graduado
21.0,3.16,1.0,10.14,46.0,Mujer,Soltero,Urbana,Valle del Cauca,Bachillerato,Tecnico,Publico,Universitario,Virtual,"Ingenieria, arquitectura, urbanismo y afines",7.0,2.0,2023,0.0,0.0,0.0,Desertor
18.0,2.3,3.0,7.68,40.0,Hombre,Union libre,Urbana,Bogotá D.C.,Bachillerato,Universitario,Privado,Tecnologico,Distancia tradicional,"Economia, administracion, contaduria y afines",6.0,3.0,2024,1.0,0.0,1.0,En curso
18.0,2.74,1.0,10.97,45.0,Hombre,Casado,Urbana,Valle del Cauca,Universitario,Primaria,Privado,Universitario,Presencial,"Ingenieria, arquitectura, urbanismo y afines",11.0,3.0,2023,1.0,0.0,0.0,Desertor
20.0,4.38,0.0,20.23,97.0,Mujer,Soltero,Urbana,Magdalena,Universitario,Bachillerato,Privado,Universitario,Presencial,"Economia, administracion, contaduria y afines",3.0,1.0,2025,1.0,0.0,0.0,En curso
22.0,2.94,1.0,4.14,52.0,Hombre,Soltero,Rural,Bogotá D.C.,Bachillerato,Universitario,Publico,Tecnologico,Presencial,"Ingenieria, arquitectura, urbanismo y afines",5.0,3.0,2024,0.0,0.0,1.0,En curso
22.0,3.73,0.0,3.73,53.0,Mujer,Soltero,Urbana,Caldas,Primaria,Primaria,Privado,Universitario,Virtual,"Economia, administracion, contaduria y afines",7.0,1.0,2025,1.0,0.0,0.0,En curso
19.0,3.71,2.0,12.87,59.0,Mujer,Union libre,Urbana,Atlántico,Ninguno,Universitario,Privado,Universitario,Presencial,"Economia, administracion, contaduria y afines",10.0,2.0,2022,0.0,0.0,0.0,En curso
19.0,2.74,2.0,12.68,41.0,Hombre,Soltero,Urbana,Caquetá,Bachillerato,Primaria,Privado,Tecnologico,Presencial,"Economia, administracion, contaduria y afines",12.0,2.0,2021,0.0,0.0,0.0,Graduado
16.0,3.61,0.0,2.79,55.0,Hombre,Soltero,Rural,Bogotá D.C.,Primaria,Universitario,Publico,Universitario,Distancia tradicional,"Ingenieria, arquitectura, urbanismo y afines",12.0,2.0,2021,0.0,0.0,0.0,Graduado
20.0,2.63,1.0,11.04,25.0,Hombre,Union libre,Urbana,Valle del Cauca,Bachillerato,Universitario,Privado,Universitario,Presencial,"Ingenieria, arquitectura, urbanismo y afines",6.0,2.0,2024,0.0,0.0,0.0,Desertor
18.0,4.29,0.0,2.81,70.0,Mujer,Soltero,Urbana,Cauca,Universitario,Primaria,Privado,Universitario,Presencial,"Ingenieria, arquitectura, urbanismo y afines",10.0,3.0,2023,0.0,1.0,0.0,Graduado
22.0,3.14,2.0,8.23,69.0,Hombre,Union libre,Urbana,Antioquia,Bachillerato,Primaria,Publico,Tecnologico,Presencial,"Agronomia, veterinaria y afines",6.0,4.0,2024,1.0,0.0,0.0,Graduado
20.0,3.23,1.0,11.94,51.0,Hombre,Soltero,Rural,Antioquia,Primaria,Bachillerato,Publico,Tecnico profesional,Presencial,"Ingenieria, arquitectura, urbanismo y afines",5.0,3.0,2022,1.0,0.0,0.0,Desertor
16.0,3.67,0.0,3.91,62.0,Mujer,Union libre,Urbana,Cundinamarca,Tecnico,Universitario,Privado,Universitario,Presencial,Ciencias de la educacion,1.0,2.0,2023,1.0,0.0,0.0,En curso
23.0,3.2,1.0,15.82,76.0,Mujer,Soltero,Urbana,Bogotá D.C.,Primaria,Primaria,Privado,Universitario,Virtual,Ciencias de la educacion,11.0,2.0,2023,1.0,0.0,0.0,Graduado
18.0,4.33,0.0,6.11,75.0,Hombre,Casado,Urbana,Valle del Cauca,Tecnico,Tecnico,Privado,Tecnologico,Distancia tradicional,Ciencias de la educacion,7.0,2.0,2025,1.0,0.0,0.0,Graduado
24.0,3.47,0.0,2.51,57.0,Mujer,Soltero,Urbana,Córdoba,Primaria,Ninguno,Privado,Tecnologico,Presencial,"Economia, administracion, contaduria y afines",10.0,3.0,2024,1.0,1.0,0.0,Desertor
21.0,3.81,1.0,7.85,54.0,Mujer,Soltero,Urbana,Nariño,Bachillerato,Bachillerato,Publico,Tecnologico,Distancia tradicional,Ciencias sociales y humanas,6.0,1.0,2025,1.0,0.0,0.0,Desertor
19.0,4.38,0.0,0.79,59.0,Mujer,Soltero,Urbana,Meta,Universitario,Tecnico,Privado,Universitario,Presencial,"Ingenieria, arquitectura, urbanismo y afines",4.0,3.0,2025,0.0,0.0,0.0,En curso
20.0,2.64,2.0,2.49,58.0,Mujer,Soltero,Urbana,Antioquia,Bachillerato,Posgrado,Privado,Tecnologico,Presencial,"Ingenieria, arquitectura, urbanismo y afines",2.0,3.0,2023,0.0,0.0,1.0,En curso
16.0,2.91,2.0,1.62,77.0,Mujer,Union libre,Urbana,Bogotá D.C.,Primaria,Universitario,Publico,Tecnologico,Presencial,Ciencias de la salud,8.0,1.0,2024,0.0,0.0,0.0,Graduado
26.0,3.04,3.0,10.03,44.0,Hombre,Union libre,Urbana,Córdoba,Bachillerato,Universitario,Publico,Universitario,Virtual,Ciencias de la salud,7.0,4.0,2022,1.0,0.0,1.0,En curso
16.0,3.97,0.0,1.3,60.0,Mujer,Soltero,Urbana,Magdalena,Bachillerato,Bachillerato,Privado,Universitario,Presencial,"Agronomia, veterinaria y afines",7.0,4.0,2025,0.0,0.0,0.0,En curso
17.0,2.22,4.0,9.65,53.0,Hombre,Soltero,Urbana,Cundinamarca,Primaria,Tecnico,Privado,Tecnologico,Presencial,Ciencias de la salud,11.0,3.0,2025,1.0,0.0,0.0,Desertor
20.0,3.17,0.0,10.54,35.0,Mujer,Union libre,Rural,Atlántico,Bachillerato,Bachillerato,Publico,Universitario,Presencial,Ciencias sociales y humanas,10.0,2.0,2022,0.0,0.0,0.0,Desertor
20.0,3.4,0.0,12.59,60.0,Hombre,Soltero,Urbana,Atlántico,Primaria,Primaria,Publico,Universitario,Presencial,"Economia, administracion, contaduria y afines",6.0,4.0,2024,0.0,1.0,0.0,En curso
20.0,3.21,1.0,3.8,54.0,Hombre,Casado,Urbana,Antioquia,Bachillerato,Bachillerato,Publico,Tecnologico,Virtual,"Economia, administracion, contaduria y afines",6.0,3.0,2024,1.0,0.0,0.0,Desertor
22.0,3.29,1.0,1.71,73.0,Hombre,Soltero,Urbana,Bogotá D.C.,Bachillerato,Primaria,Publico,Tecnologico,Presencial,"Ingenieria, arquitectura, urbanismo y afines",10.0,3.0,2025,0.0,0.0,0.0,Graduado
22.0,3.7,1.0,6.2,65.0,Hombre,Soltero,Urbana,Antioquia,Primaria,Bachillerato,Privado,Universitario,Virtual,Ciencias de la educacion,1.0,3.0,2024,0.0,1.0,0.0,Desertor
22.0,3.72,0.0,14.86,73.0,Hombre,Soltero,Urbana,Magdalena,Tecnico,Primaria,Privado,Tecnologico,Presencial,"Economia, administracion, contaduria y afines",9.0,2.0,2025,0.0,0.0,0.0,Graduado
26.0,3.71,1.0,2.2,66.0,Hombre,Soltero,Urbana,Quindío,Tecnico,Universitario,Privado,Tecnologico,Presencial,Ciencias sociales y humanas,11.0,4.0,2024,0.0,0.0,0.0,Graduado
16.0,3.91,1.0,28.35,83.0,Mujer,Soltero,Rural,Antioquia,Universitario,Primaria,Privado,Universitario,Presencial,Ciencias de la salud,11.0,4.0,2025,0.0,1.0,0.0,Graduado
16.0,3.93,1.0,7.05,82.0,Mujer,Soltero,Urbana,Arauca,Tecnico,Tecnico,Publico,Universitario,Distancia tradicional,Ciencias sociales y humanas,5.0,2.0,2023,1.0,0.0,1.0,En curso
22.0,2.53,1.0,3.81,25.0,Hombre,Soltero,Urbana,Valle del Cauca,Tecnico,Bachillerato,Privado,Tecnologico,Presencial,"Agronomia, veterinaria y afines",8.0,1.0,2021,0.0,0.0,0.0,Graduado
20.0,3.25,0.0,15.32,40.0,Mujer,Soltero,Urbana,Bogotá D.C.,Bachillerato,Tecnico,Publico,Universitario,Virtual,"Economia, administracion, contaduria y afines",11.0,5.0,2023,0.0,0.0,0.0,Graduado
17.0,2.94,0.0,21.11,39.0,Mujer,Soltero,Urbana,Cundinamarca,Universitario,Posgrado,Privado,Universitario,Distancia tradicional,Ciencias de la educacion,7.0,2.0,2022,0.0,0.0,0.0,En curso
22.0,2.91,0.0,12.98,42.0,Hombre,Soltero,Urbana,Caquetá,Primaria,Universitario,Publico,Universitario,Presencial,"Economia, administracion, contaduria y afines",12.0,2.0,2024,1.0,0.0,0.0,Graduado
20.0,3.15,0.0,15.61,61.0,Hombre,Soltero,Urbana,Antioquia,Universitario,Primaria,Publico,Tecnologico,Presencial,Ciencias sociales y humanas,7.0,4.0,2023,1.0,0.0,1.0,Graduado
18.0,3.82,0.0,11.48,75.0,Hombre,Union libre,Urbana,Cundinamarca,Tecnico,Primaria,Publico,Universitario,Presencial,"Economia, administracion, contaduria y afines",10.0,4.0,2024,0.0,0.0,1.0,Graduado
29.0,2.89,3.0,2.65,57.0,Mujer,Soltero,Urbana,Bogotá D.C.,Primaria,Posgrado,Privado,Universitario,Presencial,"Ingenieria, arquitectura, urbanismo y afines",9.0,2.0,2025,0.0,0.0,1.0,Desertor
20.0,3.94,0.0,3.86,55.0,Mujer,Casado,Urbana,Nariño,Universitario,Primaria,Privado,Tecnologico,Presencial,Ciencias de la salud,10.0,3.0,2022,1.0,0.0,0.0,Graduado
20.0,4.41,0.0,31.03,89.0,Mujer,Soltero,Rural,Chocó,Universitario,Bachillerato,Privado,Universitario,Distancia tradicional,"Ingenieria, arquitectura, urbanismo y afines",3.0,3.0,2021,1.0,0.0,0.0,En curso
21.0,2.83,2.0,1.33,25.0,Mujer,Soltero,Urbana,Tolima,Primaria,Bachillerato,Privado,Universitario,Presencial,Ciencias sociales y humanas,4.0,5.0,2024,0.0,0.0,1.0,En curso
24.0,4.22,0.0,1.8,69.0,Mujer,Soltero,Urbana,Bolívar,Primaria,Primaria,Privado,Universitario,Distancia tradicional,"Ingenieria, arquitectura, urbanismo y afines",3.0,2.0,2025,0.0,0.0,1.0,En curso
15.0,3.15,0.0,3.58,47.0,Hombre,Soltero,Urbana,Córdoba,Bachillerato,Bachillerato,Publico,Tecnico profesional,Presencial,Ciencias de la salud,10.0,5.0,2022,1.0,0.0,0.0,Graduado
17.0,2.33,5.0,2.27,33.0,Mujer,Soltero,Urbana,Antioquia,Primaria,Primaria,Privado,Universitario,Presencial,"Ingenieria, arquitectura, urbanismo y afines",11.0,3.0,2023,1.0,0.0,0.0,Desertor
17.0,3.48,0.0,15.96,65.0,Hombre,Soltero,Urbana,Bogotá D.C.,Tecnico,Bachillerato,Publico,Tecnologico,Distancia tradicional,"Ingenieria, arquitectura, urbanismo y afines",4.0,1.0,2022,1.0,0.0,0.0,En curso
15.0,2.87,1.0,13.01,46.0,Hombre,Soltero,Rural,Bogotá D.C.,Bachillerato,Bachillerato,Publico,Tecnologico,Presencial,"Economia, administracion, contaduria y afines",5.0,3.0,2023,1.0,0.0,0.0,Graduado
20.0,3.35,5.0,53.34,49.0,Hombre,Soltero,Urbana,La Guajira,Bachillerato,Bachillerato,Privado,Universitario,Distancia tradicional,"Ingenieria, arquitectura, urbanismo y afines",1.0,1.0,2023,1.0,0.0,0.0,Desertor
15.0,3.51,0.0,2.78,45.0,Mujer,Otro,Urbana,Antioquia,Tecnico,Bachillerato,Privado,Universitario,Presencial,"Economia, administracion, contaduria y afines",2.0,3.0,2025,0.0,0.0,0.0,En curso
18.0,4.21,0.0,2.55,79.0,Mujer,Soltero,Urbana,Cundinamarca,Ninguno,Primaria,Publico,Universitario,Presencial,"Economia, administracion, contaduria y afines",1.0,1.0,2023,0.0,0.0,0.0,En curso
22.0,4.22,2.0,5.38,77.0,Mujer,Soltero,Urbana,Cundinamarca,Bachillerato,Posgrado,Publico,Tecnologico,Presencial,Bellas artes,1.0,1.0,2023,0.0,0.0,0.0,En curso
18.0,3.66,0.0,3.0,64.0,Hombre,Union libre,Urbana,Caldas,Primaria,Bachillerato,Publico,Universitario,Distancia tradicional,Ciencias de la salud,6.0,4.0,2022,1.0,0.0,0.0,En curso
22.0,2.68,1.0,9.17,36.0,Hombre,Soltero,Urbana,Antioquia,Primaria,Posgrado,Privado,Universitario,Presencial,"Ingenieria, arquitectura, urbanismo y afines",4.0,5.0,2022,0.0,0.0,0.0,Desertor
16.0,3.13,0.0,14.4,41.0,Mujer,Union libre,Urbana,Antioquia,Bachillerato,Tecnico,Publico,Universitario,Presencial,"Ingenieria, arquitectura, urbanismo y afines",1.0,2.0,2023,0.0,0.0,0.0,En curso
20.0,3.17,0.0,3.21,61.0,Hombre,Soltero,Urbana,Huila,Primaria,Bachillerato,Privado,Tecnico profesional,Presencial,Ciencias sociales y humanas,6.0,3.0,2022,1.0,1.0,0.0,Graduado
20.0,3.78,1.0,12.1,100.0,Hombre,Soltero,Urbana,Atlántico,Bachillerato,Bachillerato,Privado,Tecnologico,Virtual,"Economia, administracion, contaduria y afines",8.0,2.0,2025,0.0,0.0,0.0,Graduado
18.0,3.91,0.0,2.94,72.0,Hombre,Soltero,Urbana,Córdoba,Tecnico,Tecnico,Privado,Tecnologico,Presencial,"Ingenieria, arquitectura, urbanismo y afines",9.0,4.0,2024,0.0,1.0,0.0,Graduado
22.0,2.41,3.0,11.44,26.0,Mujer,Union libre,Rural,Magdalena,Tecnico,Primaria,Privado,Tecnico profesional,Presencial,"Ingenieria, arquitectura, urbanismo y afines",1.0,4.0,2023,0.0,0.0,0.0,Desertor
22.0,4.62,0.0,5.28,83.0,Mujer,Soltero,Urbana,Caldas,Primaria,Bachillerato,Privado,Universitario,Presencial,"Economia, administracion, contaduria y afines",5.0,1.0,2022,0.0,1.0,1.0,En curso
22.0,3.84,0.0,7.21,71.0,Hombre,Soltero,Urbana,Valle del Cauca,Bachillerato,Primaria,Privado,Universitario,Presencial,Ciencias sociales y humanas,5.0,2.0,2025,0.0,0.0,0.0,En curso
16.0,3.41,3.0,3.66,73.0,Mujer,Soltero,Urbana,Santander,Bachillerato,Posgrado,Privado,Tecnologico,Distancia tradicional,"Economia, administracion, contaduria y afines",12.0,3.0,2023,0.0,1.0,0.0,Graduado
18.0,2.53,1.0,39.62,28.0,Mujer,Soltero,Rural,Bogotá D.C.,Tecnico,Primaria,Privado,Tecnologico,Presencial,Bellas artes,12.0,3.0,2024,0.0,0.0,1.0,Desertor
22.0,2.33,1.0,10.95,21.0,Mujer,Union libre,Urbana,Valle del Cauca,Ninguno,Ninguno,Privado,Universitario,Presencial,"Economia, administracion, contaduria y afines",11.0,4.0,2024,1.0,0.0,0.0,Desertor
20.0,4.32,0.0,3.62,54.0,Mujer,Soltero,Urbana,Bolívar,Primaria,Bachillerato,Publico,Tecnologico,Presencial,Ciencias sociales y humanas,6.0,2.0,2023,1.0,0.0,0.0,Desertor
22.0,2.65,6.0,2.71,43.0,Hombre,Soltero,Urbana,Boyacá,Universitario,Universitario,Privado,Universitario,Presencial,Bellas artes,10.0,4.0,2025,0.0,0.0,0.0,En curso
19.0,3.22,0.0,5.47,57.0,Mujer,Soltero,Urbana,Bogotá D.C.,Bachillerato,Primaria,Publico,Universitario,Presencial,"Ingenieria, arquitectura, urbanismo y afines",12.0,2.0,2022,0.0,1.0,1.0,Desertor
25.0,2.2,1.0,2.26,52.0,Mujer,Soltero,Urbana,Antioquia,Universitario,Primaria,Publico,Universitario,Presencial,Ciencias de la salud,10.0,2.0,2025,0.0,1.0,0.0,Desertor
17.0,3.96,0.0,6.48,68.0,Mujer,Soltero,Urbana,Cundinamarca,Primaria,Tecnico,Privado,Universitario,Presencial,"Ingenieria, arquitectura, urbanismo y afines",12.0,2.0,2023,1.0,0.0,0.0,Graduado
23.0,2.4,3.0,5.02,25.0,Mujer,Soltero,Urbana,Sucre,Primaria,Primaria,Privado,Tecnico profesional,Presencial,"Ingenieria, arquitectura, urbanismo y afines",8.0,3.0,2023,0.0,0.0,1.0,Desertor
20.0,3.08,1.0,1.3,31.0,Mujer,Soltero,Urbana,Antioquia,Primaria,Posgrado,Publico,Tecnico profesional,Presencial,Ciencias de la salud,11.0,5.0,2023,0.0,0.0,0.0,Desertor
20.0,3.29,3.0,14.13,57.0,Mujer,Union libre,Urbana,Quindío,Universitario,Bachillerato,Privado,Tecnologico,Presencial,Ciencias de la educacion,12.0,2.0,2025,0.0,0.0,1.0,Graduado
18.0,2.36,0.0,3.07,23.0,Mujer,Soltero,Rural,Antioquia,Primaria,Posgrado,Privado,Universitario,Presencial,Ciencias sociales y humanas,2.0,2.0,2023,1.0,0.0,0.0,En curso
18.0,3.54,1.0,28.96,39.0,Hombre,Soltero,Urbana,Cundinamarca,Ninguno,Primaria,Privado,Tecnologico,Presencial,Ciencias de la educacion,1.0,3.0,2024,1.0,0.0,1.0,Desertor
19.0,2.73,4.0,2.75,47.0,Hombre,Soltero,Urbana,Santander,Universitario,Primaria,Publico,Universitario,Distancia tradicional,Ciencias sociales y humanas,11.0,6.0,2022,0.0,0.0,0.0,Desertor
19.0,3.64,1.0,9.15,73.0,Mujer,Soltero,Urbana,Valle del Cauca,Primaria,Primaria,Privado,Tecnico profesional,Presencial,Ciencias de la educacion,2.0,1.0,2023,1.0,0.0,1.0,En curso
21.0,3.58,1.0,21.03,72.0,Mujer,Soltero,Rural,Caldas,Tecnico,Universitario,Publico,Tecnico profesional,Presencial,"Agronomia, veterinaria y afines",12.0,2.0,2025,1.0,0.0,0.0,Graduado
19.0,3.3,0.0,8.32,61.0,Mujer,Soltero,Urbana,Santander,Ninguno,Universitario,Publico,Universitario,Distancia tradicional,"Ingenieria, arquitectura, urbanismo y afines",8.0,4.0,2024,1.0,0.0,0.0,En curso
22.0,3.25,1.0,1.59,33.0,Mujer,Soltero,Rural,Antioquia,Bachillerato,Bachillerato,Publico,Tecnologico,Presencial,"Economia, administracion, contaduria y afines",3.0,1.0,2022,0.0,0.0,1.0,Desertor
18.0,4.65,0.0,11.79,79.0,Hombre,Soltero,Rural,Bogotá D.C.,Universitario,Primaria,Publico,Tecnologico,Presencial,Ciencias de la salud,10.0,1.0,2025,0.0,0.0,0.0,Graduado
22.0,4.0,0.0,1.67,85.0,Hombre,Soltero,Rural,Cundinamarca,Primaria,Bachillerato,Privado,Universitario,Presencial,"Economia, administracion, contaduria y afines",8.0,2.0,2025,0.0,0.0,0.0,En curso
16.0,3.2,0.0,14.97,38.0,Hombre,Casado,Urbana,Cundinamarca,Primaria,Ninguno,Publico,Tecnologico,Presencial,"Ingenieria, arquitectura, urbanismo y afines",12.0,3.0,2022,1.0,0.0,1.0,Graduado
20.0,2.21,3.0,4.14,51.0,Hombre,Union libre,Urbana,Antioquia,Bachillerato,Bachillerato,Privado,Tecnologico,Presencial,Ciencias sociales y humanas,12.0,1.0,2022,1.0,1.0,0.0,Desertor
19.0,4.08,0.0,4.22,76.0,Hombre,Soltero,Urbana,Valle del Cauca,Bachillerato,Bachillerato,Publico,Universitario,Presencial,"Ingenieria, arquitectura, urbanismo y afines",2.0,3.0,2022,0.0,0.0,0.0,En curso
25.0,4.77,0.0,1.33,91.0,Hombre,Soltero,Urbana,Tolima,Bachillerato,Tecnico,Publico,Universitario,Virtual,"Ingenieria, arquitectura, urbanismo y afines",5.0,1.0,2023,1.0,0.0,0.0,En curso
20.0,3.1,0.0,5.74,37.0,Hombre,Soltero,Urbana,Bogotá D.C.,Primaria,Primaria,Privado,Tecnologico,Distancia tradicional,"Economia, administracion, contaduria y afines",6.0,2.0,2022,0.0,0.0,0.0,Graduado
22.0,3.43,1.0,9.11,46.0,Mujer,Soltero,Urbana,Nariño,Primaria,Tecnico,Privado,Tecnologico,Presencial,"Ingenieria, arquitectura, urbanismo y afines",10.0,4.0,2023,0.0,1.0,1.0,Graduado
24.0,2.66,1.0,14.11,41.0,Mujer,Soltero,Urbana,Cauca,Tecnico,Bachillerato,Publico,Tecnico profesional,Distancia tradicional,"Ingenieria, arquitectura, urbanismo y afines",1.0,2.0,2024,0.0,0.0,0.0,Desertor
16.0,2.74,5.0,14.67,53.0,Hombre,Soltero,Urbana,Cauca,Tecnico,Primaria,Publico,Universitario,Presencial,"Economia, administracion, contaduria y afines",12.0,1.0,2025,0.0,1.0,0.0,Desertor
20.0,3.38,0.0,12.71,55.0,Hombre,Soltero,Urbana,Magdalena,Primaria,Bachillerato,Privado,Tecnico profesional,Presencial,"Ingenieria, arquitectura, urbanismo y afines",4.0,3.0,2025,0.0,0.0,0.0,Graduado
18.0,3.6,0.0,19.57,63.0,Mujer,Soltero,Urbana,Caquetá,Universitario,Universitario,Publico,Universitario,Virtual,"Ingenieria, arquitectura, urbanismo y afines",8.0,1.0,2021,1.0,0.0,0.0,Desertor
23.0,3.24,0.0,3.81,73.0,Mujer,Soltero,Urbana,Cesar,Primaria,Universitario,Publico,Universitario,Presencial,Ciencias sociales y humanas,9.0,3.0,2025,0.0,0.0,0.0,En curso
19.0,3.68,0.0,5.29,63.0,Hombre,Soltero,Urbana,Arauca,Primaria,Bachillerato,Publico,Universitario,Distancia tradicional,"Ingenieria, arquitectura, urbanismo y afines",6.0,3.0,2025,1.0,0.0,1.0,En curso
18.0,2.88,0.0,12.5,25.0,Mujer,Soltero,Urbana,Magdalena,Primaria,Tecnico,Publico,Tecnologico,Presencial,Ciencias sociales y humanas,4.0,3.0,2024,0.0,0.0,0.0,Desertor
19.0,3.22,1.0,2.2,58.0,Hombre,Soltero,Urbana,Valle del Cauca,Primaria,Tecnico,Privado,Tecnico profesional,Presencial,"Ingenieria, arquitectura, urbanismo y afines",1.0,1.0,2023,0.0,0.0,0.0,En curso
22.0,3.83,1.0,50.74,57.0,Mujer,Soltero,Urbana,Valle del Cauca,Tecnico,Primaria,Publico,Universitario,Presencial,Ciencias de la salud,7.0,2.0,2022,0.0,0.0,0.0,Desertor
18.0,4.02,2.0,6.44,100.0,Mujer,Soltero,Urbana,Bogotá D.C.,Primaria,Primaria,Privado,Tecnologico,Presencial,Ciencias de la salud,7.0,2.0,2024,0.0,0.0,0.0,Graduado
25.0,2.48,2.0,2.82,36.0,Mujer,Otro,Urbana,Antioquia,Tecnico,Bachillerato,Publico,Universitario,Presencial,"Ingenieria, arquitectura, urbanismo y afines",11.0,5.0,2022,0.0,0.0,0.0,Graduado
20.0,3.62,1.0,18.84,66.0,Mujer,Casado,Urbana,Bogotá D.C.,Primaria,Bachillerato,Publico,Universitario,Presencial,"Economia, administracion, contaduria y afines",4.0,2.0,2024,0.0,0.0,0.0,En curso
19.0,3.89,1.0,46.54,61.0,Hombre,Soltero,Urbana,Nariño,Bachillerato,Universitario,Privado,Universitario,Presencial,Ciencias de la salud,1.0,1.0,2023,0.0,1.0,0.0,En curso
22.0,3.04,1.0,12.11,43.0,Hombre,Soltero,Urbana,Córdoba,Universitario,Tecnico,Privado,Tecnologico,Presencial,Ciencias de la salud,7.0,1.0,2021,0.0,0.0,0.0,Graduado
18.0,2.43,2.0,8.23,37.0,Hombre,Soltero,Urbana,Huila,Bachillerato,Primaria,Publico,Universitario,Virtual,"Ingenieria, arquitectura, urbanismo y afines",4.0,6.0,2023,1.0,1.0,0.0,Desertor
24.0,2.75,3.0,1.65,42.0,Mujer,Soltero,Rural,Valle del Cauca,Tecnico,Primaria,Privado,Tecnologico,Presencial,Ciencias sociales y humanas,3.0,3.0,2025,0.0,1.0,0.0,Desertor
17.0,3.87,0.0,11.51,75.0,Hombre,Soltero,Urbana,Valle del Cauca,Bachillerato,Bachillerato,Privado,Universitario,Presencial,"Economia, administracion, contaduria y afines",2.0,1.0,2021,0.0,0.0,0.0,En curso
26.0,3.41,1.0,3.56,48.0,Hombre,Union libre,Urbana,Santander,Bachillerato,Posgrado,Privado,Universitario,Presencial,Bellas artes,11.0,3.0,2025,0.0,1.0,0.0,Graduado
24.0,4.1,0.0,2.28,49.0,Hombre,Soltero,Urbana,Tolima,Bachillerato,Tecnico,Publico,Universitario,Virtual,"Economia, administracion, contaduria y afines",6.0,2.0,2025,0.0,0.0,0.0,En curso
18.0,4.86,1.0,3.4,79.0,Mujer,Soltero,Urbana,Bogotá D.C.,Primaria,Primaria,Publico,Universitario,Presencial,Ciencias sociales y humanas,9.0,3.0,2025,0.0,0.0,0.0,En curso
18.0,3.47,1.0,23.51,58.0,Mujer,Union libre,Rural,Cundinamarca,Tecnico,Primaria,Privado,Tecnologico,Presencial,"Ingenieria, arquitectura, urbanismo y afines",6.0,2.0,2023,1.0,0.0,1.0,Desertor
20.0,3.41,3.0,4.47,57.0,Mujer,Soltero,Urbana,Antioquia,Bachillerato,Tecnico,Privado,Tecnologico,Presencial,"Economia, administracion, contaduria y afines",4.0,2.0,2024,1.0,0.0,0.0,Desertor
17.0,2.58,0.0,8.5,59.0,Mujer,Soltero,Urbana,Norte de Santander,Bachillerato,Primaria,Privado,Universitario,Presencial,"Economia, administracion, contaduria y afines",8.0,4.0,2021,1.0,0.0,0.0,Graduado
22.0,3.14,1.0,8.29,42.0,Mujer,Soltero,Urbana,Bogotá D.C.,Tecnico,Bachillerato,Privado,Universitario,Presencial,Ciencias sociales y humanas,3.0,1.0,2023,0.0,1.0,0.0,En curso
21.0,3.4,1.0,4.32,62.0,Hombre,Soltero,Urbana,Bogotá D.C.,Primaria,Universitario,Publico,Universitario,Presencial,"Ingenieria, arquitectura, urbanismo y afines",12.0,5.0,2022,0.0,1.0,1.0,Graduado
19.0,3.74,1.0,6.44,53.0,Hombre,Soltero,Urbana,Córdoba,Bachillerato,Bachillerato,Publico,Tecnologico,Presencial,"Economia, administracion, contaduria y afines",12.0,5.0,2021,1.0,1.0,0.0,Graduado
22.0,2.55,1.0,5.49,43.0,Mujer,Soltero,Urbana,Atlántico,Tecnico,Primaria,Privado,Universitario,Presencial,"Economia, administracion, contaduria y afines",3.0,2.0,2024,0.0,0.0,1.0,Desertor
15.0,3.2,0.0,1.75,33.0,Mujer,Soltero,Urbana,Boyacá,Bachillerato,Primaria,Publico,Universitario,Presencial,"Ingenieria, arquitectura, urbanismo y afines",4.0,2.0,2024,1.0,0.0,0.0,En curso
18.0,3.04,1.0,11.55,57.0,Mujer,Otro,Urbana,Antioquia,Primaria,Universitario,Publico,Universitario,Distancia tradicional,"Economia, administracion, contaduria y afines",3.0,3.0,2022,0.0,0.0,0.0,Desertor
21.0,4.32,0.0,7.46,71.0,Mujer,Soltero,Rural,Magdalena,Bachillerato,Tecnico,Publico,Universitario,Presencial,"Ingenieria, arquitectura, urbanismo y afines",1.0,1.0,2024,0.0,0.0,0.0,En curso
22.0,3.67,0.0,10.65,73.0,Hombre,Soltero,Urbana,Magdalena,Universitario,Primaria,Privado,Tecnologico,Virtual,"Economia, administracion, contaduria y afines",2.0,1.0,2023,0.0,1.0,0.0,En curso
22.0,4.35,0.0,36.25,92.0,Mujer,Casado,Urbana,Bogotá D.C.,Primaria,Ninguno,Publico,Tecnologico,Presencial,"Ingenieria, arquitectura, urbanismo y afines",9.0,1.0,2024,1.0,0.0,0.0,Graduado
25.0,2.21,3.0,21.12,35.0,Hombre,Soltero,Urbana,Valle del Cauca,Tecnico,Bachillerato,Privado,Universitario,Presencial,Ciencias sociales y humanas,3.0,4.0,2024,1.0,0.0,0.0,Desertor
19.0,2.71,0.0,8.64,49.0,Mujer,Soltero,Urbana,Cundinamarca,Universitario,Bachillerato,Privado,Universitario,Presencial,Ciencias sociales y humanas,6.0,2.0,2021,0.0,1.0,0.0,Desertor
25.0,3.52,3.0,30.99,55.0,Mujer,Soltero,Urbana,Caquetá,Primaria,Primaria,Privado,Tecnologico,Presencial,"Ingenieria, arquitectura, urbanismo y afines",8.0,4.0,2025,1.0,1.0,0.0,Desertor
15.0,3.14,2.0,2.29,52.0,Hombre,Soltero,Urbana,Atlántico,Bachillerato,Universitario,Privado,Universitario,Distancia tradicional,"Ingenieria, arquitectura, urbanismo y afines",5.0,1.0,2022,0.0,0.0,1.0,En curso
21.0,4.52,0.0,4.46,59.0,Hombre,Soltero,Urbana,Antioquia,Posgrado,Bachillerato,Privado,Universitario,Virtual,Bellas artes,8.0,2.0,2025,0.0,0.0,1.0,En curso
22.0,4.62,2.0,1.82,76.0,Hombre,Soltero,Urbana,Antioquia,Bachillerato,Bachillerato,Publico,Tecnologico,Distancia tradicional,"Agronomia, veterinaria y afines",1.0,4.0,2021,0.0,0.0,0.0,En curso
15.0,2.37,2.0,11.11,55.0,Hombre,Soltero,Urbana,Cesar,Primaria,Primaria,Publico,Universitario,Virtual,"Ingenieria, arquitectura, urbanismo y afines",9.0,1.0,2025,1.0,0.0,0.0,Graduado
19.0,3.45,1.0,16.28,66.0,Hombre,Soltero,Urbana,Cauca,Primaria,Bachillerato,Privado,Universitario,Presencial,Ciencias de la salud,2.0,1.0,2025,0.0,0.0,1.0,En curso
16.0,4.25,0.0,5.87,68.0,Hombre,Soltero,Urbana,Cundinamarca,Primaria,Tecnico,Privado,Tecnologico,Distancia tradicional,Ciencias sociales y humanas,6.0,2.0,2023,0.0,0.0,1.0,Graduado
21.0,4.14,1.0,79.6,75.0,Mujer,Soltero,Urbana,Valle del Cauca,Bachillerato,Bachillerato,Publico,Tecnologico,Presencial,Matematicas y ciencias naturales,2.0,3.0,2024,0.0,0.0,0.0,Desertor
16.0,3.36,0.0,9.38,56.0,Mujer,Soltero,Urbana,Cundinamarca,Primaria,Universitario,Publico,Universitario,Presencial,Ciencias de la salud,10.0,2.0,2022,1.0,0.0,0.0,En curso
19.0,1.95,4.0,10.46,20.0,Mujer,Soltero,Urbana,Bogotá D.C.,Primaria,Bachillerato,Publico,Tecnologico,Distancia tradicional,Ciencias de la educacion,10.0,1.0,2023,0.0,1.0,0.0,Desertor
17.0,3.45,2.0,7.86,56.0,Hombre,Union libre,Urbana,Nariño,Primaria,Tecnico,Privado,Tecnico profesional,Presencial,Ciencias sociales y humanas,9.0,3.0,2022,0.0,0.0,0.0,Graduado
19.0,3.51,1.0,1.93,48.0,Mujer,Soltero,Urbana,Caldas,Tecnico,Posgrado,Publico,Tecnologico,Presencial,Bellas artes,2.0,2.0,2025,0.0,0.0,0.0,En curso
16.0,4.32,0.0,6.24,58.0,Mujer,Soltero,Urbana,Cundinamarca,Ninguno,Primaria,Privado,Universitario,Presencial,Ciencias de la salud,12.0,2.0,2025,0.0,0.0,0.0,Graduado
22.0,4.2,0.0,1.15,81.0,Mujer,Casado,Urbana,Antioquia,Posgrado,Primaria,Publico,Universitario,Presencial,"Economia, administracion, contaduria y afines",5.0,2.0,2023,1.0,0.0,0.0,En curso
19.0,2.38,3.0,0.86,32.0,Hombre,Soltero,Urbana,Valle del Cauca,Bachillerato,Bachillerato,Privado,Universitario,Presencial,"Ingenieria, arquitectura, urbanismo y afines",10.0,4.0,2024,0.0,0.0,0.0,En curso
18.0,2.86,2.0,2.42,25.0,Mujer,Soltero,Urbana,Antioquia,Bachillerato,Bachillerato,Publico,Universitario,Presencial,Bellas artes,4.0,2.0,2024,1.0,0.0,0.0,En curso
18.0,3.47,0.0,35.71,66.0,Hombre,Soltero,Urbana,Bogotá D.C.,Primaria,Bachillerato,Publico,Tecnologico,Presencial,Matematicas y ciencias naturales,10.0,5.0,2023,1.0,1.0,0.0,Graduado
19.0,3.8,0.0,25.08,42.0,Mujer,Soltero,Urbana,Antioquia,Bachillerato,Tecnico,Privado,Universitario,Virtual,"Ingenieria, arquitectura, urbanismo y afines",2.0,3.0,2024,0.0,0.0,0.0,En curso
23.0,3.49,1.0,5.24,75.0,Hombre,Soltero,Urbana,Cundinamarca,Bachillerato,Bachillerato,Privado,Tecnologico,Presencial,Ciencias sociales y humanas,4.0,1.0,2024,1.0,0.0,0.0,En curso
16.0,2.94,1.0,2.4,40.0,Hombre,Soltero,Urbana,Sucre,Bachillerato,Ninguno,Privado,Universitario,Presencial,"Agronomia, veterinaria y afines",11.0,2.0,2023,0.0,1.0,0.0,En curso
23.0,3.09,3.0,1.3,47.0,Mujer,Soltero,Urbana,Atlántico,Tecnico,Primaria,Privado,Universitario,Presencial,"Economia, administracion, contaduria y afines",2.0,2.0,2025,0.0,1.0,0.0,En curso
21.0,2.99,1.0,5.05,35.0,Mujer,Soltero,Urbana,Magdalena,Primaria,Bachillerato,Publico,Universitario,Virtual,Ciencias sociales y humanas,5.0,3.0,2024,0.0,1.0,0.0,En curso
17.0,3.03,0.0,12.59,49.0,Hombre,Union libre,Rural,Boyacá,Primaria,Universitario,Publico,Universitario,Presencial,"Ingenieria, arquitectura, urbanismo y afines",10.0,2.0,2024,0.0,1.0,0.0,En curso
16.0,4.21,2.0,10.65,66.0,Mujer,Soltero,Urbana,Quindío,Primaria,Bachillerato,Privado,Universitario,Presencial,"Ingenieria, arquitectura, urbanismo y afines",12.0,5.0,2024,0.0,0.0,1.0,Graduado
19.0,4.6,0.0,6.98,84.0,Mujer,Union libre,Urbana,Bogotá D.C.,Primaria,Tecnico,Privado,Tecnologico,Virtual,"Ingenieria, arquitectura, urbanismo y afines",2.0,2.0,2022,0.0,0.0,0.0,En curso
21.0,3.55,2.0,3.42,51.0,Mujer,Soltero,Urbana,Bolívar,Primaria,Tecnico,Publico,Universitario,Presencial,"Ingenieria, arquitectura, urbanismo y afines",2.0,2.0,2024,0.0,0.0,0.0,En curso
15.0,4.63,0.0,12.45,72.0,Mujer,Soltero,Urbana,Santander,Universitario,Universitario,Publico,Universitario,Presencial,Ciencias sociales y humanas,2.0,3.0,2023,0.0,0.0,0.0,En curso
21.0,3.59,0.0,10.58,62.0,Hombre,Soltero,Urbana,Magdalena,Bachillerato,Primaria,Publico,Tecnologico,Presencial,"Economia, administracion, contaduria y afines",7.0,3.0,2023,1.0,0.0,0.0,Graduado
21.0,4.2,0.0,5.14,77.0,Hombre,Soltero,Rural,Antioquia,Primaria,Bachillerato,Privado,Tecnologico,Presencial,"Ingenieria, arquitectura, urbanismo y afines",11.0,5.0,2022,1.0,0.0,0.0,Graduado
18.0,5.0,0.0,66.0,78.0,Mujer,Soltero,Urbana,Arauca,Primaria,Primaria,Publico,Universitario,Presencial,Ciencias de la educacion,1.0,1.0,2024,1.0,0.0,0.0,En curso
19.0,4.89,0.0,10.83,77.0,Hombre,Union libre,Urbana,Valle del Cauca,Primaria,Bachillerato,Privado,Universitario,Distancia tradicional,"Ingenieria, arquitectura, urbanismo y afines",7.0,2.0,2021,0.0,0.0,0.0,En curso
19.0,4.29,0.0,4.23,70.0,Hombre,Soltero,Urbana,Santander,Bachillerato,Primaria,Privado,Tecnologico,Presencial,Ciencias sociales y humanas,11.0,3.0,2024,0.0,0.0,0.0,Graduado
23.0,4.94,0.0,8.98,95.0,Mujer,Soltero,Urbana,La Guajira,Bachillerato,Bachillerato,Publico,Universitario,Presencial,Bellas artes,7.0,3.0,2024,1.0,0.0,0.0,En curso
18.0,3.9,0.0,3.16,69.0,Mujer,Soltero,Urbana,Antioquia,Bachillerato,Primaria,Privado,Universitario,Presencial,Ciencias de la salud,7.0,2.0,2024,0.0,0.0,0.0,En curso
21.0,3.19,1.0,3.29,52.0,Mujer,Soltero,Urbana,Valle del Cauca,Primaria,Bachillerato,Publico,Tecnologico,Presencial,Ciencias sociales y humanas,4.0,2.0,2025,0.0,1.0,0.0,En curso
21.0,2.35,4.0,2.78,42.0,Mujer,Soltero,Urbana,Risaralda,Bachillerato,Tecnico,Publico,Tecnologico,Presencial,Ciencias de la educacion,6.0,4.0,2022,0.0,0.0,0.0,En curso
24.0,2.8,2.0,3.88,48.0,Mujer,Soltero,Rural,Caldas,Primaria,Ninguno,Privado,Universitario,Distancia tradicional,Ciencias sociales y humanas,10.0,1.0,2023,1.0,0.0,0.0,Desertor
18.0,2.64,0.0,6.32,25.0,Hombre,Soltero,Urbana,Bogotá D.C.,Ninguno,Bachillerato,Publico,Tecnologico,Presencial,Ciencias de la salud,7.0,2.0,2024,0.0,0.0,0.0,En curso
18.0,3.01,1.0,4.7,47.0,Mujer,Union libre,Urbana,Antioquia,Universitario,Primaria,Publico,Tecnico profesional,Presencial,"Agronomia, veterinaria y afines",6.0,3.0,2023,0.0,1.0,1.0,Graduado
22.0,2.44,0.0,5.18,41.0,Mujer,Soltero,Urbana,Norte de Santander,Posgrado,Bachillerato,Privado,Universitario,Distancia tradicional,"Economia, administracion, contaduria y afines",3.0,4.0,2025,1.0,0.0,1.0,En curso
22.0,2.71,2.0,19.81,36.0,Mujer,Soltero,Rural,Bogotá D.C.,Universitario,Bachillerato,Privado,Universitario,Presencial,"Economia, administracion, contaduria y afines",1.0,3.0,2021,0.0,0.0,0.0,En curso
15.0,3.56,4.0,2.65,52.0,Mujer,Soltero,Urbana,Santander,Tecnico,Primaria,Privado,Tecnologico,Virtual,"Agronomia, veterinaria y afines",10.0,2.0,2023,0.0,0.0,1.0,Graduado
21.0,3.99,2.0,8.6,66.0,Hombre,Soltero,Urbana,Bogotá D.C.,Primaria,Bachillerato,Privado,Tecnico profesional,Presencial,"Ingenieria, arquitectura, urbanismo y afines",7.0,3.0,2023,1.0,0.0,0.0,Graduado
17.0,2.85,1.0,14.02,41.0,Hombre,Soltero,Urbana,Antioquia,Primaria,Primaria,Privado,Universitario,Distancia tradicional,"Economia, administracion, contaduria y afines",7.0,2.0,2025,0.0,0.0,0.0,Desertor
22.0,4.83,0.0,3.37,79.0,Mujer,Soltero,Urbana,Bogotá D.C.,Primaria,Primaria,Privado,Universitario,Presencial,Ciencias de la salud,6.0,2.0,2023,1.0,0.0,0.0,En curso
21.0,4.18,0.0,3.54,73.0,Hombre,Soltero,Urbana,Santander,Ninguno,Universitario,Privado,Universitario,Virtual,"Economia, administracion, contaduria y afines",12.0,3.0,2024,0.0,0.0,1.0,Graduado
15.0,2.9,2.0,2.75,13.0,Hombre,Soltero,Urbana,Boyacá,Primaria,Primaria,Privado,Universitario,Distancia tradicional,Bellas artes,11.0,3.0,2025,1.0,0.0,0.0,Desertor
20.0,3.04,0.0,22.9,52.0,Hombre,Union libre,Urbana,Chocó,Tecnico,Primaria,Publico,Universitario,Virtual,"Economia, administracion, contaduria y afines",9.0,2.0,2022,0.0,0.0,0.0,Graduado
15.0,3.34,0.0,10.35,43.0,Mujer,Soltero,Urbana,Tolima,Bachillerato,Bachillerato,Privado,Universitario,Presencial,"Ingenieria, arquitectura, urbanismo y afines",12.0,3.0,2024,1.0,0.0,0.0,Graduado
25.0,3.16,2.0,9.52,68.0,Mujer,Union libre,Urbana,La Guajira,Tecnico,Primaria,Publico,Universitario,Presencial,"Economia, administracion, contaduria y afines",8.0,4.0,2025,0.0,0.0,0.0,En curso
19.0,3.52,1.0,17.03,71.0,Mujer,Soltero,Rural,Valle del Cauca,Universitario,Bachillerato,Privado,Universitario,Presencial,Bellas artes,5.0,3.0,2023,1.0,0.0,0.0,En curso
24.0,3.14,2.0,5.86,30.0,Mujer,Union libre,Urbana,Cundinamarca,Universitario,Primaria,Privado,Tecnologico,Distancia tradicional,"Ingenieria, arquitectura, urbanismo y afines",8.0,1.0,2021,1.0,0.0,0.0,Desertor
20.0,2.29,2.0,3.79,41.0,Hombre,Union libre,Urbana,Córdoba,Bachillerato,Bachillerato,Publico,Tecnologico,Presencial,"Economia, administracion, contaduria y afines",10.0,2.0,2023,1.0,0.0,0.0,Desertor
21.0,4.45,0.0,3.71,56.0,Hombre,Soltero,Rural,Nariño,Tecnico,Bachillerato,Publico,Universitario,Presencial,"Ingenieria, arquitectura, urbanismo y afines",6.0,1.0,2022,0.0,0.0,0.0,En curso
20.0,3.27,2.0,9.49,50.0,Hombre,Soltero,Rural,Chocó,Bachillerato,Bachillerato,Publico,Universitario,Distancia tradicional,Ciencias sociales y humanas,9.0,3.0,2022,0.0,0.0,0.0,En curso
22.0,4.54,0.0,3.09,87.0,Mujer,Soltero,Urbana,Valle del Cauca,Bachillerato,Bachillerato,Privado,Tecnologico,Virtual,"Economia, administracion, contaduria y afines",4.0,2.0,2024,1.0,0.0,0.0,En curso
19.0,2.96,1.0,1.3,24.0,Mujer,Union libre,Urbana,Casanare,Bachillerato,Bachillerato,Privado,Universitario,Presencial,Ciencias de la salud,4.0,5.0,2023,0.0,0.0,1.0,En curso
16.0,3.74,0.0,2.47,37.0,Hombre,Soltero,Urbana,Bolívar,Tecnico,Bachillerato,Publico,Universitario,Distancia tradicional,"Economia, administracion, contaduria y afines",4.0,3.0,2025,0.0,1.0,0.0,En curso
22.0,3.58,0.0,3.54,64.0,Hombre,Soltero,Urbana,Santander,Bachillerato,Primaria,Privado,Tecnico profesional,Presencial,Ciencias sociales y humanas,11.0,2.0,2023,1.0,0.0,1.0,Graduado
20.0,5.0,0.0,14.36,100.0,Mujer,Soltero,Urbana,Cesar,Tecnico,Primaria,Publico,Universitario,Presencial,Bellas artes,10.0,2.0,2023,0.0,0.0,0.0,Graduado
19.0,3.69,0.0,5.53,57.0,Mujer,Union libre,Rural,Bogotá D.C.,Primaria,Bachillerato,Publico,Tecnico profesional,Distancia tradicional,"Ingenieria, arquitectura, urbanismo y afines",3.0,3.0,2022,0.0,1.0,0.0,Graduado
22.0,4.14,0.0,16.77,85.0,Mujer,Soltero,Urbana,Córdoba,Primaria,Bachillerato,Publico,Universitario,Distancia tradicional,"Ingenieria, arquitectura, urbanismo y afines",11.0,2.0,2024,0.0,0.0,0.0,Graduado
17.0,2.64,0.0,37.7,44.0,Mujer,Soltero,Urbana,Cundinamarca,Primaria,Primaria,Privado,Tecnologico,Presencial,Ciencias sociales y humanas,9.0,4.0,2023,1.0,0.0,0.0,Graduado
22.0,1.99,3.0,6.92,22.0,Hombre,Union libre,Urbana,Bogotá D.C.,Tecnico,Bachillerato,Publico,Tecnico profesional,Presencial,"Economia, administracion, contaduria y afines",6.0,4.0,2023,1.0,0.0,1.0,Desertor
24.0,4.45,0.0,3.52,82.0,Mujer,Casado,Urbana,Bogotá D.C.,Universitario,Tecnico,Privado,Tecnologico,Presencial,"Ingenieria, arquitectura, urbanismo y afines",9.0,3.0,2023,0.0,0.0,0.0,Graduado
23.0,3.54,2.0,18.79,73.0,Hombre,Casado,Urbana,Sucre,Bachillerato,Primaria,Privado,Universitario,Presencial,"Ingenieria, arquitectura, urbanismo y afines",1.0,2.0,2022,1.0,1.0,0.0,Desertor
15.0,3.14,2.0,15.97,66.0,Mujer,Soltero,Rural,Cundinamarca,Bachillerato,Bachillerato,Publico,Tecnologico,Virtual,"Economia, administracion, contaduria y afines",4.0,1.0,2024,1.0,1.0,0.0,Desertor
15.0,3.27,2.0,20.66,66.0,Hombre,Soltero,Urbana,Antioquia,Bachillerato,Universitario,Publico,Universitario,Presencial,"Agronomia, veterinaria y afines",5.0,3.0,2022,1.0,0.0,0.0,En curso
15.0,3.84,0.0,4.37,77.0,Hombre,Soltero,Urbana,Caldas,Primaria,Bachillerato,Publico,Universitario,Presencial,Matematicas y ciencias naturales,4.0,3.0,2022,0.0,0.0,0.0,En curso
19.0,3.95,1.0,3.29,78.0,Hombre,Soltero,Urbana,Caldas,Bachillerato,Primaria,Publico,Universitario,Distancia tradicional,Ciencias de la salud,10.0,2.0,2022,1.0,0.0,1.0,Graduado
23.0,2.63,3.0,16.26,58.0,Hombre,Soltero,Urbana,Chocó,Bachillerato,Bachillerato,Privado,Tecnico profesional,Presencial,Ciencias sociales y humanas,1.0,2.0,2024,0.0,0.0,1.0,Desertor
16.0,2.96,3.0,28.72,32.0,Hombre,Soltero,Urbana,Bogotá D.C.,Tecnico,Posgrado,Publico,Universitario,Distancia tradicional,Ciencias de la educacion,4.0,1.0,2025,0.0,0.0,0.0,Desertor
26.0,3.39,0.0,17.3,54.0,Mujer,Union libre,Rural,Antioquia,Ninguno,Primaria,Publico,Tecnologico,Virtual,"Economia, administracion, contaduria y afines",8.0,3.0,2025,1.0,0.0,0.0,Graduado
17.0,3.02,1.0,5.98,19.0,Mujer,Soltero,Urbana,Cundinamarca,Posgrado,Primaria,Privado,Universitario,Presencial,Ciencias sociales y humanas,5.0,1.0,2025,0.0,0.0,1.0,En curso
18.0,2.9,6.0,29.57,39.0,Mujer,Soltero,Urbana,Antioquia,Bachillerato,Universitario,Privado,Tecnologico,Presencial,"Economia, administracion, contaduria y afines",2.0,3.0,2025,0.0,0.0,0.0,En curso
21.0,3.72,0.0,4.37,53.0,Hombre,Soltero,Urbana,Bogotá D.C.,Bachillerato,Primaria,Privado,Universitario,Presencial,"Economia, administracion, contaduria y afines",9.0,3.0,2024,1.0,1.0,0.0,En curso
23.0,3.68,2.0,4.92,54.0,Mujer,Soltero,Urbana,Caldas,Bachillerato,Tecnico,Privado,Tecnologico,Presencial,Ciencias sociales y humanas,9.0,1.0,2023,1.0,0.0,0.0,Graduado
24.0,4.1,0.0,16.77,69.0,Hombre,Union libre,Urbana,Bogotá D.C.,Bachillerato,Primaria,Publico,Tecnologico,Distancia tradicional,Ciencias sociales y humanas,1.0,3.0,2022,1.0,0.0,0.0,En curso
17.0,3.35,1.0,13.23,56.0,Mujer,Soltero,Rural,Bolívar,Bachillerato,Primaria,Privado,Tecnico profesional,Presencial,Ciencias sociales y humanas,9.0,3.0,2023,0.0,1.0,0.0,Graduado
18.0,3.6,3.0,25.94,59.0,Mujer,Soltero,Urbana,Antioquia,Posgrado,Bachillerato,Privado,Universitario,Presencial,"Economia, administracion, contaduria y afines",5.0,2.0,2021,0.0,1.0,0.0,Desertor
16.0,3.06,1.0,13.61,44.0,Mujer,Soltero,Urbana,Meta,Tecnico,Bachillerato,Privado,Tecnologico,Virtual,Ciencias de la educacion,8.0,4.0,2022,1.0,0.0,1.0,Graduado
21.0,3.99,0.0,9.52,65.0,Mujer,Soltero,Urbana,Magdalena,Bachillerato,Primaria,Publico,Universitario,Presencial,Ciencias de la educacion,7.0,2.0,2021,1.0,1.0,0.0,En curso
20.0,3.27,3.0,17.49,55.0,Mujer,Soltero,Urbana,Atlántico,Bachillerato,Primaria,Publico,Universitario,Presencial,Ciencias de la salud,7.0,1.0,2024,1.0,0.0,0.0,Desertor
24.0,3.77,1.0,6.46,75.0,Hombre,Soltero,Urbana,Córdoba,Bachillerato,Bachillerato,Privado,Universitario,Presencial,Bellas artes,8.0,1.0,2023,0.0,0.0,0.0,En curso
20.0,3.77,0.0,3.41,93.0,Mujer,Soltero,Urbana,Casanare,Bachillerato,Primaria,Publico,Tecnologico,Presencial,"Ingenieria, arquitectura, urbanismo y afines",3.0,4.0,2024,0.0,0.0,1.0,En curso
19.0,2.94,1.0,15.39,69.0,Hombre,Union libre,Urbana,Cauca,Posgrado,Bachillerato,Publico,Universitario,Distancia tradicional,Matematicas y ciencias naturales,2.0,5.0,2023,0.0,1.0,0.0,En curso
17.0,2.71,2.0,3.31,55.0,Hombre,Soltero,Urbana,Bogotá D.C.,Bachillerato,Bachillerato,Publico,Tecnico profesional,Presencial,"Economia, administracion, contaduria y afines",11.0,2.0,2024,1.0,0.0,0.0,Graduado
22.0,3.18,0.0,8.02,58.0,Mujer,Soltero,Rural,Antioquia,Posgrado,Universitario,Publico,Universitario,Presencial,"Ingenieria, arquitectura, urbanismo y afines",5.0,3.0,2021,1.0,1.0,1.0,En curso
20.0,3.54,1.0,6.76,63.0,Mujer,Union libre,Urbana,Norte de Santander,Bachillerato,Bachillerato,Privado,Universitario,Presencial,Ciencias de la salud,12.0,2.0,2025,1.0,1.0,0.0,Graduado
19.0,4.77,0.0,7.81,81.0,Mujer,Soltero,Rural,Córdoba,Bachillerato,Ninguno,Privado,Universitario,Presencial,Ciencias sociales y humanas,10.0,2.0,2025,1.0,0.0,1.0,En curso
17.0,3.79,0.0,11.43,59.0,Hombre,Union libre,Rural,Bogotá D.C.,Primaria,Primaria,Privado,Universitario,Presencial,Ciencias sociales y humanas,12.0,4.0,2023,0.0,0.0,0.0,Graduado
24.0,4.37,1.0,0.73,64.0,Mujer,Casado,Urbana,Bogotá D.C.,Primaria,Universitario,Privado,Universitario,Presencial,"Economia, administracion, contaduria y afines",3.0,2.0,2022,0.0,0.0,0.0,En curso
23.0,4.45,0.0,24.9,90.0,Mujer,Soltero,Urbana,La Guajira,Bachillerato,Universitario,Privado,Universitario,Presencial,Ciencias de la salud,5.0,5.0,2024,0.0,1.0,0.0,En curso
15.0,2.52,2.0,3.29,47.0,Hombre,Casado,Urbana,Cesar,Tecnico,Bachillerato,Privado,Tecnico profesional,Presencial,"Economia, administracion, contaduria y afines",12.0,2.0,2024,1.0,0.0,0.0,Desertor
15.0,3.92,0.0,8.59,81.0,Mujer,Soltero,Urbana,Tolima,Bachillerato,Primaria,Privado,Universitario,Presencial,Matematicas y ciencias naturales,1.0,3.0,2025,0.0,0.0,0.0,Desertor
17.0,3.83,0.0,3.36,58.0,Hombre,Soltero,Urbana,Cauca,Universitario,Primaria,Privado,Universitario,Virtual,Ciencias de la salud,5.0,2.0,2024,0.0,0.0,0.0,En curso
17.0,3.59,0.0,7.67,50.0,Hombre,Soltero,Urbana,Tolima,Bachillerato,Universitario,Privado,Universitario,Presencial,"Ingenieria, arquitectura, urbanismo y afines",2.0,4.0,2022,1.0,1.0,0.0,En curso
18.0,3.17,1.0,11.59,56.0,Mujer,Soltero,Rural,Bolívar,Primaria,Universitario,Publico,Tecnologico,Presencial,"Economia, administracion, contaduria y afines",11.0,1.0,2022,1.0,0.0,1.0,Graduado
22.0,2.95,3.0,12.3,16.0,Hombre,Soltero,Urbana,Valle del Cauca,Bachillerato,Universitario,Publico,Universitario,Presencial,Matematicas y ciencias naturales,4.0,3.0,2023,1.0,0.0,0.0,En curso
22.0,3.86,0.0,9.26,81.0,Hombre,Soltero,Urbana,Bolívar,Tecnico,Bachillerato,Publico,Universitario,Presencial,"Ingenieria, arquitectura, urbanismo y afines",6.0,3.0,2022,0.0,0.0,0.0,En curso
23.0,3.38,0.0,11.53,41.0,Mujer,Soltero,Urbana,Antioquia,Universitario,Primaria,Privado,Universitario,Presencial,Ciencias de la salud,2.0,3.0,2022,1.0,1.0,1.0,En curso
21.0,2.87,2.0,22.11,25.0,Hombre,Union libre,Urbana,Risaralda,Bachillerato,Bachillerato,Publico,Tecnologico,Presencial,"Economia, administracion, contaduria y afines",7.0,1.0,2025,1.0,0.0,0.0,Desertor
16.0,4.48,0.0,7.43,69.0,Mujer,Union libre,Urbana,Bogotá D.C.,Bachillerato,Bachillerato,Privado,Universitario,Virtual,Ciencias de la salud,2.0,3.0,2023,1.0,1.0,0.0,Desertor
19.0,3.66,0.0,2.7,55.0,Mujer,Soltero,Rural,Atlántico,Bachillerato,Bachillerato,Publico,Universitario,Distancia tradicional,"Economia, administracion, contaduria y afines",7.0,2.0,2023,1.0,0.0,0.0,Desertor
19.0,1.82,0.0,1.29,48.0,Hombre,Soltero,Urbana,Risaralda,Primaria,Tecnico,Publico,Universitario,Distancia tradicional,"Economia, administracion, contaduria y afines",4.0,3.0,2024,1.0,0.0,0.0,Desertor
23.0,3.73,1.0,3.25,72.0,Mujer,Soltero,Urbana,Bogotá D.C.,Bachillerato,Tecnico,Privado,Tecnologico,Presencial,"Ingenieria, arquitectura, urbanismo y afines",1.0,3.0,2021,0.0,0.0,0.0,En curso
21.0,3.48,1.0,17.0,57.0,Hombre,Soltero,Urbana,Tolima,Bachillerato,Primaria,Privado,Universitario,Presencial,"Economia, administracion, contaduria y afines",9.0,3.0,2024,0.0,0.0,0.0,Desertor
25.0,3.3,1.0,4.42,43.0,Hombre,Soltero,Rural,Caldas,Primaria,Bachillerato,Privado,Universitario,Presencial,"Ingenieria, arquitectura, urbanismo y afines",7.0,5.0,2023,0.0,0.0,0.0,En curso
15.0,3.77,2.0,5.91,60.0,Hombre,Soltero,Urbana,Córdoba,Tecnico,Bachillerato,Privado,Tecnico profesional,Virtual,Ciencias sociales y humanas,2.0,2.0,2025,0.0,0.0,1.0,En curso
16.0,2.62,3.0,4.66,74.0,Hombre,Soltero,Urbana,Valle del Cauca,Primaria,Primaria,Privado,Universitario,Distancia tradicional,Ciencias de la salud,3.0,3.0,2024,0.0,0.0,0.0,En curso
21.0,2.31,0.0,5.95,45.0,Mujer,Soltero,Urbana,Cundinamarca,Bachillerato,Bachillerato,Publico,Universitario,Presencial,"Agronomia, veterinaria y afines",6.0,2.0,2024,1.0,0.0,0.0,En curso
16.0,3.84,1.0,2.86,55.0,Hombre,Soltero,Urbana,Santander,Bachillerato,Ninguno,Publico,Universitario,Distancia tradicional,"Ingenieria, arquitectura, urbanismo y afines",5.0,1.0,2023,0.0,1.0,0.0,En curso
16.0,3.19,1.0,21.78,53.0,Hombre,Soltero,Urbana,Antioquia,Primaria,Bachillerato,Publico,Tecnologico,Presencial,"Economia, administracion, contaduria y afines",10.0,4.0,2023,1.0,0.0,0.0,Graduado
22.0,3.92,0.0,4.7,61.0,Hombre,Soltero,Rural,Norte de Santander,Ninguno,Tecnico,Publico,Universitario,Presencial,Matematicas y ciencias naturales,1.0,3.0,2023,1.0,0.0,0.0,En curso
19.0,2.99,3.0,8.99,75.0,Hombre,Soltero,Urbana,Cesar,Primaria,Tecnico,Privado,Tecnico profesional,Presencial,"Ingenieria, arquitectura, urbanismo y afines",11.0,6.0,2023,0.0,0.0,0.0,Graduado
18.0,3.54,1.0,16.45,36.0,Mujer,Soltero,Rural,Bogotá D.C.,Ninguno,Universitario,Privado,Tecnologico,Distancia tradicional,Bellas artes,7.0,3.0,2021,1.0,0.0,0.0,Desertor
19.0,4.6,0.0,24.6,86.0,Hombre,Soltero,Rural,Nariño,Primaria,Bachillerato,Privado,Universitario,Presencial,"Economia, administracion, contaduria y afines",2.0,2.0,2022,0.0,0.0,0.0,En curso
23.0,2.74,2.0,7.05,66.0,Mujer,Soltero,Rural,Nariño,Primaria,Primaria,Privado,Universitario,Presencial,"Economia, administracion, contaduria y afines",12.0,3.0,2023,0.0,0.0,1.0,Graduado
22.0,3.1,0.0,3.88,40.0,Mujer,Casado,Rural,Atlántico,Bachillerato,Primaria,Privado,Tecnico profesional,Presencial,"Ingenieria, arquitectura, urbanismo y afines",9.0,3.0,2024,0.0,0.0,0.0,Graduado
15.0,2.72,1.0,20.04,45.0,Mujer,Union libre,Rural,Valle del Cauca,Primaria,Bachillerato,Privado,Tecnologico,Presencial,"Economia, administracion, contaduria y afines",10.0,3.0,2024,1.0,0.0,0.0,Desertor
19.0,3.78,2.0,33.95,73.0,Mujer,Soltero,Urbana,Santander,Tecnico,Ninguno,Privado,Tecnologico,Presencial,"Ingenieria, arquitectura, urbanismo y afines",2.0,3.0,2025,0.0,0.0,1.0,En curso
15.0,3.08,2.0,24.1,56.0,Mujer,Soltero,Urbana,Bogotá D.C.,Bachillerato,Tecnico,Privado,Tecnico profesional,Virtual,"Ingenieria, arquitectura, urbanismo y afines",9.0,2.0,2024,0.0,0.0,0.0,Graduado
15.0,3.78,0.0,3.64,72.0,Mujer,Soltero,Urbana,Nariño,Universitario,Tecnico,Publico,Tecnologico,Presencial,Ciencias de la salud,11.0,1.0,2021,1.0,1.0,0.0,Graduado
17.0,3.89,0.0,5.88,78.0,Mujer,Soltero,Urbana,Antioquia,Bachillerato,Ninguno,Publico,Tecnologico,Presencial,"Ingenieria, arquitectura, urbanismo y afines",1.0,1.0,2024,0.0,0.0,1.0,En curso
19.0,2.92,0.0,6.98,67.0,Mujer,Soltero,Urbana,Boyacá,Primaria,Primaria,Privado,Tecnico profesional,Presencial,"Economia, administracion, contaduria y afines",11.0,3.0,2023,0.0,1.0,0.0,Graduado
23.0,3.09,1.0,6.22,40.0,Mujer,Soltero,Urbana,Córdoba,Tecnico,Bachillerato,Publico,Universitario,Presencial,Ciencias sociales y humanas,10.0,1.0,2023,0.0,0.0,1.0,Desertor
19.0,4.64,0.0,7.96,82.0,Hombre,Soltero,Urbana,Huila,Primaria,Ninguno,Privado,Tecnologico,Presencial,"Economia, administracion, contaduria y afines",6.0,2.0,2024,1.0,0.0,0.0,Graduado
17.0,4.24,2.0,6.65,59.0,Hombre,Soltero,Urbana,Bogotá D.C.,Bachillerato,Bachillerato,Privado,Universitario,Virtual,"Agronomia, veterinaria y afines",10.0,4.0,2024,0.0,0.0,0.0,Graduado
20.0,3.54,1.0,27.7,39.0,Mujer,Soltero,Urbana,Cundinamarca,Tecnico,Tecnico,Privado,Universitario,Virtual,"Economia, administracion, contaduria y afines",3.0,3.0,2025,0.0,0.0,0.0,Desertor
22.0,3.36,1.0,3.11,41.0,Hombre,Soltero,Urbana,Boyacá,Posgrado,Bachillerato,Publico,Tecnologico,Presencial,Ciencias sociales y humanas,4.0,2.0,2022,0.0,0.0,1.0,En curso
18.0,2.57,3.0,1.39,52.0,Hombre,Soltero,Urbana,Atlántico,Bachillerato,Bachillerato,Publico,Tecnologico,Presencial,Bellas artes,4.0,1.0,2022,0.0,0.0,1.0,En curso
19.0,3.68,2.0,10.89,55.0,Hombre,Soltero,Urbana,Magdalena,Tecnico,Ninguno,Publico,Universitario,Presencial,Ciencias de la salud,12.0,3.0,2024,1.0,0.0,0.0,Graduado
23.0,3.39,4.0,15.78,33.0,Mujer,Casado,Urbana,Bolívar,Bachillerato,Tecnico,Privado,Tecnologico,Presencial,"Ingenieria, arquitectura, urbanismo y afines",7.0,2.0,2023,1.0,0.0,0.0,Desertor
25.0,3.02,0.0,6.87,61.0,Mujer,Soltero,Urbana,Tolima,Bachillerato,Ninguno,Privado,Tecnico profesional,Presencial,"Economia, administracion, contaduria y afines",11.0,2.0,2024,1.0,0.0,0.0,Graduado
21.0,3.42,1.0,18.77,63.0,Hombre,Soltero,Rural,Bolívar,Primaria,Tecnico,Privado,Tecnologico,Distancia tradicional,Ciencias de la salud,4.0,2.0,2023,1.0,0.0,0.0,En curso
20.0,2.99,1.0,10.55,25.0,Mujer,Otro,Urbana,Antioquia,Universitario,Bachillerato,Privado,Universitario,Distancia tradicional,Matematicas y ciencias naturales,2.0,4.0,2023,0.0,0.0,0.0,En curso
19.0,3.89,0.0,8.69,62.0,Mujer,Soltero,Rural,Bogotá D.C.,Universitario,Bachillerato,Publico,Tecnico profesional,Presencial,"Ingenieria, arquitectura, urbanismo y afines",8.0,2.0,2023,0.0,1.0,0.0,Graduado
18.0,3.79,0.0,8.39,78.0,Mujer,Soltero,Urbana,Valle del Cauca,Bachillerato,Ninguno,Publico,Tecnologico,Presencial,"Economia, administracion, contaduria y afines",6.0,3.0,2024,0.0,0.0,0.0,Graduado
22.0,4.42,0.0,1.51,80.0,Hombre,Soltero,Urbana,Atlántico,Tecnico,Primaria,Privado,Tecnico profesional,Presencial,"Economia, administracion, contaduria y afines",12.0,1.0,2023,1.0,0.0,0.0,Graduado
17.0,2.62,0.0,6.97,30.0,Mujer,Soltero,Urbana,Cundinamarca,Universitario,Tecnico,Publico,Tecnico profesional,Presencial,"Economia, administracion, contaduria y afines",11.0,1.0,2024,1.0,0.0,1.0,Desertor
19.0,3.66,2.0,17.66,50.0,Mujer,Soltero,Urbana,Bogotá D.C.,Primaria,Primaria,Publico,Tecnico profesional,Distancia tradicional,"Ingenieria, arquitectura, urbanismo y afines",3.0,3.0,2024,1.0,1.0,1.0,En curso
20.0,3.46,1.0,4.63,51.0,Mujer,Union libre,Urbana,Cauca,Primaria,Primaria,Privado,Tecnico profesional,Presencial,Ciencias de la educacion,9.0,1.0,2024,1.0,0.0,0.0,Graduado
20.0,4.22,0.0,8.99,64.0,Mujer,Soltero,Rural,Cundinamarca,Bachillerato,Bachillerato,Privado,Universitario,Presencial,"Economia, administracion, contaduria y afines",5.0,4.0,2024,0.0,0.0,0.0,En curso
22.0,4.13,1.0,23.78,80.0,Mujer,Soltero,Urbana,Tolima,Bachillerato,Tecnico,Publico,Universitario,Distancia tradicional,Ciencias sociales y humanas,1.0,5.0,2024,1.0,0.0,0.0,En curso
18.0,2.81,0.0,3.42,49.0,Mujer,Soltero,Urbana,Bogotá D.C.,Bachillerato,Bachillerato,Privado,Universitario,Distancia tradicional,Ciencias de la salud,1.0,2.0,2025,0.0,1.0,0.0,En curso
20.0,3.47,1.0,8.12,61.0,Mujer,Soltero,Rural,Cesar,Primaria,Posgrado,Privado,Universitario,Presencial,Ciencias sociales y humanas,4.0,1.0,2021,0.0,1.0,0.0,En curso
21.0,3.4,1.0,7.84,49.0,Hombre,Soltero,Urbana,Antioquia,Tecnico,Universitario,Publico,Universitario,Presencial,Bellas artes,7.0,4.0,2025,0.0,0.0,0.0,En curso
20.0,3.52,1.0,11.45,35.0,Mujer,Soltero,Urbana,Bogotá D.C.,Bachillerato,Tecnico,Publico,Universitario,Presencial,"Economia, administracion, contaduria y afines",3.0,1.0,2024,1.0,0.0,1.0,En curso
20.0,4.88,0.0,7.59,100.0,Hombre,Soltero,Rural,Antioquia,Bachillerato,Universitario,Privado,Universitario,Presencial,"Economia, administracion, contaduria y afines",3.0,6.0,2021,0.0,1.0,1.0,En curso
23.0,4.74,0.0,22.17,74.0,Hombre,Union libre,Urbana,Bogotá D.C.,Primaria,Tecnico,Privado,Universitario,Distancia tradicional,"Economia, administracion, contaduria y afines",9.0,3.0,2025,1.0,0.0,0.0,Graduado
24.0,2.61,2.0,46.13,54.0,Hombre,Soltero,Urbana,Cauca,Universitario,Bachillerato,Privado,Universitario,Presencial,Ciencias de la educacion,8.0,1.0,2023,0.0,0.0,1.0,Desertor
22.0,3.61,1.0,3.01,62.0,Hombre,Casado,Urbana,Cundinamarca,Tecnico,Universitario,Publico,Universitario,Presencial,"Economia, administracion, contaduria y afines",9.0,1.0,2023,1.0,0.0,0.0,En curso
19.0,2.42,2.0,5.54,29.0,Hombre,Soltero,Urbana,Nariño,Posgrado,Tecnico,Privado,Tecnologico,Presencial,Ciencias sociales y humanas,11.0,2.0,2023,1.0,1.0,0.0,Graduado
21.0,3.17,2.0,3.06,58.0,Hombre,Soltero,Urbana,Risaralda,Posgrado,Tecnico,Publico,Universitario,Presencial,Ciencias de la salud,12.0,4.0,2024,0.0,0.0,1.0,Graduado
16.0,2.71,1.0,49.7,63.0,Mujer,Soltero,Rural,Bolívar,Tecnico,Primaria,Privado,Universitario,Presencial,Bellas artes,10.0,4.0,2023,0.0,1.0,1.0,Graduado
20.0,2.77,4.0,5.98,63.0,Hombre,Soltero,Rural,Meta,Primaria,Bachillerato,Privado,Universitario,Presencial,Matematicas y ciencias naturales,8.0,3.0,2022,1.0,0.0,0.0,Desertor
21.0,3.65,0.0,7.83,63.0,Mujer,Soltero,Rural,Bogotá D.C.,Bachillerato,Primaria,Privado,Universitario,Presencial,Ciencias sociales y humanas,7.0,1.0,2024,1.0,0.0,0.0,En curso
19.0,3.32,0.0,9.37,60.0,Mujer,Union libre,Urbana,Valle del Cauca,Primaria,Bachillerato,Privado,Tecnologico,Distancia tradicional,"Economia, administracion, contaduria y afines",3.0,1.0,2024,1.0,0.0,0.0,En curso
20.0,3.4,1.0,16.71,65.0,Mujer,Soltero,Urbana,Santander,Tecnico,Bachillerato,Privado,Universitario,Distancia tradicional,Ciencias de la educacion,5.0,2.0,2024,0.0,0.0,0.0,En curso
22.0,3.59,0.0,5.27,66.0,Mujer,Soltero,Rural,Bogotá D.C.,Primaria,Primaria,Publico,Universitario,Presencial,"Economia, administracion, contaduria y afines",6.0,3.0,2022,1.0,1.0,0.0,En curso
18.0,3.47,0.0,42.32,52.0,Hombre,Soltero,Urbana,Valle del Cauca,Primaria,Tecnico,Publico,Universitario,Presencial,Ciencias sociales y humanas,11.0,2.0,2022,1.0,0.0,0.0,Graduado
23.0,2.93,2.0,15.68,57.0,Hombre,Casado,Urbana,Sucre,Ninguno,Primaria,Publico,Tecnologico,Presencial,"Ingenieria, arquitectura, urbanismo y afines",5.0,2.0,2024,0.0,0.0,0.0,Desertor
17.0,2.95,1.0,18.08,67.0,Mujer,Soltero,Urbana,Antioquia,Bachillerato,Primaria,Privado,Universitario,Presencial,"Economia, administracion, contaduria y afines",4.0,2.0,2023,0.0,0.0,0.0,En curso
24.0,2.24,1.0,27.2,41.0,Hombre,Soltero,Urbana,Caldas,Bachillerato,Bachillerato,Privado,Tecnologico,Virtual,"Economia, administracion, contaduria y afines",11.0,2.0,2021,1.0,0.0,0.0,Desertor
21.0,2.63,1.0,2.8,35.0,Hombre,Soltero,Rural,Antioquia,Bachillerato,Primaria,Privado,Tecnologico,Presencial,"Economia, administracion, contaduria y afines",11.0,3.0,2024,1.0,0.0,0.0,Desertor
17.0,3.28,1.0,11.13,61.0,Mujer,Union libre,Urbana,Cauca,Ninguno,Bachillerato,Privado,Universitario,Presencial,Ciencias de la educacion,11.0,3.0,2021,1.0,0.0,1.0,Graduado
15.0,3.43,0.0,61.85,50.0,Mujer,Soltero,Urbana,Cesar,Primaria,Primaria,Publico,Universitario,Presencial,"Ingenieria, arquitectura, urbanismo y afines",3.0,1.0,2024,1.0,0.0,0.0,En curso
17.0,3.26,1.0,6.51,78.0,Hombre,Soltero,Urbana,La Guajira,Primaria,Bachillerato,Privado,Universitario,Virtual,"Economia, administracion, contaduria y afines",4.0,5.0,2022,1.0,0.0,0.0,En curso
22.0,4.31,1.0,8.07,75.0,Mujer,Soltero,Urbana,Nariño,Primaria,Primaria,Publico,Universitario,Virtual,"Economia, administracion, contaduria y afines",8.0,4.0,2022,0.0,0.0,1.0,En curso
19.0,2.74,3.0,8.75,53.0,Mujer,Soltero,Urbana,La Guajira,Bachillerato,Universitario,Privado,Universitario,Distancia tradicional,Ciencias de la educacion,3.0,3.0,2023,0.0,0.0,0.0,Desertor
20.0,2.61,3.0,2.59,46.0,Hombre,Soltero,Urbana,Valle del Cauca,Ninguno,Tecnico,Privado,Tecnologico,Presencial,"Ingenieria, arquitectura, urbanismo y afines",2.0,5.0,2021,0.0,0.0,0.0,En curso
22.0,3.56,1.0,15.15,70.0,Hombre,Soltero,Urbana,Bolívar,Universitario,Primaria,Publico,Universitario,Presencial,Ciencias de la educacion,6.0,4.0,2024,1.0,0.0,0.0,En curso
23.0,3.99,0.0,1.46,79.0,Mujer,Soltero,Rural,Bolívar,Bachillerato,Universitario,Privado,Universitario,Virtual,Matematicas y ciencias naturales,2.0,3.0,2022,1.0,0.0,0.0,En curso
15.0,3.22,1.0,4.78,48.0,Mujer,Soltero,Urbana,Cundinamarca,Universitario,Universitario,Privado,Tecnico profesional,Presencial,"Economia, administracion, contaduria y afines",9.0,2.0,2023,0.0,0.0,0.0,Desertor
19.0,2.76,0.0,3.47,32.0,Hombre,Otro,Rural,Cundinamarca,Universitario,Tecnico,Privado,Tecnologico,Virtual,"Economia, administracion, contaduria y afines",12.0,1.0,2025,1.0,0.0,0.0,Desertor
19.0,3.86,0.0,10.1,78.0,Hombre,Soltero,Urbana,Bolívar,Primaria,Primaria,Privado,Universitario,Virtual,Ciencias sociales y humanas,1.0,2.0,2024,0.0,1.0,0.0,En curso
16.0,2.65,0.0,4.23,20.0,Mujer,Soltero,Urbana,Antioquia,Universitario,Universitario,Publico,Universitario,Presencial,"Economia, administracion, contaduria y afines",4.0,3.0,2024,0.0,0.0,0.0,En curso
20.0,3.54,1.0,12.72,46.0,Hombre,Soltero,Urbana,Cundinamarca,Ninguno,Tecnico,Publico,Universitario,Presencial,Matematicas y ciencias naturales,11.0,1.0,2025,0.0,0.0,0.0,Graduado
19.0,2.89,0.0,9.63,34.0,Hombre,Soltero,Urbana,Cundinamarca,Tecnico,Bachillerato,Publico,Universitario,Presencial,Ciencias sociales y humanas,12.0,2.0,2022,0.0,1.0,0.0,Desertor
17.0,3.39,0.0,23.65,80.0,Mujer,Soltero,Urbana,Valle del Cauca,Bachillerato,Universitario,Publico,Universitario,Presencial,Ciencias sociales y humanas,1.0,2.0,2023,0.0,0.0,0.0,En curso
15.0,3.54,0.0,2.39,47.0,Mujer,Casado,Urbana,Cesar,Primaria,Tecnico,Privado,Tecnologico,Presencial,Ciencias de la salud,9.0,3.0,2024,0.0,1.0,0.0,Desertor
16.0,3.5,1.0,27.3,80.0,Hombre,Soltero,Urbana,Córdoba,Tecnico,Primaria,Publico,Universitario,Virtual,Ciencias sociales y humanas,8.0,3.0,2024,0.0,0.0,0.0,En curso
19.0,3.0,2.0,8.91,63.0,Mujer,Soltero,Urbana,Antioquia,Primaria,Bachillerato,Privado,Universitario,Presencial,"Ingenieria, arquitectura, urbanismo y afines",8.0,3.0,2025,1.0,0.0,0.0,En curso
15.0,3.77,2.0,1.58,51.0,Hombre,Soltero,Urbana,Antioquia,Universitario,Universitario,Privado,Tecnologico,Distancia tradicional,Ciencias de la educacion,9.0,2.0,2023,0.0,1.0,0.0,Graduado
18.0,3.15,0.0,6.12,56.0,Mujer,Soltero,Urbana,Santander,Primaria,Bachillerato,Publico,Tecnico profesional,Presencial,"Economia, administracion, contaduria y afines",3.0,3.0,2025,0.0,1.0,0.0,En curso
17.0,4.18,1.0,6.32,68.0,Hombre,Union libre,Urbana,Bolívar,Bachillerato,Primaria,Publico,Universitario,Virtual,"Economia, administracion, contaduria y afines",1.0,1.0,2023,1.0,1.0,0.0,En curso
23.0,2.99,2.0,4.29,67.0,Mujer,Soltero,Urbana,Magdalena,Universitario,Bachillerato,Publico,Tecnologico,Virtual,"Economia, administracion, contaduria y afines",11.0,1.0,2024,1.0,0.0,1.0,Graduado
15.0,2.99,5.0,23.43,50.0,Hombre,Soltero,Urbana,Antioquia,Posgrado,Primaria,Publico,Universitario,Presencial,"Economia, administracion, contaduria y afines",3.0,5.0,2024,0.0,0.0,0.0,Desertor
20.0,3.06,1.0,3.14,57.0,Hombre,Soltero,Urbana,Valle del Cauca,Ninguno,Primaria,Privado,Tecnologico,Virtual,Ciencias de la salud,12.0,3.0,2025,1.0,0.0,0.0,Graduado
17.0,3.27,0.0,13.79,79.0,Hombre,Soltero,Urbana,Huila,Primaria,Bachillerato,Privado,Tecnologico,Presencial,"Ingenieria, arquitectura, urbanismo y afines",11.0,1.0,2025,0.0,0.0,1.0,Graduado
19.0,2.34,2.0,2.56,21.0,Mujer,Casado,Urbana,Cundinamarca,Bachillerato,Bachillerato,Publico,Tecnologico,Presencial,"Economia, administracion, contaduria y afines",7.0,2.0,2021,0.0,0.0,0.0,Graduado
18.0,4.16,0.0,5.11,70.0,Hombre,Soltero,Urbana,Bogotá D.C.,Primaria,Tecnico,Publico,Tecnologico,Presencial,Ciencias de la educacion,3.0,2.0,2022,0.0,0.0,0.0,En curso
20.0,3.86,1.0,6.52,72.0,Mujer,Soltero,Urbana,Tolima,Primaria,Bachillerato,Privado,Tecnologico,Presencial,Ciencias de la salud,1.0,1.0,2023,0.0,1.0,0.0,En curso
15.0,3.84,1.0,5.22,64.0,Mujer,Soltero,Rural,Nariño,Primaria,Tecnico,Publico,Universitario,Distancia tradicional,"Ingenieria, arquitectura, urbanismo y afines",2.0,6.0,2025,1.0,0.0,0.0,En curso
18.0,4.81,0.0,17.01,78.0,Mujer,Soltero,Rural,Sucre,Bachillerato,Primaria,Privado,Universitario,Presencial,"Economia, administracion, contaduria y afines",3.0,3.0,2023,1.0,0.0,0.0,En curso
24.0,3.18,2.0,2.07,66.0,Hombre,Soltero,Urbana,Valle del Cauca,Ninguno,Bachillerato,Privado,Universitario,Distancia tradicional,"Ingenieria, arquitectura, urbanismo y afines",12.0,4.0,2024,1.0,1.0,1.0,Graduado
18.0,3.0,0.0,19.22,61.0,Hombre,Casado,Urbana,Antioquia,Primaria,Tecnico,Privado,Universitario,Presencial,"Ingenieria, arquitectura, urbanismo y afines",4.0,2.0,2024,0.0,0.0,0.0,En curso
20.0,3.45,0.0,42.42,55.0,Hombre,Soltero,Rural,Cundinamarca,Primaria,Universitario,Publico,Universitario,Presencial,Ciencias de la educacion,3.0,3.0,2024,0.0,0.0,0.0,En curso
15.0,3.81,1.0,3.33,53.0,Mujer,Soltero,Urbana,Tolima,Universitario,Bachillerato,Privado,Universitario,Presencial,"Ingenieria, arquitectura, urbanismo y afines",7.0,2.0,2025,1.0,0.0,1.0,En curso
15.0,3.47,0.0,1.35,65.0,Hombre,Soltero,Urbana,Nariño,Tecnico,Universitario,Publico,Tecnologico,Virtual,"Agronomia, veterinaria y afines",8.0,5.0,2024,0.0,0.0,0.0,Graduado
18.0,3.59,0.0,56.14,52.0,Mujer,Soltero,Urbana,Bogotá D.C.,Posgrado,Bachillerato,Privado,Universitario,Presencial,"Economia, administracion, contaduria y afines",7.0,4.0,2025,0.0,1.0,0.0,Desertor
24.0,3.2,0.0,6.73,45.0,Mujer,Soltero,Urbana,Santander,Bachillerato,Universitario,Privado,Tecnico profesional,Presencial,"Ingenieria, arquitectura, urbanismo y afines",12.0,2.0,2021,0.0,1.0,0.0,Desertor
17.0,3.51,0.0,6.99,42.0,Mujer,Soltero,Urbana,Caldas,Universitario,Primaria,Privado,Universitario,Distancia tradicional,"Ingenieria, arquitectura, urbanismo y afines",1.0,2.0,2024,1.0,0.0,0.0,Desertor
19.0,3.43,1.0,8.39,39.0,Hombre,Soltero,Urbana,Cesar,Bachillerato,Tecnico,Publico,Tecnologico,Presencial,"Economia, administracion, contaduria y afines",10.0,1.0,2022,0.0,0.0,0.0,Graduado
18.0,3.28,1.0,5.21,49.0,Mujer,Soltero,Urbana,Atlántico,Bachillerato,Primaria,Publico,Universitario,Presencial,Ciencias sociales y humanas,10.0,1.0,2024,0.0,0.0,0.0,Graduado
18.0,2.05,1.0,7.08,30.0,Mujer,Soltero,Urbana,Bogotá D.C.,Universitario,Bachillerato,Publico,Tecnologico,Presencial,"Ingenieria, arquitectura, urbanismo y afines",8.0,4.0,2024,0.0,0.0,0.0,Desertor
24.0,3.6,1.0,2.81,64.0,Mujer,Soltero,Urbana,Norte de Santander,Primaria,Bachillerato,Publico,Tecnico profesional,Presencial,Ciencias de la educacion,4.0,2.0,2022,0.0,1.0,1.0,Graduado
22.0,3.14,2.0,54.51,77.0,Mujer,Soltero,Urbana,Valle del Cauca,Primaria,Tecnico,Publico,Universitario,Presencial,"Economia, administracion, contaduria y afines",5.0,3.0,2024,0.0,0.0,0.0,En curso
16.0,3.18,0.0,3.42,65.0,Hombre,Soltero,Rural,Antioquia,Bachillerato,Universitario,Privado,Tecnico profesional,Presencial,"Ingenieria, arquitectura, urbanismo y afines",9.0,3.0,2023,1.0,0.0,0.0,Graduado
18.0,3.73,0.0,15.41,77.0,Hombre,Soltero,Urbana,Santander,Ninguno,Bachillerato,Privado,Universitario,Presencial,Ciencias sociales y humanas,2.0,3.0,2024,1.0,0.0,0.0,En curso
15.0,3.59,1.0,6.29,74.0,Hombre,Casado,Urbana,Norte de Santander,Bachillerato,Primaria,Privado,Tecnologico,Presencial,"Economia, administracion, contaduria y afines",3.0,2.0,2025,0.0,1.0,0.0,En curso
17.0,3.6,1.0,18.52,89.0,Hombre,Casado,Urbana,Cesar,Bachillerato,Bachillerato,Publico,Tecnologico,Presencial,"Ingenieria, arquitectura, urbanismo y afines",5.0,3.0,2024,0.0,0.0,0.0,Graduado
22.0,3.19,0.0,9.2,50.0,Hombre,Soltero,Rural,Nariño,Universitario,Bachillerato,Privado,Universitario,Presencial,"Ingenieria, arquitectura, urbanismo y afines",11.0,6.0,2025,0.0,0.0,0.0,En curso
18.0,3.32,3.0,60.48,86.0,Hombre,Soltero,Urbana,Cundinamarca,Universitario,Bachillerato,Publico,Tecnologico,Virtual,Ciencias de la salud,9.0,2.0,2022,0.0,0.0,0.0,Graduado
19.0,2.96,0.0,23.44,61.0,Mujer,Soltero,Urbana,Córdoba,Primaria,Bachillerato,Privado,Tecnico profesional,Presencial,"Economia, administracion, contaduria y afines",10.0,1.0,2025,0.0,0.0,1.0,Graduado
21.0,3.03,1.0,3.75,61.0,Mujer,Soltero,Urbana,Valle del Cauca,Primaria,Bachillerato,Publico,Universitario,Distancia tradicional,Ciencias de la salud,7.0,1.0,2023,1.0,0.0,0.0,En curso
20.0,5.0,0.0,27.37,91.0,Hombre,Soltero,Urbana,Cundinamarca,Ninguno,Primaria,Publico,Tecnologico,Presencial,"Economia, administracion, contaduria y afines",12.0,5.0,2024,1.0,0.0,0.0,Graduado
15.0,3.02,2.0,10.39,49.0,Mujer,Soltero,Urbana,Antioquia,Universitario,Primaria,Privado,Universitario,Distancia tradicional,Ciencias de la salud,3.0,1.0,2025,0.0,0.0,0.0,Desertor
23.0,2.97,2.0,2.9,46.0,Mujer,Soltero,Rural,Magdalena,Bachillerato,Primaria,Publico,Tecnologico,Presencial,"Economia, administracion, contaduria y afines",12.0,3.0,2024,0.0,0.0,0.0,Graduado
15.0,3.96,0.0,3.02,78.0,Hombre,Soltero,Urbana,Bogotá D.C.,Primaria,Tecnico,Publico,Tecnico profesional,Presencial,Ciencias de la educacion,2.0,2.0,2025,0.0,0.0,0.0,En curso
19.0,3.08,1.0,3.77,66.0,Mujer,Soltero,Urbana,Bogotá D.C.,Ninguno,Bachillerato,Publico,Universitario,Presencial,"Economia, administracion, contaduria y afines",8.0,2.0,2024,0.0,1.0,1.0,En curso
15.0,3.22,2.0,12.89,60.0,Hombre,Soltero,Urbana,Magdalena,Universitario,Universitario,Publico,Tecnologico,Virtual,"Ingenieria, arquitectura, urbanismo y afines",12.0,3.0,2021,1.0,1.0,0.0,Graduado
25.0,4.16,0.0,5.06,87.0,Hombre,Soltero,Urbana,Cesar,Bachillerato,Ninguno,Privado,Universitario,Presencial,Bellas artes,10.0,1.0,2021,1.0,0.0,1.0,Graduado
19.0,4.06,0.0,71.68,63.0,Hombre,Soltero,Urbana,Cauca,Tecnico,Bachillerato,Publico,Tecnico profesional,Presencial,Ciencias sociales y humanas,4.0,1.0,2025,0.0,1.0,1.0,Graduado
21.0,3.09,2.0,16.5,60.0,Hombre,Soltero,Urbana,Bogotá D.C.,Bachillerato,Primaria,Privado,Tecnico profesional,Presencial,Ciencias sociales y humanas,9.0,3.0,2023,0.0,1.0,0.0,Desertor
22.0,4.05,0.0,11.44,56.0,Mujer,Soltero,Urbana,Valle del Cauca,Primaria,Primaria,Privado,Universitario,Presencial,Ciencias de la salud,12.0,3.0,2021,0.0,0.0,0.0,Graduado
19.0,3.98,0.0,13.58,81.0,Mujer,Soltero,Urbana,Tolima,Primaria,Tecnico,Publico,Tecnologico,Distancia tradicional,"Ingenieria, arquitectura, urbanismo y afines",6.0,2.0,2023,1.0,1.0,0.0,Graduado
19.0,1.85,3.0,6.42,7.0,Hombre,Soltero,Urbana,Bogotá D.C.,Posgrado,Primaria,Publico,Tecnologico,Presencial,"Ingenieria, arquitectura, urbanismo y afines",6.0,3.0,2023,0.0,0.0,1.0,Desertor
20.0,2.98,0.0,7.73,52.0,Mujer,Soltero,Rural,Chocó,Tecnico,Bachillerato,Privado,Universitario,Presencial,Ciencias de la salud,2.0,1.0,2025,0.0,1.0,0.0,En curso
17.0,3.86,1.0,3.73,66.0,Mujer,Soltero,Urbana,La Guajira,Tecnico,Bachillerato,Publico,Universitario,Presencial,Ciencias de la educacion,1.0,1.0,2022,1.0,1.0,0.0,En curso
15.0,3.45,0.0,1.85,68.0,Hombre,Soltero,Urbana,Antioquia,Primaria,Tecnico,Privado,Universitario,Presencial,"Economia, administracion, contaduria y afines",10.0,5.0,2023,1.0,0.0,0.0,En curso
24.0,4.12,0.0,11.78,78.0,Hombre,Soltero,Urbana,Antioquia,Tecnico,Bachillerato,Publico,Universitario,Presencial,"Agronomia, veterinaria y afines",10.0,1.0,2023,0.0,1.0,0.0,Graduado
18.0,2.46,2.0,2.22,53.0,Hombre,Soltero,Rural,Risaralda,Bachillerato,Primaria,Privado,Universitario,Presencial,Matematicas y ciencias naturales,7.0,2.0,2022,1.0,1.0,1.0,En curso
16.0,4.06,0.0,99.03,58.0,Mujer,Soltero,Urbana,Bogotá D.C.,Tecnico,Primaria,Publico,Universitario,Presencial,"Economia, administracion, contaduria y afines",12.0,2.0,2022,0.0,1.0,1.0,Graduado
19.0,3.64,1.0,7.53,71.0,Mujer,Soltero,Urbana,Magdalena,Bachillerato,Bachillerato,Publico,Universitario,Virtual,"Economia, administracion, contaduria y afines",10.0,2.0,2024,1.0,1.0,0.0,Graduado
19.0,4.26,0.0,1.7,77.0,Hombre,Union libre,Urbana,Cundinamarca,Bachillerato,Primaria,Privado,Universitario,Presencial,Ciencias de la educacion,9.0,2.0,2023,1.0,0.0,0.0,Graduado
21.0,4.13,1.0,15.15,76.0,Hombre,Soltero,Urbana,Bogotá D.C.,Bachillerato,Tecnico,Privado,Tecnico profesional,Distancia tradicional,Ciencias sociales y humanas,3.0,2.0,2023,1.0,1.0,1.0,Graduado
18.0,2.65,3.0,4.32,32.0,Hombre,Soltero,Urbana,Risaralda,Bachillerato,Bachillerato,Publico,Tecnologico,Presencial,"Ingenieria, arquitectura, urbanismo y afines",5.0,3.0,2023,1.0,0.0,0.0,Desertor
17.0,2.93,1.0,3.85,53.0,Mujer,Casado,Urbana,Bolívar,Tecnico,Bachillerato,Privado,Tecnico profesional,Presencial,"Economia, administracion, contaduria y afines",9.0,1.0,2023,1.0,1.0,0.0,Graduado
22.0,4.13,0.0,11.87,72.0,Hombre,Soltero,Urbana,Valle del Cauca,Universitario,Ninguno,Privado,Tecnologico,Distancia tradicional,Matematicas y ciencias naturales,11.0,3.0,2023,0.0,1.0,0.0,Graduado
23.0,3.26,1.0,4.35,52.0,Mujer,Soltero,Urbana,Atlántico,Primaria,Universitario,Publico,Universitario,Presencial,Ciencias de la salud,9.0,3.0,2024,0.0,0.0,0.0,En curso
26.0,3.69,0.0,3.01,49.0,Hombre,Union libre,Rural,Santander,Primaria,Bachillerato,Privado,Tecnico profesional,Presencial,Bellas artes,4.0,2.0,2023,1.0,0.0,0.0,Desertor
23.0,3.34,3.0,34.53,40.0,Mujer,Union libre,Urbana,Bogotá D.C.,Posgrado,Primaria,Privado,Universitario,Presencial,"Ingenieria, arquitectura, urbanismo y afines",9.0,3.0,2022,1.0,0.0,0.0,Desertor
15.0,3.22,3.0,3.05,50.0,Hombre,Soltero,Urbana,Valle del Cauca,Bachillerato,Primaria,Privado,Universitario,Virtual,Ciencias sociales y humanas,12.0,2.0,2024,0.0,0.0,0.0,Desertor
21.0,3.01,0.0,20.5,66.0,Hombre,Soltero,Urbana,Bogotá D.C.,Ninguno,Bachillerato,Privado,Tecnico profesional,Presencial,"Ingenieria, arquitectura, urbanismo y afines",1.0,2.0,2024,1.0,1.0,0.0,Desertor
17.0,3.77,1.0,1.94,67.0,Mujer,Union libre,Urbana,Atlántico,Universitario,Primaria,Privado,Universitario,Distancia tradicional,"Ingenieria, arquitectura, urbanismo y afines",8.0,2.0,2025,0.0,1.0,0.0,En curso
17.0,3.43,0.0,6.73,59.0,Mujer,Soltero,Urbana,Bolívar,Universitario,Primaria,Privado,Tecnologico,Presencial,Bellas artes,2.0,2.0,2021,0.0,0.0,0.0,En curso
19.0,3.64,2.0,33.73,74.0,Mujer,Soltero,Urbana,Norte de Santander,Bachillerato,Tecnico,Privado,Universitario,Presencial,"Agronomia, veterinaria y afines",7.0,4.0,2022,0.0,1.0,1.0,En curso
15.0,2.88,0.0,16.55,60.0,Mujer,Soltero,Urbana,Boyacá,Universitario,Primaria,Privado,Universitario,Presencial,"Economia, administracion, contaduria y afines",6.0,3.0,2025,1.0,0.0,0.0,Desertor
19.0,4.23,0.0,5.14,83.0,Mujer,Soltero,Urbana,Antioquia,Tecnico,Primaria,Privado,Tecnologico,Presencial,"Ingenieria, arquitectura, urbanismo y afines",2.0,6.0,2023,1.0,0.0,0.0,En curso
16.0,3.44,2.0,3.43,40.0,Mujer,Soltero,Urbana,Bogotá D.C.,Primaria,Tecnico,Privado,Universitario,Presencial,Ciencias de la educacion,11.0,2.0,2022,0.0,0.0,0.0,Graduado
22.0,2.58,2.0,2.62,66.0,Mujer,Soltero,Urbana,La Guajira,Bachillerato,Primaria,Privado,Tecnologico,Distancia tradicional,Ciencias de la salud,4.0,3.0,2025,0.0,0.0,0.0,Desertor
20.0,4.47,0.0,4.6,67.0,Hombre,Soltero,Urbana,Cesar,Tecnico,Bachillerato,Publico,Universitario,Presencial,Ciencias de la salud,12.0,3.0,2025,1.0,0.0,0.0,Graduado
20.0,3.27,1.0,6.73,46.0,Hombre,Soltero,Rural,Cauca,Primaria,Bachillerato,Privado,Universitario,Presencial,Matematicas y ciencias naturales,3.0,4.0,2025,0.0,0.0,0.0,En curso
19.0,1.82,1.0,14.22,26.0,Mujer,Soltero,Urbana,Chocó,Bachillerato,Primaria,Publico,Universitario,Presencial,"Economia, administracion, contaduria y afines",10.0,3.0,2023,1.0,1.0,1.0,Graduado
23.0,2.63,0.0,11.4,38.0,Mujer,Soltero,Urbana,Antioquia,Bachillerato,Universitario,Publico,Tecnologico,Virtual,"Economia, administracion, contaduria y afines",7.0,2.0,2024,0.0,0.0,1.0,Graduado
15.0,5.0,0.0,2.89,79.0,Mujer,Soltero,Urbana,Bogotá D.C.,Bachillerato,Ninguno,Publico,Tecnologico,Virtual,"Agronomia, veterinaria y afines",10.0,6.0,2021,0.0,0.0,0.0,Graduado
17.0,3.04,2.0,6.73,41.0,Hombre,Soltero,Urbana,Cundinamarca,Bachillerato,Universitario,Publico,Tecnologico,Presencial,"Ingenieria, arquitectura, urbanismo y afines",4.0,3.0,2025,1.0,0.0,0.0,En curso
21.0,2.69,2.0,2.79,47.0,Hombre,Soltero,Urbana,Nariño,Bachillerato,Primaria,Privado,Universitario,Distancia tradicional,Ciencias sociales y humanas,5.0,2.0,2023,0.0,0.0,0.0,En curso
22.0,3.01,1.0,6.33,28.0,Mujer,Casado,Urbana,Cundinamarca,Bachillerato,Universitario,Privado,Tecnologico,Presencial,Ciencias de la salud,9.0,3.0,2023,0.0,0.0,1.0,Graduado
22.0,3.2,1.0,7.51,42.0,Mujer,Soltero,Urbana,Cundinamarca,Tecnico,Bachillerato,Publico,Tecnico profesional,Presencial,"Economia, administracion, contaduria y afines",4.0,4.0,2024,1.0,1.0,0.0,Graduado
17.0,4.49,0.0,3.7,98.0,Mujer,Soltero,Urbana,Cesar,Primaria,Primaria,Privado,Universitario,Presencial,Ciencias de la educacion,9.0,1.0,2024,0.0,0.0,0.0,Graduado
24.0,3.5,0.0,3.12,75.0,Hombre,Soltero,Urbana,La Guajira,Bachillerato,Bachillerato,Publico,Universitario,Virtual,"Economia, administracion, contaduria y afines",6.0,1.0,2024,1.0,1.0,0.0,En curso
16.0,4.3,1.0,2.42,90.0,Hombre,Soltero,Urbana,Atlántico,Primaria,Primaria,Privado,Tecnologico,Presencial,"Ingenieria, arquitectura, urbanismo y afines",2.0,1.0,2024,0.0,0.0,0.0,En curso
15.0,2.29,1.0,9.64,10.0,Mujer,Soltero,Urbana,Nariño,Ninguno,Tecnico,Privado,Universitario,Presencial,"Economia, administracion, contaduria y afines",7.0,3.0,2022,1.0,0.0,0.0,Desertor
17.0,4.97,0.0,25.73,94.0,Mujer,Union libre,Rural,Tolima,Tecnico,Bachillerato,Publico,Universitario,Presencial,"Economia, administracion, contaduria y afines",6.0,3.0,2024,1.0,1.0,1.0,En curso
20.0,3.64,1.0,5.15,59.0,Hombre,Soltero,Urbana,Risaralda,Ninguno,Bachillerato,Privado,Universitario,Presencial,"Ingenieria, arquitectura, urbanismo y afines",10.0,1.0,2025,0.0,0.0,0.0,En curso
25.0,3.53,1.0,6.2,52.0,Mujer,Soltero,Rural,Risaralda,Posgrado,Bachillerato,Publico,Tecnologico,Presencial,"Ingenieria, arquitectura, urbanismo y afines",6.0,4.0,2025,1.0,0.0,1.0,Desertor
21.0,3.5,0.0,2.59,71.0,Hombre,Soltero,Urbana,Valle del Cauca,Primaria,Primaria,Privado,Universitario,Presencial,"Economia, administracion, contaduria y afines",8.0,3.0,2024,1.0,0.0,0.0,En curso
20.0,3.73,3.0,3.38,76.0,Mujer,Soltero,Urbana,Nariño,Bachillerato,Bachillerato,Privado,Universitario,Virtual,Ciencias sociales y humanas,4.0,2.0,2024,1.0,1.0,0.0,En curso
21.0,2.41,2.0,6.0,28.0,Mujer,Soltero,Rural,Huila,Tecnico,Primaria,Privado,Universitario,Distancia tradicional,"Ingenieria, arquitectura, urbanismo y afines",11.0,2.0,2025,1.0,0.0,0.0,Desertor
18.0,3.03,1.0,12.3,37.0,Mujer,Otro,Urbana,Huila,Primaria,Ninguno,Publico,Universitario,Presencial,Bellas artes,3.0,5.0,2022,0.0,0.0,0.0,Desertor
25.0,2.56,3.0,5.32,44.0,Mujer,Soltero,Urbana,Antioquia,Primaria,Universitario,Privado,Universitario,Virtual,Ciencias sociales y humanas,7.0,2.0,2023,1.0,0.0,0.0,En curso
15.0,4.53,0.0,26.92,57.0,Mujer,Soltero,Rural,Bogotá D.C.,Universitario,Tecnico,Privado,Universitario,Presencial,"Economia, administracion, contaduria y afines",8.0,4.0,2023,0.0,0.0,0.0,Graduado
19.0,4.58,0.0,17.68,98.0,Mujer,Soltero,Urbana,Bogotá D.C.,Bachillerato,Tecnico,Privado,Universitario,Presencial,"Agronomia, veterinaria y afines",12.0,2.0,2024,0.0,1.0,0.0,Graduado
21.0,3.97,0.0,16.26,58.0,Mujer,Soltero,Urbana,Bogotá D.C.,Primaria,Tecnico,Privado,Tecnologico,Virtual,Ciencias sociales y humanas,9.0,5.0,2024,1.0,1.0,0.0,En curso
23.0,3.0,1.0,11.48,77.0,Mujer,Soltero,Rural,Bogotá D.C.,Primaria,Bachillerato,Privado,Universitario,Presencial,Ciencias sociales y humanas,6.0,2.0,2023,1.0,1.0,0.0,Desertor
24.0,3.79,1.0,4.49,24.0,Mujer,Soltero,Urbana,Bogotá D.C.,Posgrado,Bachillerato,Privado,Tecnico profesional,Presencial,"Economia, administracion, contaduria y afines",8.0,3.0,2025,0.0,0.0,0.0,Graduado
21.0,3.01,1.0,13.34,49.0,Mujer,Soltero,Urbana,Bogotá D.C.,Tecnico,Primaria,Publico,Tecnologico,Virtual,"Agronomia, veterinaria y afines",1.0,1.0,2025,1.0,0.0,0.0,Desertor
20.0,4.15,1.0,3.06,70.0,Mujer,Soltero,Urbana,Bolívar,Universitario,Tecnico,Privado,Universitario,Presencial,"Agronomia, veterinaria y afines",1.0,3.0,2025,0.0,0.0,0.0,En curso
21.0,4.1,0.0,4.78,72.0,Hombre,Soltero,Urbana,Bogotá D.C.,Tecnico,Bachillerato,Privado,Tecnologico,Presencial,"Economia, administracion, contaduria y afines",8.0,3.0,2023,1.0,0.0,0.0,Graduado
18.0,3.28,1.0,7.7,68.0,Hombre,Union libre,Urbana,Antioquia,Bachillerato,Posgrado,Publico,Universitario,Presencial,Matematicas y ciencias naturales,10.0,2.0,2023,1.0,1.0,0.0,Graduado
21.0,4.39,0.0,5.44,81.0,Mujer,Casado,Urbana,Meta,Posgrado,Primaria,Privado,Universitario,Distancia tradicional,Ciencias sociales y humanas,5.0,4.0,2025,0.0,0.0,0.0,En curso
28.0,3.91,0.0,2.52,71.0,Hombre,Soltero,Urbana,Bogotá D.C.,Bachillerato,Tecnico,Privado,Tecnologico,Presencial,"Ingenieria, arquitectura, urbanismo y afines",6.0,4.0,2024,1.0,0.0,0.0,Graduado
22.0,2.73,3.0,3.94,27.0,Hombre,Soltero,Urbana,Cauca,Bachillerato,Posgrado,Privado,Universitario,Virtual,"Ingenieria, arquitectura, urbanismo y afines",7.0,3.0,2024,1.0,0.0,1.0,En curso
24.0,3.51,0.0,4.14,59.0,Mujer,Soltero,Urbana,Cundinamarca,Bachillerato,Universitario,Privado,Universitario,Presencial,Ciencias sociales y humanas,9.0,1.0,2025,0.0,0.0,1.0,En curso
15.0,3.86,0.0,11.52,74.0,Hombre,Soltero,Urbana,Risaralda,Bachillerato,Bachillerato,Publico,Universitario,Presencial,Ciencias sociales y humanas,11.0,2.0,2025,0.0,0.0,0.0,Graduado
17.0,4.12,0.0,1.54,85.0,Hombre,Soltero,Urbana,Sucre,Bachillerato,Bachillerato,Publico,Tecnico profesional,Presencial,Ciencias de la salud,9.0,2.0,2023,0.0,0.0,1.0,Graduado
22.0,2.35,2.0,19.43,43.0,Mujer,Soltero,Urbana,Magdalena,Bachillerato,Ninguno,Privado,Universitario,Presencial,"Economia, administracion, contaduria y afines",1.0,2.0,2021,0.0,0.0,0.0,Desertor
18.0,2.92,1.0,16.45,45.0,Mujer,Soltero,Rural,Caquetá,Primaria,Bachillerato,Privado,Universitario,Presencial,"Economia, administracion, contaduria y afines",5.0,3.0,2022,0.0,0.0,0.0,En curso
17.0,3.0,1.0,10.18,42.0,Hombre,Soltero,Urbana,Antioquia,Primaria,Bachillerato,Publico,Tecnologico,Presencial,"Ingenieria, arquitectura, urbanismo y afines",6.0,1.0,2022,0.0,0.0,0.0,En curso
27.0,2.82,1.0,3.31,56.0,Mujer,Soltero,Urbana,Antioquia,Bachillerato,Bachillerato,Publico,Universitario,Virtual,"Economia, administracion, contaduria y afines",7.0,2.0,2022,0.0,0.0,0.0,En curso
24.0,2.92,3.0,24.97,54.0,Mujer,Union libre,Urbana,Bogotá D.C.,Tecnico,Tecnico,Publico,Universitario,Presencial,Ciencias sociales y humanas,5.0,4.0,2024,1.0,0.0,0.0,En curso
22.0,3.13,2.0,5.63,47.0,Hombre,Soltero,Urbana,Caquetá,Primaria,Posgrado,Privado,Universitario,Presencial,Ciencias sociales y humanas,11.0,2.0,2024,1.0,1.0,1.0,Graduado
17.0,3.1,0.0,27.62,54.0,Mujer,Soltero,Urbana,Cesar,Bachillerato,Universitario,Privado,Tecnologico,Presencial,Ciencias sociales y humanas,6.0,3.0,2025,0.0,0.0,0.0,Desertor
15.0,2.28,3.0,21.18,46.0,Hombre,Soltero,Urbana,Cundinamarca,Tecnico,Bachillerato,Privado,Tecnologico,Distancia tradicional,Ciencias sociales y humanas,11.0,2.0,2021,1.0,0.0,0.0,Desertor
18.0,3.82,1.0,6.32,69.0,Hombre,Otro,Urbana,Huila,Bachillerato,Primaria,Privado,Tecnico profesional,Presencial,"Ingenieria, arquitectura, urbanismo y afines",11.0,4.0,2025,1.0,0.0,0.0,Graduado
24.0,3.78,0.0,7.95,66.0,Hombre,Soltero,Urbana,Bogotá D.C.,Primaria,Universitario,Publico,Tecnologico,Distancia tradicional,"Agronomia, veterinaria y afines",11.0,1.0,2023,0.0,0.0,0.0,Desertor
19.0,3.16,2.0,3.92,44.0,Hombre,Union libre,Urbana,Antioquia,Bachillerato,Primaria,Publico,Universitario,Presencial,"Ingenieria, arquitectura, urbanismo y afines",3.0,2.0,2022,1.0,0.0,0.0,Desertor
21.0,2.91,3.0,17.99,46.0,Mujer,Soltero,Urbana,Cauca,Bachillerato,Bachillerato,Privado,Universitario,Presencial,Ciencias sociales y humanas,6.0,3.0,2024,1.0,1.0,0.0,En curso
18.0,3.67,1.0,12.07,61.0,Hombre,Soltero,Urbana,Antioquia,Primaria,Universitario,Publico,Tecnologico,Presencial,"Economia, administracion, contaduria y afines",9.0,1.0,2024,0.0,0.0,0.0,Graduado
20.0,3.9,2.0,7.9,99.0,Mujer,Soltero,Urbana,Bogotá D.C.,Primaria,Ninguno,Privado,Universitario,Presencial,Ciencias sociales y humanas,9.0,2.0,2024,0.0,1.0,0.0,En curso
28.0,3.9,1.0,18.98,76.0,Hombre,Soltero,Urbana,Bogotá D.C.,Primaria,Bachillerato,Privado,Universitario,Presencial,"Economia, administracion, contaduria y afines",1.0,2.0,2025,1.0,1.0,0.0,En curso
19.0,3.88,0.0,8.5,90.0,Hombre,Soltero,Urbana,Atlántico,Bachillerato,Universitario,Publico,Tecnico profesional,Presencial,"Ingenieria, arquitectura, urbanismo y afines",5.0,3.0,2024,1.0,0.0,0.0,Graduado
23.0,2.55,2.0,14.55,30.0,Mujer,Union libre,Urbana,Antioquia,Primaria,Bachillerato,Privado,Tecnico profesional,Presencial,Ciencias sociales y humanas,5.0,3.0,2024,1.0,0.0,0.0,Graduado
21.0,2.76,3.0,7.52,43.0,Hombre,Soltero,Urbana,Cesar,Tecnico,Universitario,Privado,Universitario,Presencial,"Economia, administracion, contaduria y afines",3.0,2.0,2024,0.0,0.0,0.0,Desertor
15.0,2.58,2.0,3.27,33.0,Hombre,Soltero,Urbana,Valle del Cauca,Posgrado,Universitario,Publico,Tecnologico,Presencial,"Economia, administracion, contaduria y afines",4.0,3.0,2022,0.0,0.0,0.0,Graduado
20.0,3.84,0.0,15.86,74.0,Hombre,Soltero,Urbana,Valle del Cauca,Tecnico,Bachillerato,Publico,Tecnico profesional,Presencial,"Ingenieria, arquitectura, urbanismo y afines",8.0,1.0,2024,0.0,1.0,0.0,Graduado
22.0,3.57,1.0,5.55,54.0,Hombre,Soltero,Rural,Bolívar,Primaria,Universitario,Privado,Universitario,Presencial,"Ingenieria, arquitectura, urbanismo y afines",7.0,3.0,2023,0.0,0.0,0.0,En curso
21.0,2.29,2.0,11.39,41.0,Mujer,Soltero,Urbana,Santander,Universitario,Tecnico,Publico,Universitario,Presencial,"Ingenieria, arquitectura, urbanismo y afines",4.0,2.0,2023,0.0,0.0,0.0,Desertor
18.0,2.42,0.0,20.19,32.0,Mujer,Soltero,Rural,Norte de Santander,Universitario,Primaria,Privado,Universitario,Presencial,"Economia, administracion, contaduria y afines",7.0,3.0,2025,0.0,0.0,1.0,Desertor
22.0,2.78,2.0,8.03,42.0,Mujer,Union libre,Rural,Valle del Cauca,Ninguno,Primaria,Privado,Tecnologico,Distancia tradicional,Ciencias sociales y humanas,9.0,2.0,2022,0.0,0.0,0.0,Graduado
16.0,3.28,1.0,9.07,48.0,Hombre,Soltero,Urbana,Cundinamarca,Bachillerato,Bachillerato,Publico,Universitario,Presencial,"Ingenieria, arquitectura, urbanismo y afines",10.0,3.0,2024,0.0,0.0,0.0,En curso
19.0,4.08,0.0,14.62,82.0,Mujer,Soltero,Urbana,Antioquia,Primaria,Primaria,Privado,Tecnologico,Presencial,Ciencias sociales y humanas,7.0,2.0,2023,1.0,0.0,0.0,Graduado
15.0,4.5,0.0,30.49,73.0,Hombre,Soltero,Rural,Bogotá D.C.,Bachillerato,Bachillerato,Publico,Universitario,Presencial,Ciencias sociales y humanas,10.0,2.0,2021,1.0,1.0,0.0,Graduado
15.0,3.99,0.0,52.39,90.0,Mujer,Casado,Urbana,Nariño,Primaria,Bachillerato,Privado,Universitario,Distancia tradicional,"Economia, administracion, contaduria y afines",12.0,3.0,2022,0.0,0.0,0.0,Graduado
21.0,2.48,2.0,9.27,43.0,Mujer,Casado,Rural,Magdalena,Universitario,Primaria,Publico,Universitario,Presencial,"Economia, administracion, contaduria y afines",2.0,3.0,2023,1.0,0.0,0.0,Desertor
17.0,3.97,0.0,7.02,61.0,Hombre,Soltero,Urbana,Caldas,Primaria,Tecnico,Publico,Universitario,Presencial,Ciencias de la educacion,1.0,1.0,2025,0.0,0.0,0.0,En curso
18.0,4.64,1.0,7.92,76.0,Hombre,Soltero,Urbana,Bogotá D.C.,Universitario,Primaria,Publico,Universitario,Distancia tradicional,Ciencias de la salud,10.0,1.0,2021,1.0,0.0,0.0,Graduado
25.0,3.56,0.0,11.92,61.0,Hombre,Union libre,Urbana,Bogotá D.C.,Primaria,Primaria,Publico,Tecnologico,Presencial,Ciencias de la salud,10.0,4.0,2024,1.0,0.0,0.0,Graduado
21.0,2.98,0.0,3.24,41.0,Mujer,Soltero,Urbana,Cesar,Primaria,Tecnico,Privado,Universitario,Presencial,"Ingenieria, arquitectura, urbanismo y afines",7.0,2.0,2023,0.0,1.0,0.0,Desertor
19.0,1.86,1.0,7.49,11.0,Mujer,Soltero,Urbana,Valle del Cauca,Bachillerato,Primaria,Publico,Universitario,Virtual,"Ingenieria, arquitectura, urbanismo y afines",12.0,1.0,2025,0.0,1.0,1.0,Graduado
22.0,3.84,0.0,16.62,51.0,Hombre,Soltero,Rural,Bolívar,Bachillerato,Primaria,Publico,Universitario,Virtual,Matematicas y ciencias naturales,6.0,1.0,2024,0.0,0.0,1.0,Desertor
25.0,3.05,2.0,2.41,46.0,Hombre,Soltero,Urbana,Cundinamarca,Ninguno,Bachillerato,Privado,Tecnologico,Distancia tradicional,Ciencias sociales y humanas,3.0,1.0,2025,0.0,0.0,1.0,Desertor
20.0,4.78,0.0,1.77,95.0,Hombre,Casado,Urbana,Córdoba,Bachillerato,Bachillerato,Privado,Universitario,Presencial,"Ingenieria, arquitectura, urbanismo y afines",1.0,2.0,2023,0.0,1.0,1.0,En curso
22.0,4.23,0.0,6.79,69.0,Mujer,Casado,Rural,Cundinamarca,Bachillerato,Bachillerato,Publico,Universitario,Presencial,"Economia, administracion, contaduria y afines",8.0,2.0,2025,1.0,0.0,1.0,En curso
15.0,2.39,2.0,17.83,32.0,Mujer,Soltero,Urbana,Bogotá D.C.,Primaria,Bachillerato,Publico,Universitario,Presencial,"Ingenieria, arquitectura, urbanismo y afines",4.0,2.0,2024,1.0,0.0,0.0,Desertor
20.0,2.96,1.0,8.25,65.0,Hombre,Soltero,Urbana,Meta,Primaria,Tecnico,Publico,Universitario,Distancia tradicional,"Economia, administracion, contaduria y afines",11.0,4.0,2023,1.0,0.0,0.0,Graduado
21.0,3.59,1.0,6.78,72.0,Mujer,Soltero,Urbana,Cundinamarca,Posgrado,Universitario,Publico,Universitario,Presencial,Ciencias de la salud,5.0,2.0,2025,0.0,0.0,0.0,En curso
22.0,3.57,4.0,6.25,56.0,Mujer,Casado,Urbana,Cauca,Bachillerato,Ninguno,Privado,Universitario,Presencial,"Economia, administracion, contaduria y afines",8.0,3.0,2023,1.0,1.0,0.0,En curso
24.0,3.88,2.0,10.51,60.0,Mujer,Otro,Urbana,Tolima,Bachillerato,Universitario,Privado,Universitario,Presencial,Ciencias sociales y humanas,10.0,2.0,2024,0.0,0.0,1.0,En curso
22.0,4.54,0.0,15.56,86.0,Mujer,Soltero,Urbana,Atlántico,Primaria,Tecnico,Privado,Universitario,Presencial,"Economia, administracion, contaduria y afines",7.0,2.0,2024,0.0,0.0,0.0,En curso
24.0,2.6,1.0,4.55,51.0,Hombre,Soltero,Rural,Bogotá D.C.,Bachillerato,Primaria,Privado,Tecnologico,Distancia tradicional,"Economia, administracion, contaduria y afines",8.0,1.0,2021,1.0,0.0,1.0,Desertor
21.0,2.3,4.0,16.2,31.0,Hombre,Soltero,Urbana,Antioquia,Primaria,Bachillerato,Publico,Universitario,Presencial,Ciencias sociales y humanas,5.0,1.0,2021,1.0,1.0,0.0,Desertor
15.0,3.77,1.0,1.59,53.0,Mujer,Casado,Urbana,Huila,Ninguno,Bachillerato,Privado,Tecnologico,Virtual,"Economia, administracion, contaduria y afines",3.0,1.0,2023,0.0,0.0,1.0,En curso
21.0,3.82,0.0,1.26,86.0,Mujer,Soltero,Rural,Nariño,Primaria,Primaria,Privado,Universitario,Presencial,"Ingenieria, arquitectura, urbanismo y afines",3.0,4.0,2023,0.0,0.0,0.0,En curso
17.0,2.88,3.0,52.24,30.0,Mujer,Union libre,Rural,Cauca,Bachillerato,Primaria,Privado,Universitario,Presencial,Ciencias de la salud,11.0,3.0,2023,1.0,0.0,1.0,Desertor
22.0,2.65,0.0,11.46,29.0,Mujer,Soltero,Urbana,Antioquia,Tecnico,Bachillerato,Publico,Universitario,Distancia tradicional,Ciencias de la salud,6.0,1.0,2024,0.0,0.0,0.0,Desertor
24.0,3.83,1.0,3.94,69.0,Hombre,Soltero,Urbana,Huila,Primaria,Universitario,Privado,Universitario,Presencial,Matematicas y ciencias naturales,4.0,2.0,2023,0.0,1.0,0.0,En curso
27.0,3.51,0.0,13.9,63.0,Mujer,Soltero,Urbana,Antioquia,Primaria,Primaria,Privado,Tecnologico,Presencial,"Ingenieria, arquitectura, urbanismo y afines",9.0,3.0,2022,0.0,1.0,0.0,Graduado
15.0,3.57,1.0,16.1,56.0,Hombre,Casado,Urbana,Atlántico,Posgrado,Primaria,Privado,Universitario,Presencial,"Ingenieria, arquitectura, urbanismo y afines",11.0,1.0,2025,0.0,1.0,0.0,Graduado
24.0,3.2,5.0,16.01,65.0,Mujer,Soltero,Urbana,Valle del Cauca,Bachillerato,Tecnico,Privado,Tecnologico,Presencial,"Economia, administracion, contaduria y afines",9.0,2.0,2024,0.0,0.0,0.0,Graduado
18.0,3.87,0.0,4.78,67.0,Hombre,Soltero,Urbana,Santander,Universitario,Primaria,Publico,Universitario,Presencial,"Economia, administracion, contaduria y afines",5.0,3.0,2024,1.0,0.0,0.0,En curso
22.0,3.19,0.0,17.26,44.0,Mujer,Union libre,Urbana,Tolima,Bachillerato,Tecnico,Publico,Universitario,Presencial,Ciencias sociales y humanas,4.0,2.0,2021,0.0,0.0,0.0,En curso
19.0,3.46,0.0,5.9,52.0,Mujer,Soltero,Rural,Tolima,Universitario,Tecnico,Privado,Universitario,Presencial,Ciencias de la salud,2.0,2.0,2023,0.0,0.0,1.0,En curso
23.0,3.53,1.0,27.47,53.0,Hombre,Soltero,Urbana,Bogotá D.C.,Tecnico,Bachillerato,Publico,Universitario,Virtual,"Ingenieria, arquitectura, urbanismo y afines",9.0,4.0,2021,0.0,0.0,0.0,En curso
17.0,2.91,1.0,4.08,20.0,Hombre,Soltero,Urbana,La Guajira,Primaria,Bachillerato,Publico,Universitario,Virtual,"Economia, administracion, contaduria y afines",3.0,2.0,2024,0.0,0.0,0.0,Desertor
